case_id,coronary_support,coronary_support_point_count,coronary_plane_centroid_x,coronary_plane_centroid_y,coronary_plane_centroid_z,coronary_plane_normal_x,coronary_plane_normal_y,coronary_plane_normal_z,coronary_plane_rmse,crown_ellipse_center_2d_u,crown_ellipse_center_2d_v,crown_ellipse_center_3d_x,crown_ellipse_center_3d_y,crown_ellipse_center_3d_z,crown_a,crown_b,crown_axis_ratio,crown_tilt_deg,crown_eccentricity,crown_fit_rmse,crown_fit_max_error,lad_plane_centroid_x,lad_plane_centroid_y,lad_plane_centroid_z,lad_plane_normal_x,lad_plane_normal_y,lad_plane_normal_z,lad_plane_rmse,lad_ellipse_center_2d_u,lad_ellipse_center_2d_v,lad_ellipse_center_3d_x,lad_ellipse_center_3d_y,lad_ellipse_center_3d_z,lad_a,lad_b,lad_axis_ratio,lad_tilt_deg,lad_eccentricity,lad_fit_rmse,lad_fit_max_error,plane_angle_deg,bifurcation_crown_theta_rad,bifurcation_crown_theta_deg,lcx_terminal_theta_rad,lcx_terminal_theta_deg,rca_start_theta_rad,rca_start_theta_deg,rca_terminal_theta_rad,rca_terminal_theta_deg,bifurcation_lad_theta_rad,bifurcation_lad_theta_deg,lad_terminal_theta_rad,lad_terminal_theta_deg,lcx_theta_start_rad,lcx_theta_end_rad,lcx_signed_angular_extent_deg,lcx_angular_extent_deg,lad_theta_start_rad,lad_theta_end_rad,lad_signed_angular_extent_deg,lad_angular_extent_deg,lcx_residual_mean,lcx_residual_std,lcx_residual_rmse,lcx_residual_p95,lcx_residual_max,lad_residual_mean,lad_residual_std,lad_residual_rmse,lad_residual_p95,lad_residual_max,max_source_coordinate_change,max_segment_length_change,source_hashes
1.label,inferred_RCA_candidate_plus_LCX_not_ground_truth_RCA,567,-56.58837804508377,206.35919415509258,98.80008894636097,-0.00029710035332179593,0.6992855786272104,0.7148423541280886,11.697850410533695,20.19531337595286,6.409452362066355,-36.39306556043715,210.94513811042594,94.3223402240055,54.286320833232004,47.397965026776205,1.1453302014667592,-60.03635931101673,0.4875220895255458,13.846560334742954,31.073188124083753,-29.76895694401365,183.43025211305832,62.456204236884865,-0.08684370467697264,-0.0353421889322787,0.9955948476360522,3.2136203495786875,19.014851231733218,486.3804319553645,-10.825944796780373,669.4459351016338,81.36142405549913,509.9084882123958,133.43539308714904,3.821388586754981,85.42573906001371,0.9651533405011292,4.339661752471518,15.600629573303376,46.6065154702817,1.2892423874569092,73.86814757065092,2.0576555634448046,117.8949794770007,-1.5511628256650376,-88.87508324819375,-2.7654806625004023,-158.4503702863159,-2.6584173427941256,-152.31609392648642,2.7993923772925955,160.39336841995993,1.2892423874569092,2.0576555634448046,44.02683190634978,44.02683190634978,-2.6584173427941256,-3.4837929298869907,-47.29053765355368,47.29053765355368,4.555424881220508,2.8048641501679983,5.342875042753701,9.882276498888622,10.617462807717535,3.3942119183156145,2.7074302591632824,4.339661752471518,8.698461956935038,15.600629573303376,0.0,0.0,"{""lad"": ""01074e619f977e5bf0125fa101cab7170aa4855effa130f1161acc7e876ac663"", ""lcx"": ""fbd5a56278453f387a998ab217843a223b9b1b628ea1787a73023e6584f0a2d9"", ""lmca"": ""a39087f76d35a2aa74231d143f2f99d13c655f5ae8c6a79ef235fea210f2ada7"", ""rca"": ""c29248899c374c3a0d69f734ad5e60d7219cdf0212bb769da27ef0a24986a534""}"
2.label,inferred_RCA_candidate_plus_LCX_not_ground_truth_RCA,549,-33.76847464139344,171.3637188353825,-236.68659981482668,0.51596977572346,-0.8294701415519804,0.21390295653314392,6.9392524994708875,-6.332148150601613,5.273185820456059,-39.1926357345965,169.51678930810579,-230.76461394398217,52.06008229125159,35.796009166173704,1.454354368096626,8.223436025572063,0.7260988486374469,8.211062271128124,24.737014503645483,-71.90303506228523,206.6917351267182,-228.92627645276255,-0.9275003984174931,-0.29992367339966675,0.22313404283040658,3.6319500500656177,19.3314062146471,-24.69034227590508,-64.6765269414729,177.56865341306386,-238.03341430264098,62.084193285081284,38.68430127944455,1.6048937484123722,3.4894627008929286,0.782146793927549,3.727054825098902,8.34289663630967,79.51049547241932,1.623343878422835,93.01075293202666,2.6219635891326827,150.22744769427615,0.5870664903011555,33.63643218781409,-2.458244779858675,-140.84705089596824,0.7990038973644564,45.77955113348735,-2.809638362509732,-160.98042012985528,1.623343878422835,2.6219635891326827,57.216694762249496,57.216694762249496,0.7990038973644564,3.473546944669854,153.24002873665737,153.24002873665737,4.243516581572452,2.2637692049813527,4.804505988275426,8.43843115260108,9.107389365120287,3.3718326577788,1.5907160818580652,3.727054825098902,5.975641944127503,8.34289663630967,0.0,0.0,"{""lad"": ""5b464d590aaab33643f93c51a9600f6444eb245303d8cb490a7281bba1044c4b"", ""lcx"": ""fd825378531f9d9b89809dc5564070b0b1b1eecb133a7f4a21b51e697b2741ac"", ""lmca"": ""a16bd32d233af4c09b522fc4a2d48686869f88f209e37d99612704c8198e2259"", ""rca"": ""9e277d290f4855371f8c4a729f28c9793eb29713a3f27d047f0493e5acf75238""}"
3.label,inferred_RCA_candidate_plus_LCX_not_ground_truth_RCA,445,-38.984890712780896,219.37615212429776,135.8567385212759,-0.029208654455988158,0.6750708156385302,0.7371745033423228,10.096236883453134,360.8702982685559,-447.01466596147486,321.7314372743579,-103.17367443660615,445.52563244846914,613.2520962701201,89.01363097989292,6.889417828699137,-51.89747334373747,0.9894096397709563,11.573699335807234,26.80200955690213,-8.225524628643498,195.64889731642376,101.1159162307534,-0.28875735972902694,-0.29409377115120344,0.9111136268174157,3.3047029124845753,-13.26606116155275,294.6795250036174,-20.926482257090246,477.25789739666425,187.9897764202671,307.63982760080944,78.18091581820062,3.9349734443656965,-88.96957270212006,0.9671697222433884,3.4208402540702822,10.652088760929002,61.21332731364583,2.659895849251045,152.40080610645074,2.8043105328154225,160.67515797440686,-2.6376489835726074,-151.1261545956818,-3.130855583729231,-179.38481121265266,0.5053930301176655,28.956887621070333,-0.3669469883835254,-21.02451373941205,2.6598958492510447,2.8043105328154225,8.274351867956145,8.274351867956145,0.5053930301176655,-0.3669469883835254,-49.98140136048239,49.98140136048239,6.752175940016618,3.3453282132658644,7.529265608651658,11.884197030635683,12.34527519482015,2.871008977825342,1.86414554849287,3.4208402540702822,5.76961607482759,10.652088760929002,0.0,0.0,"{""lad"": ""af57ff9a537b1af68e7e0c78bc4657ff963a22c09be9a211944fc3d543ec800e"", ""lcx"": ""e071369345d5d35e905e85dd06e05b2e6e9f03017b3a40ab31d97208fa0ad15d"", ""lmca"": ""944e6a4e094e128915f73dabb840be1699c29ff7a3efeac2df94cc654c4fb31d"", ""rca"": ""73cf33d5265e3d3608a8c0bbd70f5a796944a8790f971441e83224ca8f9907dd""}"
4.label,inferred_RCA_candidate_plus_LCX_not_ground_truth_RCA,729,-27.6511876821845,183.01619968492798,481.91366104105043,-0.29223301489721054,0.947485548164935,0.12988841758478564,12.671118661038635,-5.725984311275365,-9.159025641008427,-33.12721644033021,180.11442970987568,490.7605524203694,57.32807499079332,35.8147350500864,1.600684045564509,12.433760007917048,0.7808385188688601,13.191084158337668,26.528035882369917,-57.76863960597826,192.2850288722826,513.4608817722486,-0.9657791071953677,-0.23603131811133313,0.10751712875419027,1.5547747183330496,302.75399117431203,-356.4445745275035,20.755448653998933,-221.56227650569198,310.2932434131901,484.45241703573777,141.12531931849733,3.4327817246060994,-45.85913396057177,0.95662903071172,1.742393293386316,5.157447273478257,85.83887491846197,-1.9495509935337432,-111.70104387501993,2.712640848955715,155.4228719799471,-1.000107860642427,-57.301959472668955,1.7563162693133825,100.62950972181888,2.6939092661766497,154.34963134310672,-3.0591434494744596,-175.27600857997874,-1.9495509935337432,-3.570544458223872,-92.87608414503302,92.87608414503302,2.6939092661766497,3.2240418577051266,30.37436007691455,30.37436007691455,11.386636737455598,6.775383742541626,13.241334293080854,24.274350248480587,26.528035882369917,1.5542530562150116,0.789265647298597,1.742393293386316,2.8230760917759676,5.157447273478257,0.0,0.0,"{""lad"": ""339e305a5b2de2ded43524a0f79b756370e1ebc3824fbf1e17fda38b2dc13eb2"", ""lcx"": ""45473d083b1940b7dc6982257252bdef09e3c9b501b123a5879709c33fd3b16e"", ""lmca"": ""1f69bab6c0b8857b98aab208eaf36919eb95a1a67bea2820c7f7e23474f5be32"", ""rca"": ""7594caff4202008e14c02d62bcae06236ced4539e69635e8403cfdd6daee026b""}"
5.label,inferred_RCA_candidate_plus_LCX_not_ground_truth_RCA,512,-13.993255615234375,169.0871353149414,110.74687576293945,0.5853207043734349,-0.7411917124637406,0.3286860483909442,2.7931394307077952,-9.318431140895543,-1.3970257251893095,-21.548657013395104,163.53480094776,111.68086323188082,59.607362363749495,36.49996290333936,1.633080080700467,7.320374426189626,0.7905946602663283,3.6112499499132866,11.2992009409222,-62.31113086586379,205.70812785506644,114.98986787257401,-0.9295365551492005,-0.3660483552158801,0.044389123500091617,2.061581725860092,56.83200830364573,-16.110892673762923,-41.35546600528335,151.3253993678756,105.35571076825588,81.28275763499775,48.7960869402788,1.6657638497627725,3.9555190720651856,0.7997560040199833,2.124125467491241,5.089324751681818,75.03820541361937,1.8948511932942849,108.56697618109028,2.716725419380536,155.6569006264133,1.2058836220051603,69.09204212484477,-1.9737841835241698,-113.08950338561004,1.6646307378350655,95.37631572569747,-2.481891229410285,-142.2018926557445,1.8948511932942849,2.716725419380536,47.089924445323014,47.089924445323014,1.6646307378350655,3.801294077769301,122.42179161855805,122.42179161855805,4.44678434034407,2.29535205179794,5.000740718894649,8.126063771926706,11.2992009409222,1.8420893522412367,1.059407636089319,2.124125467491241,4.305051659433613,5.089324751681818,0.0,0.0,"{""lad"": ""16b8f09f484c7b4e3a8023327d2f10d357666bbdb3fd4b903aa9d337ca1f4174"", ""lcx"": ""bfb0c11fa329049d8c225592bb812949d1ffba02739ae2cef279fe721afd9dd2"", ""lmca"": ""e299c02863314a3a1ff6b4e1d19ce041afaa618e85c9f7938bda905ca5fb8118"", ""rca"": ""7ca34b45d9841a33fa3b0f56ddbd87d7e95359f98bd3fac5babd2f73566f92de""}"
6.label,inferred_RCA_candidate_plus_LCX_not_ground_truth_RCA,372,-15.476541498655914,184.79757854502688,-246.59703080372145,0.5188873975727252,-0.8515893314174396,0.07450824958488012,2.4138727938401128,-9.858492621553978,-1.5981641204814072,-23.904000951037528,179.56230248065395,-247.7432493838779,56.09980077779285,33.49689960738342,1.6747759176323076,-14.333970560122902,0.8021706762351806,3.046742770806531,11.38397574170327,-53.18791940144985,219.78662874706112,-244.7443451597399,-0.9547879116967221,-0.021523641673504734,0.29650763316805734,2.7266968392496764,-4.830226379557027,-20.029938619779493,-54.62388683746921,200.14315259198935,-250.7942517753598,49.88859032568712,33.319459321086974,1.4972809085804701,-34.550095851672786,0.7442713552191089,3.0684346154451183,7.485008419919976,62.934689604465945,1.922355627361359,110.14286417102946,-2.883589211487152,-165.21749166767077,-1.2766619451448409,-73.1473413217616,1.0730617982365351,61.481912195672145,0.3229235784264163,18.502158149095493,-2.6707354208536946,-153.0218678110124,1.922355627361359,3.3995960956924343,84.63964416129977,84.63964416129977,0.3229235784264163,3.6124498863258916,188.4759740398921,188.4759740398921,3.1294704860601255,2.165256838101724,3.8011408918646574,8.426770308534083,11.38397574170327,2.781735265880682,1.29711766587506,3.0684346154451183,4.771507719725939,7.485008419919976,0.0,0.0,"{""lad"": ""3d9fbc7702c5e07d51465bca316154843c8e967b682536d3360fb9a7abfad3b6"", ""lcx"": ""8b00b0033e883dab16e4faa5e6bf14b6b54fbc7b55e31842ed6a9731fbfd59aa"", ""lmca"": ""68a5ca8c27f2fa8428d209eb864a7639b689c6141338a306ab8f4b1b3f15be2e"", ""rca"": ""f106e1cac406a316ab0638abac1a31a9ce614e7ccaa70503a11d4f0be21b330d""}"
7.label,inferred_RCA_candidate_plus_LCX_not_ground_truth_RCA,442,-32.37789875565611,187.74908088235293,-226.78641313233527,-0.10260426868271996,0.4658762462477373,0.8788809289262123,5.053579171580244,13.412849675804633,-6.871129386731146,-19.035838683832715,182.3226833327852,-222.3523858265066,56.93443976787066,34.571247356012336,1.6468725927521126,-54.26308552071995,0.794540230301935,6.067295986239333,13.744008286191924,-17.274870986238533,159.67553038990826,-269.3160428388403,-0.08263573100238718,-0.36968534072413833,0.9254750589915316,6.418015364670237,-50.615259594828856,427.7571543756659,-67.71701724010947,558.4642943769261,-114.52198861701655,450.33438194791444,116.92476688939188,3.851488388032626,-85.48705054090544,0.9657055091521132,7.222501851391888,20.980425097550217,49.486021984434466,1.357545833961645,77.78164678156988,2.349949133454249,134.64216741735353,-1.0042263017197004,-57.53792876457004,-3.0545044661091434,-175.01021441191472,0.5265734920612398,30.170438698574603,-0.32744537876861296,-18.761238224504176,1.3575458339616449,2.349949133454249,56.86052063578365,56.86052063578365,0.5265734920612397,-0.32744537876861296,-48.93167692307877,48.93167692307877,4.869073221334239,2.032938661004486,5.273852851560638,7.6704911869369425,8.211804105327486,6.1704586749330845,3.757973320317778,7.222501851391888,11.550773212795821,20.980425097550217,0.0,0.0,"{""lad"": ""a850b1999f53b3e0d7960d8ad1cc1b2d0682cd9da003f67cddf96ba9a7439a39"", ""lcx"": ""eaf3cc3adc381d152813940df9c7cfde16eac946b3e6f529c8fb49ea1e3be547"", ""lmca"": ""f5b47bce89973357779828e91178fc57d33a4ea36594c22ecba9fe7d23f7d1e8"", ""rca"": ""0c2694de1f827ac7b521c1928e165e57b1ea9edb3f13499316854c4831f8bfc7""}"
8.label,inferred_RCA_candidate_plus_LCX_not_ground_truth_RCA,504,-58.65137493799603,150.76870969742063,93.84583409627278,0.6838471834924114,0.6944917902719547,0.22368321992127968,9.97883180587261,14.837897000848209,-8.049677815449016,-47.82527038329039,138.64264292159135,98.39714874799954,50.823045346692055,34.63318409616703,1.4674667280250682,-71.95319711867725,0.7318679721346575,10.650225927350105,28.55122403207937,-31.17354016426282,129.36817658253204,68.14551358345227,-0.11650848327168657,0.3826871611373351,0.9165022149598868,1.0039944200450235,-80.2536894097011,195.02635549977424,-110.88067759580484,305.7331472129848,-15.628607601922845,222.880468447915,44.415233570139556,5.018108665261145,-64.83380278705478,0.9799429433272404,1.2543760056449922,2.8621484024040726,66.97671059775183,1.731671134670757,99.21744752126477,1.401083765799816,80.27618652462533,2.700891367279775,154.74967626844943,-2.008904233962368,-115.10173405200538,0.18396534733161793,10.540437978759988,-0.5746802318488405,-32.926751854538196,1.731671134670757,1.401083765799816,-18.941260996639443,18.941260996639443,0.18396534733161782,-0.5746802318488401,-43.46718983329816,43.46718983329816,7.796035180272828,4.287090064383546,8.887005541120951,15.762526229316247,17.9984265098522,1.1332679864490267,0.5394704821409426,1.2543760056449922,2.0934425709977456,2.8621484024040726,0.0,0.0,"{""lad"": ""f96239073cb084aa1f371300408c8869082291427a2ed7ca8042dd68cd61fe26"", ""lcx"": ""fa94bf65eaf5438f9eb57c2f5ff68aad20da766626eacfef19bb127e6a8da7d1"", ""lmca"": ""b5fa18d5e58c591df860792f3beb40dba190e0f8440a22b75ace1086b95178e4"", ""rca"": ""3f1671a173fa95dac823705511d0fe409376b8e960cffd3b7922f52c5aeb03c3""}"
9.label,inferred_RCA_candidate_plus_LCX_not_ground_truth_RCA,540,-34.6322337962963,194.39641203703704,21.86203779997649,0.7635076424077747,-0.6193093177462169,0.18306296440743294,16.92884745220409,347.67181458665254,-482.06729685430764,189.8938041398089,312.3078189531685,-515.6782190758857,640.6388016902556,91.72329364348028,6.984472277896581,-52.97963677245302,0.9896974254414096,17.488122756151576,42.59370095809329,-18.973377786624205,193.87634355095543,-15.057961020500038,-0.3400162172254693,-0.07422757738376051,0.9374855939050053,4.634236161574856,-96.06703935554964,385.70712617728833,-109.31670185249911,580.9583233748638,-17.176433775843904,412.19015178392044,116.21529818172296,3.5467804861575885,-74.24788420053746,0.9594303225652363,6.461594670524178,15.37441877728888,87.59193686202053,2.6463406548964366,151.6241506794521,2.6036605171269502,149.17875891622364,-2.7101270729952383,-155.27884322677033,2.7188829978599642,155.7805207672528,0.3159374501805853,18.101882485472245,-0.42437298165784765,-24.314780788377366,2.6463406548964366,2.6036605171269502,-2.445391763228465,2.445391763228465,0.3159374501805853,-0.4243729816578477,-42.41666327384962,42.41666327384962,14.683832383268275,8.247049247743764,16.827723736600138,26.549200957697735,28.323263850846228,5.6489266461973875,3.1421771097948024,6.461594670524178,10.255494216727971,15.37441877728888,0.0,0.0,"{""lad"": ""2d1bec61371baa3cd32a924794e5c9c53e1138db694e8ae93c6fe42d4cca405c"", ""lcx"": ""833bcc7d31b1b7bea925c09cd644f25ae9f4ba1fbed4e896fc638b8d89d39f25"", ""lmca"": ""5963f5083f38b1db36a79c0fbf062cf5f49564eeb180b4fa8f19e0149ebb723d"", ""rca"": ""00b7a063287bd285c04d909b0eb9205cc6f97c868b3572ac05b8a6951f3f0ad8""}"
10.label,inferred_RCA_candidate_plus_LCX_not_ground_truth_RCA,507,-16.926151072485208,171.49188701923077,72.58017732405804,0.5399563269837341,-0.8130574684503581,0.21768031134516952,4.576294718937112,-3.3178819985962864,5.739428473734361,-19.71878924122734,171.24566765010428,78.5876666700722,51.15986934063444,38.122687071943986,1.341979626044908,-4.471827809258094,0.6668770171817714,6.167974563783731,18.50890303055951,-52.58958619505494,199.61495535714286,103.86758222684756,0.5626430345601809,0.5526747877759922,0.6148035414810759,1.1427019132258331,300.5867862992561,196.72961087098332,195.90549652375333,232.85556355694172,-153.42643581912895,367.2031457042746,114.78305890364605,3.1991057671021044,35.31203919968442,0.9498890185008904,1.5253891709256917,3.647059849569377,89.32830211396451,2.072831763626039,118.76451169643111,-2.880935461133618,-165.0654429725319,1.150711854045349,65.93093267247248,-1.9508647358526154,-111.77631576525904,-2.9574382608057874,-169.44873051468204,2.7333573436444305,156.60983969191568,2.0728317636260396,3.4022498460459683,76.17004533103693,76.17004533103693,-2.9574382608057874,-3.5498279635351557,-33.94142979340227,33.94142979340227,4.671189652956756,1.9788090661615412,5.070355592563944,6.909024407077763,7.444484314430315,1.3860796525564036,0.6386205271250911,1.5253891709256917,2.339130999776756,3.647059849569377,0.0,0.0,"{""lad"": ""a82758dc8b0fff57a7500cc44a06465ba144d4945c46824b6cbea604e0735049"", ""lcx"": ""0ca9072a648f3e3884c654a0717d6f4e16e92c0d819e5d83950178f0394b1964"", ""lmca"": ""1908da04d90a167f3a79221e883973370ebca23b73741e05425181df9493a037"", ""rca"": ""94ed4c6ad4abf52a33eb563e7920435cbf0d038f8cd6e528e591b8b45a352a3d""}"
11.label,inferred_RCA_candidate_plus_LCX_not_ground_truth_RCA,427,-16.11703426888173,146.29333238802693,108.8223661025179,0.5984850606468378,-0.621792450177522,0.5051631232431606,4.641599807228164,8.045311091810715,6.464499824478384,-9.671662282662396,154.10670305589133,110.80357969789537,45.55899738093888,34.4268293283484,1.3233573427984497,6.614099481242727,0.6549712513362844,5.247376097086557,17.90053109750841,-54.755627818943296,175.1049552996134,120.54793890726936,-0.7054226758080486,0.25911390098952497,0.659726333239627,0.44477512567269617,-34.67087391612563,-167.39692133587434,-79.32988854481853,10.353788111091916,158.97914225342188,173.05805134996896,80.75584237906834,2.1429787152443236,79.26542057787653,0.8844472459298224,1.0665205414443946,2.1311308311674044,75.52067792693036,2.020766441662296,115.78138848891885,-2.9757835799283927,-170.49983987422797,0.008735596988623796,0.5005128389753349,-2.0296756318025606,-116.29184748283558,-0.2848506789031127,-16.32074169258456,0.2192605497066678,12.562704111910465,2.020766441662296,3.3074017272511935,73.71877163685318,73.71877163685318,-0.2848506789031128,0.21926054970666775,28.88344580449502,28.88344580449502,5.952717330478579,3.535028788503707,6.918749949657343,13.555317432228001,17.90053109750841,0.952535652607792,0.4822231923589203,1.0665205414443946,1.6422865440130783,2.1311308311674044,0.0,0.0,"{""lad"": ""0a6a69368d2a388e66430d6d8b09d2d361f0ff928716f34e9fad5f5e1a2fa2ba"", ""lcx"": ""45fdd5e85de1ce7f7a862015a34c1352d2f39263e53beae3ec17292077493906"", ""lmca"": ""05fa024921ed0ae5dbca29f6e423af73839f74a060b110c17728acf52a3e15d1"", ""rca"": ""9c6340198be7ede6adb8a00452bd6ce485858f2483a12ce2a3aa94e340edc0b8""}"
12.label,inferred_RCA_candidate_plus_LCX_not_ground_truth_RCA,303,-38.576755234117165,185.10241658931517,-258.97077987217665,-0.10751318117158364,0.6307042263264051,0.7685395856872808,4.6880305540139995,409.19931323425186,-242.67048656717787,368.25069930650767,25.422384989607792,-71.01665583536138,509.22781827367334,73.9113394539892,6.889711673953284,-30.928681907943083,0.9894105479406101,6.708779668670462,17.082135314481338,-24.27378878147482,172.07308762365108,-306.22264966347234,-0.162597645459985,-0.6059922227091277,0.7786754341231783,2.799572754601513,-198.23504235860432,361.34016112385956,-219.87080988925226,477.0307062286456,-109.73728061918743,424.6276149649565,121.00765551081255,3.5090971159838245,-60.0489230828595,0.9585353689131028,3.0435593549588447,9.221236507231175,76.48367365759738,2.6332078563641037,150.87169675035383,2.725762339107414,156.17467798656193,-2.6591072722938485,-152.3556239749821,-3.141414446111901,-179.9897894636391,0.3394329170523833,19.448073574915714,-0.4141656385965674,-23.729943110923866,2.6332078563641037,2.725762339107414,5.302981236208099,5.302981236208099,0.3394329170523835,-0.4141656385965674,-43.17801668583959,43.17801668583959,4.992876898711227,2.6951269895980063,5.66656748503428,11.413733232045734,12.903358235219113,2.5564683424289996,1.654560526952536,3.0435593549588447,5.083497493484809,9.221236507231175,0.0,0.0,"{""lad"": ""29e0cfe66c476a75b7af9f8b4e5c8616366e491aebf9d3013850608ce500f825"", ""lcx"": ""4280a2939a23312a301f98df2231fa342257d531e01f71316659fb3d97d7cbb3"", ""lmca"": ""aa77a87c6f56b425f5ca3aefc5beb989ee7961674e9446d9fb0912cdc4fed4df"", ""rca"": ""4c33c34b26d27583de8dc3a673f5e5fdb1d6d8f1a2393b61dc87409a7c41b7b3""}"
13.label,inferred_RCA_candidate_plus_LCX_not_ground_truth_RCA,449,-14.486684820434299,160.7281154301225,282.21280318432235,0.6595602853560955,-0.7044599671919816,0.26213810216154826,3.9425124312809636,-15.010216296460648,6.124304505085167,-25.76913893644816,153.58539126647668,291.40526855437685,53.27246040526982,32.194816272100525,1.6546906171176017,-2.529894978291124,0.7967245719521728,4.981181358035692,11.597190932424125,-51.578153935185185,167.6431568287037,303.96295991120513,-0.9933380744532998,-0.050204520500717345,0.10372548367061948,4.100701897068252,-6.266933100882458,23.627162621835463,-53.719060238223726,161.38412659400404,280.43088977761255,46.606846167578084,25.59868433240232,1.820673498777593,63.82481375968859,0.8356598623154768,4.244567542779607,9.485987970065421,53.657639252454615,2.5725871577226838,147.39838656706604,-2.6526482265735942,-151.9855479155295,-1.695588809477882,-97.15008257269447,1.1990101194425713,68.69821943753607,2.8005159333996423,160.45774344293986,-0.7895614399715574,-45.23853817664214,2.5725871577226838,3.630537080605992,60.61606551740448,60.61606551740448,2.8005159333996423,5.493623867208028,154.303718380418,154.303718380418,3.697272549309903,0.6619752148097319,3.755355036486059,5.097757032018228,5.429279033660427,3.692449763090826,2.0972503334159027,4.244567542779607,8.234728137471022,9.485987970065421,0.0,0.0,"{""lad"": ""5bf8aa67b5c1cded724e6cc5e720176dc85fce9746c6d33a94fe9cd09e04200b"", ""lcx"": ""f3f906a42edb46e1b2093b9c9df1d6deefa34a7ea43fac91330affba7144e362"", ""lmca"": ""956b3e689874a92c1c2a85541e9cd2baf383d0c024481aa6ba97dd7ff33431ab"", ""rca"": ""49b772f3dbd509a98685380ef0a409977ab23398fddc0038ea3cdb45f0f752f2""}"
14.label,inferred_RCA_candidate_plus_LCX_not_ground_truth_RCA,619,-24.593082655997577,161.80696404230613,71.6995959320438,0.18076046115606478,0.9800379965980257,0.08277186059751852,17.908284804144632,-1.622014754702895,-9.541540225909358,-26.188378205686906,161.29612132239185,81.23196151314549,47.76478698314216,40.38853024870554,1.1826324624593891,-33.8234065778726,0.5338625992348033,20.625965676785597,39.0800214427802,4.597407560170807,189.82452809588509,74.87546564777445,-0.06676187766906523,0.959795344304095,0.2726458302308781,0.8327653461461514,241.33366370422902,-190.1104244992965,245.39264066245872,153.37450688247077,262.15323370625254,319.1319608393007,74.4944647877611,4.283968772022532,-41.14268817519488,0.9723739915635452,2.380324684179406,4.862656469385851,17.985367953705893,0.043653452104861476,2.5011585667850427,1.9784124765824065,113.3546850441967,-1.0904262534505156,-62.47682219297716,3.0655624502487937,175.64379023303928,-2.6757288033046205,-153.30796755094516,3.010496246700641,172.4887291759218,0.0436534521048615,1.9784124765824065,110.85352647741166,110.85352647741166,-2.6757288033046205,-3.2726890604789456,-34.20330327313305,34.20330327313305,24.1060018702414,8.101882455175462,25.427033957880834,37.03582670104423,39.0800214427802,2.077217650606028,1.1660003802906083,2.380324684179406,4.0882423210755565,4.862656469385851,0.0,0.0,"{""lad"": ""92d94972a99707e1115dd02a1b9d923c4e163e9b5b7589bff7e7e752307b0277"", ""lcx"": ""ab0fe4a43f4b1ea9a65d3812856740fac31069d5eeee1aef7c775ea25795618f"", ""lmca"": ""3fd22beac3ff5ac2f0e539a0f6cf534a45e4a8de88a8873a0070ea3e414bd265"", ""rca"": ""69ad8aba72a3d1c8b6601c95b0014d285f2e428af9a85fc04ccf5073fb9351fd""}"
15.label,inferred_RCA_candidate_plus_LCX_not_ground_truth_RCA,589,-32.83954696784805,158.92082880146435,173.4134944015529,-0.1837903146850511,0.9357390516899189,0.3010208420864264,11.445026674753212,11.363022605364076,-8.251573881085045,-21.670088082955424,158.3819638417067,181.9081731487957,66.11490268868086,35.88475109045048,1.8424233324632178,-7.584708023189376,0.8398856252121645,12.461792347011283,25.670749258961177,5.252134403068863,205.3413232129491,153.4260448524338,0.0025209418399024324,0.8834648507417289,0.468490664107765,1.0368839626120472,-221.85152425574915,-218.1719004944644,-216.59868490195154,103.6236010631971,346.4358786804613,315.4572316732006,127.27438866440365,2.478560179966736,42.28896412205569,0.914997263742666,1.911711313964957,4.468502826273011,14.702948881376615,0.7711705984484909,44.18482057567648,2.2093377756113335,126.58573006135072,-1.3089951541694989,-74.99989773698881,3.016758881306155,172.84755170745035,-0.14811535931372594,-8.486384969740206,0.3220669273907765,18.453075660237825,0.7711705984484907,2.2093377756113335,82.40090948567425,82.40090948567425,-0.14811535931372602,0.3220669273907764,26.939460629978033,26.939460629978033,13.087253400903847,6.543838159407758,14.627515211244486,23.13782013571112,25.670749258961177,1.6752534767724498,0.9237290565181284,1.911711313964957,3.377392093945027,4.468502826273011,0.0,0.0,"{""lad"": ""7a7867de9f28eb28577f15cc05c4370e49a8fdc3f1632fc2ab979e279644fc52"", ""lcx"": ""789b8a69984c245c27d7e134bb2159bf9c2ee272ea1ab273e2c1f27da926d78a"", ""lmca"": ""da4a378a7aeb315aa7ccb30728518539564a271f96e9d8875bc3a0bb8cde8865"", ""rca"": ""154fe8673b149b5ca2c5c45871f9ab4a49085ac64ca05304c261b20842deb5de""}"
16.label,inferred_RCA_candidate_plus_LCX_not_ground_truth_RCA,631,-21.620233260697304,166.77118413232964,-204.49452028108286,0.5187737852201374,-0.8323214972447923,0.19522982608340855,12.054747065157871,9.7811212154506,-3.5013639652811994,-13.258239753392541,170.9117132134231,-209.06211979955205,63.16338843871096,33.35098790476203,1.8938985741316574,-16.838545939685257,0.8492372945339142,12.408740252738923,40.74073455192928,-47.501507675438596,202.61033442982455,-195.33244393331964,-0.9850078726481335,-0.07719205932656967,0.15427532789828022,3.5485411496182993,-364.10052713163566,300.3831291433541,-66.21474347915198,-160.40380468873303,-496.44665438718556,485.67229121173426,131.00872760439958,3.7071750874361156,-40.524749892682,0.9629311826957588,3.8273767543867354,8.63783184609476,65.3780867514413,2.1862515974337082,125.26298948668577,3.1260739728872924,179.1108450921356,1.3972372826882251,80.05579927636282,-1.5956377631258607,-91.4233094588072,-0.3095151402585201,-17.733911232212918,0.40589655265026475,23.25615938576978,2.1862515974337082,3.1260739728872924,53.84785560544983,53.84785560544983,-0.3095151402585201,0.4058965526502648,40.9900706179827,40.9900706179827,14.530340537550757,9.178833582127123,17.178866866698904,35.05668200545663,40.74073455192928,3.4086176621435187,1.743791258992736,3.8273767543867354,6.742555739198526,8.63783184609476,0.0,0.0,"{""lad"": ""6d310b04eb9220720461d5a961ed174362524b78c5a4f3fc8234efc74b967866"", ""lcx"": ""91e282b026ecbcc23c243183c521d823931ee7caf248f493b58368ed272caf3d"", ""lmca"": ""cfd2c7660c271a0cc3fdf9f1be36c3eff5e68a624b71b60bc6b206fa780a0b81"", ""rca"": ""5bc74f9812c441d3ec5aa4ac38b05e9a048001b0c617d1872550510e7d798abf""}"
17.label,inferred_RCA_candidate_plus_LCX_not_ground_truth_RCA,305,-53.86661116803279,175.37685706967213,-228.37129926837858,-0.6374597579430121,-0.7641802012462023,0.09835485258262669,5.780171428732159,14.999507345262671,-5.123038058799838,-42.30973598014907,165.2395263916494,-232.23185650388203,53.883297151507456,33.87654641538771,1.5905782275088143,16.855933241483406,0.7776461715639539,5.827764341175177,15.6301566553496,-35.476004464285715,163.47488839285714,-264.2642735072545,-0.08684194383615018,0.4001811432186917,0.9123121885642764,0.3051395713320804,-145.38892807173053,130.76645814937444,-180.31566801567826,278.1553431237087,-328.35539729068836,214.7326563546626,60.42138771769288,3.5539179827838274,-34.506690562258896,0.9595965422711124,0.5204698514333571,1.7707373104640054,80.7511978357562,-1.4337459793237393,-82.14759350910126,-1.1431687771316192,-65.4987462007732,0.8621873712687478,49.39969752317822,-2.5287382322610275,-144.88602820192938,-0.2715610598295657,-15.559302608333752,-0.5793323935672268,-33.193301086614056,-1.4337459793237393,-1.1431687771316192,16.64884730832805,16.64884730832805,-0.2715610598295657,-0.5793323935672268,-17.633998478280304,17.633998478280304,6.756177595172538,4.210293930667763,7.942412170760859,14.814737016602596,15.6301566553496,0.41005041742196513,0.3226444831304109,0.5204698514333571,0.8243525345782897,1.7707373104640054,0.0,0.0,"{""lad"": ""8800d6bfdde944c20711af3af321cd93bb4d37001aa9a2843bc09f5a09be2e08"", ""lcx"": ""57a84569c5344de1554ef9fe2823838051dabdbc004946d5df898e708785273f"", ""lmca"": ""77e4d6aa47f9e8ffd2208b373cb5dc9f43262e4508e2592ca590800b68715702"", ""rca"": ""1323a1b7c85a28ad98dbb460e26f31a5ce4f192e90b260bc5105d1e95cd8b6fc""}"
18.label,inferred_RCA_candidate_plus_LCX_not_ground_truth_RCA,517,-2.217901882857834,195.19725618048838,102.9229214592644,0.10637659256094058,-0.9523773978472738,0.28576443554924635,14.815726825669328,-0.9951661861519285,-8.548258328893315,-3.2074214091356987,192.6391319985951,94.76572047040297,41.78541011237983,34.93784967689961,1.1959926125621785,-44.909617540801335,0.5485380916905412,15.25630397871626,37.83572807419388,-42.394360588592235,146.19960747876215,97.60776775323072,-0.870265827183388,0.1596827116826598,0.46598156790423156,2.1674253934298893,24.703318732641225,49.000588284131986,-30.225941330442737,199.52328301174776,102.06049826475328,68.05388185310474,40.749820905779885,1.6700412502537427,52.00121590760216,0.8009078626472595,2.220977056940363,4.946150498395356,83.5986031987762,3.037193144422911,174.01834874150032,-2.3798357820185463,-136.35454624387847,-0.8522467246910008,-48.83014042864215,1.7729626518685162,101.58327718638824,-1.926344635218361,-110.37141748568021,2.5133389391919514,144.00371370158626,3.037193144422911,3.90334952516104,49.62710501462121,49.62710501462121,-1.926344635218361,-3.7698463679876357,-105.62486881273357,105.62486881273357,19.742866302892956,10.087181653925024,22.159992211069458,35.983691993092194,37.83572807419388,1.961572096804002,1.0441582986194637,2.220977056940363,3.5574605649643622,4.946150498395356,0.0,0.0,"{""lad"": ""513fcaa853522cda91653be758c4fbbc08cf4a922e0c0526c430c01b82a77008"", ""lcx"": ""6d014c4ddb92785d2863224b66411e327abacf392cc1b09127b00925d58cb67b"", ""lmca"": ""f4d6becc410d4432e165be30a618882d68e1270522bf9f49a5dd7111cde5ffb0"", ""rca"": ""a8bc3a508ed68e39f508b693eacdcb801f3aa721addf78b0e5ec035ebaca4cb5""}"
19.label,inferred_RCA_candidate_plus_LCX_not_ground_truth_RCA,417,-48.478756838279374,169.17829408348322,167.62385785951318,-0.1197589557284751,0.8752386011634844,0.4686311807340739,4.41197658581388,11.233761700909875,2.0612470694090654,-37.325844544580406,171.33729368063544,166.44173707781107,72.19356497217919,37.20654263867249,1.9403459674627543,-52.73624739847902,0.8569665641225075,5.207469400920061,11.118916562792238,-14.283351507287986,143.63523837787102,139.8793255701503,0.23043224390730943,-0.6993213200756944,0.6766466376591482,4.259112570278876,-303.49219300886267,104.9611038825667,-309.6080757113328,166.3618177750356,263.94041700612377,340.4056879448132,87.99317528255395,3.868546473652532,-15.504532573314457,0.9660125901758787,4.4077310269399925,8.243150626648118,71.18148256924309,1.157434529010037,66.31611357498737,1.720829909774768,98.59629108997245,-1.071529172585794,-61.39409921431119,-2.162903315968186,-123.9252314998278,0.29446848131175635,16.871801178790594,-0.565083658738664,-32.376908717536345,1.157434529010037,1.720829909774768,32.280177514985084,32.280177514985084,0.2944684813117563,-0.5650836587386642,-49.24870989632695,49.24870989632695,3.5476744952952703,1.9067729782120677,4.024378312411494,6.887799536136754,7.571580015239138,3.8633611336458444,2.125676360111521,4.4077310269399925,7.518380336078938,8.243150626648118,0.0,0.0,"{""lad"": ""87d110af9535f4b788f0a7e5050bd9cdbcf18d697a3c3f93c0473d7efc1f0123"", ""lcx"": ""e82d9edfd15e138ab046bbb9da886462fdc09c0b4bb13f84edc296b29b734d14"", ""lmca"": ""90af28a438b36af6e98064c007c700f8a4cd06c7e011e31b01bf462fde2de444"", ""rca"": ""646916b5fe45d9834b0d65895def5efb6247ecf9fc9db349b145867f84e0433d""}"
20.label,inferred_RCA_candidate_plus_LCX_not_ground_truth_RCA,705,-42.424312943262414,185.62936613475176,-249.43367573623115,0.6855255859145937,-0.4881624651277713,0.5401407952532661,16.359525132401654,-12.151628191129372,-15.115142409969518,-51.27128806020648,168.82990730415605,-253.38826952679946,73.99693801432636,33.87681270783098,2.1842945690466684,35.128671885110805,0.8890481466707667,16.830005547228982,44.29029675160371,-80.9599141373802,199.89332068690095,-239.54839034887928,-0.6742855939549627,-0.7348271231324862,0.07326688811214278,3.583364481086418,13.143061618779171,-9.03762975609519,-71.25414855264005,190.17820624595936,-247.6621740615971,50.66072965422995,25.984784954138895,1.9496305143045114,34.95832897094021,0.8584377861152462,3.643330651643552,9.668509712889387,86.33340003631338,1.398512487884145,80.12886315210218,2.0243237452646494,115.98520697178039,0.3900508576003151,22.348267935956326,-1.834706409644623,-105.12093391823721,0.15655662160920508,8.970033673034074,-2.458956642114047,-140.88783759879573,1.398512487884145,2.0243237452646494,35.85634381967819,35.85634381967819,0.15655662160920508,3.8242286650655393,210.1421287281702,210.1421287281702,21.67827678327479,11.58598208857445,24.56920278163725,40.15007883141445,44.29029675160371,3.075118678714411,1.9569718793800548,3.643330651643552,6.2639987309093605,9.668509712889387,0.0,0.0,"{""lad"": ""4094756c625f098b71c6acf54888715c3c490bd8e7950d770eba342fd84c5ccd"", ""lcx"": ""99ecf53df5c5cb3abdb1b6eea0bd01a7e30a1593ae72bbbbaf96779dd64b3e15"", ""lmca"": ""36354b8c897b1932ec357da8aa3e26acaddf235c59bf77a86312a1693de44a91"", ""rca"": ""f5d0156010b5be729d04c5d498094f11c4ce1d42d48fd75e9c671a2051849c00""}"
21.label,inferred_RCA_candidate_plus_LCX_not_ground_truth_RCA,438,-45.54543022260274,192.4976321703767,34.78219254376137,0.7526218314952966,-0.3636466862529874,0.5489275601879422,10.269736540617497,-7.022327178492816,-12.45028036055969,-50.16930275649435,179.19944460086023,32.312259302838235,51.732108983271544,37.14243757314877,1.3928032828052737,35.2972940561213,0.6960673619957823,10.58503461666311,25.21175416677928,-86.54296875,180.0126953125,47.15339059344793,-0.775791169291717,-0.5999441298368504,0.19548683516619436,2.07456095605526,344.38593583485107,-193.33866425989734,130.76102599925608,-133.91186228458707,-53.90034710158207,413.1120470999259,105.50014154102435,3.915748747496086,-25.810981818445683,0.9668410243049353,2.4137993009427388,4.204764120774434,75.02476224771878,2.3648183077297142,135.49410834818218,2.83849071797122,162.63353832680977,-1.2758768993837695,-73.10236151292757,0.9305965883820407,53.319256943564035,2.6263743017978403,150.48016291463458,-3.001363989709892,-171.96548939292305,2.3648183077297142,2.83849071797122,27.13942997862759,27.13942997862759,2.6263743017978403,3.2818213174696944,37.55434769244237,37.55434769244237,13.191468643203939,6.899872854933947,14.875585080361411,23.406308286803277,25.21175416677928,2.24850400814263,0.8797364271169347,2.4137993009427388,3.5514679113051564,4.204764120774434,0.0,0.0,"{""lad"": ""4378dbc2469d1f17ac1111abdab55065097812fa26d7e2ffd431fd5f96b00eda"", ""lcx"": ""c106d3ae5d9e7fc86c2f53c9b252a46a83f9b5438afdde2de403623485395eb1"", ""lmca"": ""17d50908e743b89d1a136f66a6558f29bdac0a0da73b6c30d3ea190456ff8be5"", ""rca"": ""80e6242ccc6faba3e8501d9de7ebd35fd2fb25fd817346ab3cc07a57088495e8""}"
22.label,inferred_RCA_candidate_plus_LCX_not_ground_truth_RCA,702,-20.49085759437322,164.77289496527777,140.72065221889747,-0.3538911145923669,0.866396070301953,0.3523051637116687,13.020522584074483,-3.5810638409322553,-7.192576804988133,-23.840178723591713,160.88962393672108,146.90607325716385,56.13559850230026,40.25356226323698,1.3945498322658545,-3.0564278854036844,0.6969936693177013,14.76821985394678,37.24536500038257,-42.030108716114455,186.0736579129016,168.8957800807723,0.7090238050502904,0.6438038234204759,0.2877531595329315,3.113840721645747,165.19088688846836,348.86444069653874,74.4599518523712,221.49954975937453,-197.39576919267205,405.4009172630512,106.51424468566081,3.806072309477938,68.1803397644384,0.9648672029843874,3.2722666490229346,9.939016148944976,65.90512534208128,-1.3604490242471006,-77.94798733204986,3.133747744702614,179.55051983009994,-0.5426942712224964,-31.09409130697705,2.0023050086914753,114.72362629592715,-2.9867140146355204,-171.1261076511897,2.6052360237931467,149.26902879879142,-1.3604490242471006,-3.1494375624769724,-102.50149283785018,102.50149283785018,-2.9867140146355204,-3.6779492833864396,-39.60486355001886,39.60486355001886,6.626627887933821,2.93933220905321,7.246762715154395,11.864812428474085,12.520319963317329,2.7693584803534206,1.7466064732685722,3.2722666490229346,5.475334581894252,9.939016148944976,0.0,0.0,"{""lad"": ""970b965869476cdd5e74974538c9f33c488b3cd7b1c8ef8e7bc3fd9dbb94088e"", ""lcx"": ""a7a5d6bd545ba5831c5b6d39e079730899a91b6648cb718ca669ff04cb294aa8"", ""lmca"": ""44de400aae36ab5fc7a5918395a8eac0025c6d57b9a0112dc5bab3ae29f1ebaf"", ""rca"": ""bb959206f91c9ee14851d2d4778082b229f44b5f3badc0dc25f8485effb13ea9""}"
23.label,inferred_RCA_candidate_plus_LCX_not_ground_truth_RCA,338,-49.80280949519231,174.76637620192307,96.23994159134182,0.6192332490870602,-0.6050304748087354,0.5004880695658981,9.616436106916392,-3.9893980634467656,7.166382106238427,-52.93531316240471,177.43069352531398,103.33650155913094,73.32743133732274,36.25494627117472,2.0225497174608504,28.54485068470238,0.869220053204496,9.77605643175551,25.726837111507933,-73.81410982828498,202.71056087350684,102.44829427829781,0.8177694722068559,0.5745095484708311,0.03452345640810295,2.042545765012106,22.482220999644156,-1.1060493174707808,-60.87455956608306,184.29204726224805,102.44953256083453,44.938207834795,32.78330658294505,1.3707649568873363,-36.74423074855885,0.6839598307023961,2.2432800413608587,4.930556992498826,79.85890316977189,1.6491071823429442,94.48688151296177,1.929113485291359,110.53006090896749,-0.7721900871025875,-44.24323297281769,-1.92652245725317,-110.3816059377792,-0.7759594540913775,-44.45920179271129,2.127526961135506,121.89831567335801,1.6491071823429442,1.9291134852913587,16.043179396005694,16.043179396005694,-0.7759594540913775,-4.1556583460440795,-193.64248253393066,193.64248253393066,13.357970461937454,6.664813265654563,14.916520141836035,24.220598945107493,25.726837111507933,2.0403716641154177,0.9338980084950856,2.2432800413608587,3.642441905473491,4.930556992498826,0.0,0.0,"{""lad"": ""b972ca2ed4dcfb16fe192d5fdca6b14384cb29799177db8cb1ad1b77f5942185"", ""lcx"": ""5101c982aac012f78756c51aef80fc2357c228eb73a3861a401cd9644026884e"", ""lmca"": ""5641296b71bad2cf8bbc260343d44fc097025a0269c8931b89fdccaef6e315bd"", ""rca"": ""304723a6b71698df57ca5742ed667e0fe3d09d820e1b3095a0da3e6052878221""}"
24.label,inferred_RCA_candidate_plus_LCX_not_ground_truth_RCA,596,-19.132710911283556,168.54249357697148,90.98439673609381,0.10114840325754214,-0.9861741538636436,0.13126133768088846,13.705042853811598,-8.020341154423813,10.767808443006496,-27.111918532838136,169.15902392933748,101.7651066828164,56.396566079367304,40.31517073081246,1.3988919073648869,4.496575795959985,0.6992762764371737,14.093358742138825,20.748301359801605,-47.5782211382772,186.16384492389898,118.20647744687727,-0.8127623811123428,-0.582594391207977,0.0010426800092208643,1.0403183112978522,321.7624312461284,-127.30911856161818,139.87906682796535,-75.57998314915258,-8.634397212523012,354.4362018735981,139.1001137589978,2.5480655068887113,-18.651357963678446,0.9197713824414343,1.3745587868309557,2.598024143174016,60.49715495948804,1.5312238185593732,87.73266229335782,2.589730235573729,148.3806125757951,0.7574608640821789,43.39931065824134,-2.4429099212474306,-139.96842821811407,2.7269962190301973,156.24537409856333,-2.943095719434867,-168.62696342663654,1.5312238185593732,2.589730235573729,60.64795028243729,60.64795028243729,2.7269962190301973,3.3400895877447194,35.12766247480015,35.12766247480015,10.046797669631637,4.320226788051133,10.92992299377189,15.769515227983259,16.09384275846212,1.2369413187699758,0.6010489539483409,1.3745587868309557,2.2555555448209477,2.598024143174016,0.0,0.0,"{""lad"": ""db714742dfbe4b556f23c26c643b91269874e286a27861d4f2d02daef500cc3d"", ""lcx"": ""79aa3e78df25ebdefe25389c0c37b37f33d6e93e2d01d5b9d3129f2bb964c75d"", ""lmca"": ""c910cb0af39d9b8773067436f1b017e783df8b74291dd6c44a041349cf2e13c7"", ""rca"": ""ffedd9704097d8d18cdf087c8b38da4941b62bacbe2e79672bd9b1477471434f""}"
25.label,inferred_RCA_candidate_plus_LCX_not_ground_truth_RCA,375,-58.928864583333336,178.29136458333332,-247.05132112630207,-0.403582322138263,-0.8072636660906165,0.43063520834625824,14.85151816668828,-4.10649143724294,0.6654485936669995,-62.686071560798,180.06682928808175,-247.2442318975058,43.612163212222214,38.52616822913298,1.13201403661118,3.542183177540091,0.4686550198488483,14.890178350322598,32.35305438653701,-50.96749360380117,189.2538605628655,-281.2751339917992,-0.18844023655309677,0.0012637183217047987,0.9820838458420017,0.8465643955740088,76.15662521715296,293.86592160228923,23.824759695603653,483.1380052953947,-267.3023116263556,305.7570695107637,182.85485039811522,1.6721299371882306,74.2742656205044,0.8014665175401029,1.1286700766451032,2.8981009827362327,60.13547661008567,-0.6337117904894929,-36.3090110227266,-2.2132061695462037,-126.80737270731278,0.8400209744174372,48.12965653658605,2.4703127611296867,141.53849529004012,-2.9146958107917733,-166.99976852283015,2.9715384113012946,170.2566096285739,-0.633711790489493,-2.2132061695462037,-90.49836168458619,90.49836168458619,-2.9146958107917733,-3.3116468958782916,-22.743621848595936,22.743621848595936,11.612427762867615,7.836143138509018,13.99786863447593,27.909578544687662,32.35305438653701,1.005964202917072,0.5132961540873995,1.1286700766451032,1.8886522672795922,2.8981009827362327,0.0,0.0,"{""lad"": ""3fde15ef4aea8e8de34a25f13d04da6fa0307fe0e90199890873ebac8f3327c1"", ""lcx"": ""3b4c8852ac39ef35a034a5e6ef7fb43df55249007399704d1d9c7604cb4e58ef"", ""lmca"": ""49d9dd3d034fbd9789a16cbabd3935a8710a8fe98fd55f03285c57aafdb75e92"", ""rca"": ""5ce1344c617bd277d1506337f9b6a5a9d6e71d04fc8114fb27cc5290de8975e4""}"
26.label,inferred_RCA_candidate_plus_LCX_not_ground_truth_RCA,334,-34.156349410553894,163.310172623503,141.09670353506854,-0.7109862849434871,0.45973982723278994,0.5321069383857187,9.70459553396646,89.7504254968919,417.9479773280951,28.956677081828115,521.2844637082841,-83.86285602806578,451.2201398904206,108.10683675091455,4.173835378515998,78.88687250878274,0.9708747036630111,9.78598409668287,20.473024048727666,-42.98854325457317,204.26339796112805,142.87530182629098,0.9544504051830419,0.2935279427212164,0.053532895380105944,3.105374328582529,50.20686522553751,-4.0731263809037825,-28.008340468476476,156.390243683346,138.28462668278522,73.12882289270988,43.47066663649979,1.6822567618806161,-25.4700640516895,0.8041402787067696,3.294616447071017,9.177465530481058,58.991218936782744,-2.929262472059472,-167.83437673506597,2.694895931086851,154.4061630782549,-2.631402871049186,-150.76827870972596,-2.71424894336135,-155.51500900244858,-1.5345916819684398,-87.92562665267387,2.4050881199122176,137.80139862802412,-2.929262472059472,-3.5882893760927352,-37.759460186679114,37.759460186679114,-1.5345916819684398,-3.878097187267369,-134.27297471930203,134.27297471930203,9.202952078662614,4.914781280375831,10.428771313970833,16.549636817024567,20.473024048727666,2.767337709136881,1.7905625584002487,3.294616447071017,5.683420258364591,9.177465530481058,0.0,0.0,"{""lad"": ""494ba53f757b9fa8c0d67eb84a45c32a7eba0148428d8e567ed91ef17b4ad82e"", ""lcx"": ""73a6359fca1052f07585a72b5740ab3020d469addecb8137c0ffe609e822b563"", ""lmca"": ""4a4c79f1a21d196255584cabf1cf7902d5462f03c74c19be3eb5cbbc21a265e0"", ""rca"": ""afb378ef142a9d3390c5c8c921d0ddbbf45fe0bb9957e46a0057d1cc6137de67""}"
27.label,inferred_RCA_candidate_plus_LCX_not_ground_truth_RCA,541,-54.26643549272181,129.71978432590112,179.207852770793,-0.3111892922943993,0.8799018964841242,0.3590736371901349,15.738321380434995,-32.38250765678422,437.1199139163188,-85.04108523110831,285.5483808231478,-229.31731829156587,474.321598647334,90.26082553163002,5.255010641145952,-83.36563185616156,0.9817270373816583,16.556078839118502,30.222066536727414,-6.878221991921769,136.36156063988096,147.10305817273198,0.6489647021451109,-0.754026034304543,0.10143744358308643,0.6953190985492603,-111.76081336629163,202.77099485714965,-91.9079182436332,91.51505829130635,357.73377231977713,238.6893431577736,64.7601004693003,3.6857469557343405,-60.29012534640734,0.9624904884791715,0.8744606362493408,1.531188907878161,34.00422942314128,0.47100866960298604,26.98680888232293,0.5470333687015388,31.34270327942204,-0.15521920138779863,-8.893405138912032,-0.5617570150236877,-32.186306072724484,0.37268200276563596,21.353105858953814,-0.410534831853627,-23.52191320832574,0.47100866960298604,0.547033368701539,4.355894397099116,4.355894397099116,0.3726820027656359,-0.410534831853627,-44.87501906727955,44.87501906727955,4.976968991067475,2.1375743959641618,5.410963097793682,7.738594656332822,8.627482517312536,0.7739694813796435,0.40839595175340815,0.8744606362493408,1.3950558864481386,1.531188907878161,0.0,0.0,"{""lad"": ""c11f5a93e005296502ab98ee208f97b925c1987a5d61a1b2ce15570c1a44df71"", ""lcx"": ""04f0a3a402e1c1f5b19857761ebfae8b81edd6933fd6eeaea9a23b870f91851b"", ""lmca"": ""c3fde53eab574349368c895af9f1f41b8d6e76fa695355fc9ee3e92edb1ef469"", ""rca"": ""5b6629dc4f9729571df7384addf2afcdea6bfdaf1b1192c85e3aede101f0eda9""}"
28.label,inferred_RCA_candidate_plus_LCX_not_ground_truth_RCA,459,-17.317189202069716,154.25457005718954,-227.49661088665067,0.5264298550040413,-0.7764141947853593,0.3464860832648638,1.9387285175404085,-8.95723410204309,-4.133027836739085,-24.932795923990138,148.26422152430024,-229.34923620484517,47.66341873838607,38.67427798409158,1.2324320251820116,-12.930149642871385,0.5844860227920444,5.155782175010273,13.992601160202168,-58.52973090277778,179.03352864583334,-231.64026557074652,0.954423347197386,0.29715272488681255,0.027862742450815492,3.837064488279423,422.41544237561664,173.04453233626896,67.54275633192691,-206.21413975060298,-441.56686723530595,468.0795972286345,154.68818982481497,3.025955619228182,22.53593577455428,0.9438150562855269,3.9935341240025735,8.489033101398471,73.6575703596312,2.267945385616029,129.94369876196845,-2.8391774328119657,-162.67288418891349,-1.4420774824333575,-82.6249534742825,1.6130415325923337,92.42047199685474,-2.81353633410655,-161.2037574510148,2.7766574528073775,159.09075319940828,2.267945385616029,3.4440078743676206,67.38341704911805,67.38341704911805,-2.8135363341065505,-3.5065278543722087,-39.70548934957687,39.70548934957687,5.525290948880181,2.048292969326919,5.889817890240686,8.027177464571142,8.671814225617142,3.555089645143804,1.8224116726224415,3.9935341240025735,6.705533698347179,8.489033101398471,0.0,0.0,"{""lad"": ""62981e9a1f8cbfeb9b8531219aaecdac0ea38597d2db375c7c26fda122340c89"", ""lcx"": ""89ccb4a85ad5b2c21f5218ec337ce43271005da6118bce4789b4972be4990f03"", ""lmca"": ""6922cda9347d419775d5cc13859dc8c69c508f4684ba77916b90c67c49c93bcc"", ""rca"": ""3e262f243a250eb3c12df02ffe018668a68bffece9895138c1c826d8432a9526""}"
29.label,inferred_RCA_candidate_plus_LCX_not_ground_truth_RCA,676,-15.428133089866863,171.37685778014054,79.0202670351288,0.3460246413175582,-0.6101038422600557,0.7127694222261309,12.354798184380165,-21.073139281568867,-7.100152616551551,-35.19948814261318,161.24118871952675,79.94281699620608,63.10566835373234,35.37101328336344,1.7841068857197184,12.841645038414669,0.8281513548122175,12.766921186856628,37.799891442611525,-47.797267869971265,135.5620397808908,94.4231808395678,-0.6882649754595423,-0.23587894437338372,0.6860411410090315,1.521079696602346,-171.88842952790876,261.43297274726586,-172.49534274989503,421.2560239484761,67.54997900696227,324.7696310742917,77.05123326011193,4.2149829059571875,-56.484427180415466,0.9714489003407549,2.045248600831343,3.9498955373416553,66.75004363189987,1.622427991100898,92.95827645397014,1.7956969178877917,102.88585467962041,1.0640901979128936,60.967877361649286,-1.8570270723649116,-106.39981368804474,0.4099305365733807,23.48728963918795,-0.44277812018117,-25.369317547117383,1.622427991100898,1.7956969178877917,9.927578225650262,9.927578225650262,0.40993053657338063,-0.4427781201811702,-48.85660718630534,48.85660718630534,18.866169190793048,9.84923824926848,21.270811225682245,34.6608492253398,37.799891442611525,1.842722384631524,0.8890694999036137,2.045248600831343,3.2687691743024416,3.9498955373416553,0.0,0.0,"{""lad"": ""90e4cfac052b7a8035116ac37c20e5a8888ade68ac03a0eac6f6b6c6f69106e8"", ""lcx"": ""528b1e079ecf91194c5bef61a65e75364fff8dcb5f88abb13552201accab92fb"", ""lmca"": ""50a586fe6c730373958d4e309b3e0a837fa98c6c80bbe67199f783cd32dbf454"", ""rca"": ""c6f13f80c313a442b59eca2f860cf5a4c34b107c33a234fe0f9185de5d073fcd""}"
30.label,inferred_RCA_candidate_plus_LCX_not_ground_truth_RCA,482,-17.51442557053942,161.05802645228215,-205.7522699506451,0.44723730567606146,-0.6900103575133153,0.5690909408310451,7.572124499033516,-9.699313250336472,8.217295369768362,-26.189640085643276,162.93992180467657,-196.65283349986768,50.22539923211919,37.67900866614125,1.3329809092682487,-16.36271682010618,0.6612129190041357,9.219973268975835,27.765349816046932,-52.156808035714285,182.43136160714286,-185.3416544596354,-0.7531925557634931,0.14427390419372038,0.6417834638810498,3.003720391998368,-7.676933052055479,-4.040937621658909,-57.206695378952,177.22061631097208,-190.09678318837894,38.40097904190923,15.526984566160701,2.4731768669107717,-59.23601368274358,0.9146095241409054,3.6676752860877717,6.165441608240519,85.91862859977292,-2.8428587250733868,-162.88380669864708,-2.599513533588547,-148.9411542617629,-1.7108432951326544,-98.0241002193558,1.444155614823215,82.74402168949078,-0.5365230621760141,-30.74050707412066,-2.8321012412284494,-162.267448276152,-2.8428587250733868,-2.599513533588547,13.942652436884172,13.942652436884172,-0.5365230621760144,3.451084065951137,228.47305879796866,228.47305879796866,12.225700730768578,7.357522775725548,14.25062766262176,25.505741062002905,27.765349816046932,3.3912623960408768,1.3996267346388707,3.6676752860877717,5.572341549610016,6.165441608240519,0.0,0.0,"{""lad"": ""6620f37b83533f669d2fd9bce72cf032205b0b1162a59ac50f4be699987f3ebf"", ""lcx"": ""d9145a9b6a2c02415c2bbebd837981cdb1a8cefcd45473b3076ceb50cb974ec1"", ""lmca"": ""923e610c6d06a52663c7bf2cefd52b8c57778ae29861e8cd950902354faf3461"", ""rca"": ""8b863bcd6e23fcbd66db6ac78a3c83f7e274979c9e893582d4c04da4d651b237""}"
31.label,inferred_RCA_candidate_plus_LCX_not_ground_truth_RCA,497,-16.085448236292756,178.85852419202718,-177.66972136161698,0.5973288896011512,-0.6218254187713249,0.5064892360334249,7.6682309362072925,-27.35422909204298,8.663562384943758,-38.0234410159742,171.66111331977388,-160.63349783783104,62.39618165008662,43.667418294482495,1.4288955950933915,-14.45063351312605,0.7142984688244848,9.134233473975742,20.807925654904427,-57.242408608490564,134.46900795990567,-179.46981437251253,-0.6910842592804738,-0.6977241853840324,0.18863591308376937,0.3630000720542455,-143.5592358943554,77.17791111409157,-161.00332072191097,250.38461235754312,-130.85983649731432,169.18990951278224,53.47450124747469,3.163936185768019,-25.720573335885128,0.9487385371668556,0.6020713716925421,1.4087926430475814,83.30407501746618,-2.005466675481449,-114.90477645921933,-1.9786138807953935,-113.36622465557701,-1.295110189529459,-74.20434786442614,1.3047787839935068,74.75831752103963,0.28381298097600965,16.261285980952078,-0.4906971668730764,-28.11487668085395,-2.0054666754814487,-1.9786138807953935,1.538551803642292,1.538551803642292,0.2838129809760096,-0.4906971668730763,-44.37616266180601,44.37616266180601,10.664905892949724,5.434222514673381,11.956170179738125,18.64733580391637,20.807925654904427,0.5431734875589566,0.26095000244758804,0.6020713716925421,0.9503108594891951,1.4087926430475814,0.0,0.0,"{""lad"": ""efce5ab256583016544a29b9d246855212b403ed3252f7c3c4b3c07e91a5938e"", ""lcx"": ""1ab6f0304b54ea015c2c8bc3906fe385a7fc2c915cba9908356445553b6fd20d"", ""lmca"": ""1f69734622995f1ee50a5c7f20403fa60ad965768d0adb44383c7cd896f6afb2"", ""rca"": ""a14722e5a90fec99ba32eee2389d57088c44af147a663457fb8eafcf48eba5a5""}"
32.label,inferred_RCA_candidate_plus_LCX_not_ground_truth_RCA,501,-37.875524341941116,153.52660499313873,154.23941810592683,0.21667553816168092,-0.5860002499056325,0.7808043405827624,10.055517218990449,-14.999394936134415,-5.626280595073301,-52.518588763224955,147.07583205213692,153.46155269185854,59.149134902491106,35.567089002474596,1.6630299684738263,9.640783867804704,0.799014260996941,10.191119862256738,23.759177893952934,-71.39802517361112,168.97141927083334,137.48610805935328,-0.9996451355668791,0.02638955349237217,0.003632410212128401,2.9162605387048397,-12.361100327012533,-9.588550499801935,-71.68938525548482,156.6146238813259,147.07578057650733,42.495699943247,28.39975606664121,1.4963403151607735,78.84149106902369,0.743894408343427,3.1472685381065655,6.575755216888515,76.74844954562984,1.8340450164821458,105.08303888142846,2.3836324135040323,136.5720772043633,0.9390736265120834,53.80495545118695,-1.659057586287753,-95.05699766344965,-2.9784175247071096,-170.650753793519,0.899544770560689,51.54011883619147,1.8340450164821458,2.383632413504032,31.48903832293482,31.48903832293482,-2.978417524707109,0.899544770560689,222.1908726297104,222.1908726297104,13.45560919108812,5.761773295972277,14.630538596019115,23.364768818412173,23.759177893952934,2.8039354544583066,1.4314107408586767,3.1472685381065655,5.589538784415085,6.575755216888515,0.0,0.0,"{""lad"": ""818cc7487323c1e93cafa805ac425f54db42ceea22cdfe5bbe4e9d040ee71fbe"", ""lcx"": ""539ce00941b4246d5cf6000f239b502a77e8aea98c8080dca88acb053e6ba98d"", ""lmca"": ""051c23a080a3e1cc1491b5210e3a9be30cdb63249ae6d37eaab2cdaea3a4b506"", ""rca"": ""e75bf1b72deff27565d10370a3d9c321dab6407b4ef0e5b21d040a72f536aa18""}"
33.label,inferred_RCA_candidate_plus_LCX_not_ground_truth_RCA,491,-47.56620536850814,167.10149288760184,39.6669050399252,-0.9062177226423213,-0.39349444737482747,0.15469828394052781,9.002062812658986,2.6018279314223536,-1.4057444185907317,-46.46612298380162,164.3928230785501,39.22131266171554,44.766107748673136,29.283832471683123,1.5286970307578784,16.27846206027761,0.7563632389490651,9.228096402020642,24.81764272886921,-30.332413383152176,155.7705078125,15.413768878881482,-0.10830676187467764,0.02309864183834043,0.9938491324529323,0.4008856633352768,22.352320995932924,91.13006275830254,-8.111579448630678,246.93221815777522,15.716586341954716,95.47306688769629,36.72668457613067,2.5995558267665126,74.80611925102212,0.9230495381119986,0.6958936248331224,1.5043481141039274,75.94772436596739,-1.4645966137347797,-83.91520465615493,-1.4098702642783034,-80.77961580414078,0.6311807496612266,36.16399306549165,-2.4385461096008663,-139.7184002281759,-2.8012512211788825,-160.49987232941785,2.9156346590631794,167.05356056638487,-1.46459661373478,-1.4098702642783034,3.135588852014169,3.135588852014169,-2.8012512211788825,-3.3675506481164077,-32.446567104197314,32.446567104197314,13.249018037275528,6.433597621667163,14.719454108192304,22.674359340524102,24.81764272886921,0.6212125003474982,0.31592638495155756,0.6958936248331224,1.1939526086940526,1.5043481141039274,0.0,0.0,"{""lad"": ""c87c83b5a6ce78137b34846845554474af7876f8a6c45b56287c82d1e9317d27"", ""lcx"": ""c9774d74af9a2e271294f0eb8a5828f374b1790ec4b82b0f17c39142e93914f0"", ""lmca"": ""507b519acf8789275f8b7620551354461c332cfb76557c81f12c617e6c2c27fb"", ""rca"": ""52aa143dfd5ba0725cad7af26757cc8555b9da1cfbfc64f5b11ac5771d1dd0b0""}"
34.label,inferred_RCA_candidate_plus_LCX_not_ground_truth_RCA,327,-2.0130357654816513,184.3277457234327,238.18241285038286,0.3634506452354526,-0.4647674654501548,0.8074000443008239,8.157250605904851,-440.9606234487182,-109.737362197602,-412.8178854448432,9.266904384364679,322.33487807835314,485.14887563310566,73.40539762590754,6.609171686604668,14.126644347169043,0.9884871420684538,8.484228712238473,26.186214716490525,-52.81166130514706,207.66984145220587,258.88529106588925,-0.9750727356358547,0.17534608372553304,0.13596658097388845,0.8018049685064312,0.6045912622325842,1.806135930640876,-52.95610318796007,208.26506569538483,257.08182156596934,16.715363937001616,1.7403340863650427,9.604686863264423,48.385295999253145,0.9945651777252226,3.240114162807129,9.299269866567803,70.96737175878769,0.5874247634490432,33.65695972710092,0.6011497833867969,34.44334544326711,0.25204646226531446,14.44119852900588,-0.5394841946739484,-30.910167468831325,-3.116148673992597,-178.5421673550637,-0.8872863395018767,-50.83776247306944,0.5874247634490432,0.6011497833867968,0.7863857161661925,0.7863857161661925,-3.116148673992597,-0.8872863395018769,127.70440488199425,127.70440488199425,5.342861740328824,2.7838853666306016,6.010633133406706,9.797413944393153,11.029557636339343,2.235160594809039,2.3596401480897784,3.240114162807129,7.156910986132309,9.299269866567803,0.0,0.0,"{""lad"": ""9389e559e9688d86c767bd81c9a2b84cd43c244d6f8b5685b71619bb978bec8c"", ""lcx"": ""75056b5df684e09cb117ece06fa027fc5813950290b4353a8b6b16ac755d64f5"", ""lmca"": ""d66d8aaf21cc677d17fce633b35b45810077446bc911190153e74b78dff1df29"", ""rca"": ""8574072c4f74a01eba676328a21623cbd0803ed0d49d9f3cf06b324b299c88b7""}"
35.label,inferred_RCA_candidate_plus_LCX_not_ground_truth_RCA,415,-52.03761530496988,136.1716796875,405.03916883353725,0.34230343161983573,-0.9372609692853673,0.06610776168906662,6.4859278229886055,465.8082433854213,317.91848944354916,385.6309023850252,317.59244753024393,710.9513443909539,597.3900626788122,111.44761536168684,5.360276760880622,32.38814451164078,0.9824440378398325,6.861485972610508,16.082944756797545,-75.84285835597827,116.65763417119565,428.1456643809443,-0.9824715756518936,0.18017340634662632,0.047824122381274495,1.00004697208124,205.53387737539848,46.45222329521937,-41.113412248923424,318.82792147856236,379.94790197242355,214.85253888211926,84.9899530948138,2.5279757319366007,14.302731716123716,0.9184343587075038,1.0181713867460522,2.159140509765656,59.8668408575646,2.793094596347431,160.03253215150409,3.1281975300948193,179.23251595768147,-2.6108895335672146,-149.5929510482815,-2.9467937539905997,-168.83884519917356,-2.8919898648991715,-165.69881365333165,2.8016991112229763,160.52553453863035,2.793094596347431,3.1281975300948193,19.199983806177393,19.199983806177393,-2.8919898648991715,-3.48148619595661,-33.77565180803797,33.77565180803797,4.834528459381408,2.3240955634760514,5.360498566993243,10.225236246898334,12.394549441802484,0.8289907112968269,0.5937278006027311,1.0181713867460522,2.0741054318815992,2.159140509765656,0.0,0.0,"{""lad"": ""2c7905d400d50518b408094a7f7bdeb9e4d7ce3fe2a6924b4f21b056de5afaa6"", ""lcx"": ""fda9c9763937bfa24d133b56f7593b89f4f68189a2979aa594fd53a2d16d7b66"", ""lmca"": ""f0e3e4d82298afae9e43834449e53fff39eb4e69d55791c36a55ce09619069a5"", ""rca"": ""275b93508c513897980d7faf92aaa3a88c43d93023b12b49cc39fd1299a3fa22""}"
36.label,inferred_RCA_candidate_plus_LCX_not_ground_truth_RCA,310,-10.263797883064516,176.46343245967742,-230.45160069619456,0.3469517303091063,-0.800935452229986,0.48798247734592387,5.967610153937245,-18.312462362798104,-4.706800997267234,-27.438744778636632,168.58866305732548,-231.16536495057568,53.92801423267825,35.789894018848734,1.5067944656186207,7.639129078136559,0.7480338982608855,6.032527940635189,13.458022939926982,-48.649852807971016,138.29168081974638,-216.57353851760644,-0.6297317208638914,-0.4972775273490157,0.59678557332718,2.257135265208281,-8.61987056660724,3.578501561413699,-55.34587767464108,144.51573324733099,-218.45297044606681,32.05062026961884,23.427895738447436,1.3680537350616888,61.32855477098471,0.682414482514539,3.370710291229697,6.417035271793682,61.89936916205655,2.0772410451102776,119.01714491616316,2.6965984046742357,154.50370762954455,1.086247166298453,62.23737813694663,-1.3443691929040953,-77.02668086081349,0.4881722333517594,27.97020864653138,2.4721701361291935,141.64491503848498,2.0772410451102776,2.6965984046742357,35.48656271338139,35.48656271338139,0.4881722333517595,-3.8110151710503923,-246.32529360804637,246.32529360804637,6.915698684423442,3.689077825125407,7.827126799412196,11.984609047082191,13.458022939926982,3.1010348551377533,1.323486733409935,3.370710291229697,5.348137237090647,6.417035271793682,0.0,0.0,"{""lad"": ""4640d98c468554397c739600ed9b033309fb62ad1fb4ae54772d3a219edd92df"", ""lcx"": ""cc68286a5d80c5137765785bdf2b6c97e8101ac9ee8ad3f66c49cf2188156051"", ""lmca"": ""90133ce0d39040d8845ddb4dbe4cc33dd0cb17b21327b95de271b782b908f639"", ""rca"": ""990d17196f812499d7ab154a58a9381158d13355a2f59e00b3f180d367332dab""}"
37.label,inferred_RCA_candidate_plus_LCX_not_ground_truth_RCA,600,-34.31556640625,153.01529296875,-232.35665445963542,0.7090203003392198,-0.681690790353059,0.1805211346482849,6.3345401235757866,-2.4218956149278505,5.375712608874659,-36.02345830005833,152.731466008294,-226.72048448718047,59.56030516067869,33.683228083776314,1.7682481326475412,-0.7404238172678738,0.824726702945494,7.650346067988235,26.96822075426138,-77.04886909965035,186.6480277534965,-214.74229548527643,0.8347865617811964,0.5469105389761073,0.06340550943248247,4.289558963765405,353.54966945990003,371.02274611493965,117.60627962969863,-63.79887451047711,-617.2854225280944,522.6027493490722,176.0288751547734,2.9688467240932694,47.65382199843017,0.9415650743062874,4.426166315164576,9.014893194144399,76.67332594831238,1.8189827909038963,104.22003692572076,-2.756362171495304,-157.92791923619575,1.1173388554345625,64.01880070237846,-1.9961675321997028,-114.37197479608783,-2.904590260735385,-166.42076315494091,2.79126657684066,159.92779434889852,1.8189827909038963,3.5268231356842823,97.85204383808349,97.85204383808349,-2.9045902607353855,-3.4919187303389263,-33.65144249616055,33.65144249616055,7.738566644014228,5.868256326810524,9.703416215449373,22.479294038018608,26.96822075426138,3.891797841691959,2.1119786460121457,4.426166315164576,7.7582708674286565,9.014893194144399,0.0,0.0,"{""lad"": ""183d63ea50d1acc6de166327fe72da126799442ccdadb3b46e774f90da198a1e"", ""lcx"": ""87be7dab3a5e2574168b8cc4c972e30239994794eb5e5d3b3522410e360a2f50"", ""lmca"": ""7d1d3ca445aaa8c87bada4ce8e916922e436cd07c36aaa3fa0a1c0df06d5b409"", ""rca"": ""63b6601d279a935fb22c2ae878f35a2506d2e1547887426f580a5ecc907e9e5a""}"
38.label,inferred_RCA_candidate_plus_LCX_not_ground_truth_RCA,432,-43.52861870659722,169.45356354890046,100.60162113330982,0.877985461954135,0.39066086570674335,0.2766326383535431,14.792934100525372,-2.3087530285468647,12.38642659634935,-44.63378945396745,178.265954484634,91.66438062023568,53.45834423412681,41.18776893934534,1.2979179404655685,-85.50145577689698,0.6374826229460945,14.96517452722074,35.4180582643725,-16.36630394345238,182.4408203125,62.53571504865374,-0.34063641098640596,-0.016819668965494586,0.9400446448154426,0.37952300889464446,180.59511953859396,-32.086420058238865,153.42834343788195,149.25901862692268,123.46913207790101,198.5056031621299,10.01840629573715,19.814089916336734,-10.896365335341898,0.9987256211316552,2.5542619280696446,8.501447188135742,87.38654536420852,1.8169245852915128,104.10211043076106,1.2853250444484094,73.64370034935881,-0.12822945930681132,-7.347006827524823,-2.106480688207389,-120.69245306009648,-2.527323347007599,-144.80496124841264,-3.1257550475389784,-179.09257201569747,1.8169245852915132,1.2853250444484097,-30.458410081402263,30.458410081402263,-2.527323347007599,-3.1257550475389775,-34.28761076728477,34.28761076728477,17.792041296320548,10.617425037541821,20.705554011925674,33.72818482105152,35.4180582643725,1.4565648001980653,2.1083183758741435,2.5542619280696446,6.5697161576387035,8.501447188135742,0.0,0.0,"{""lad"": ""5f202451d6b0f8ae03c10c7dfb3751c232311fdfe47c5c702ac0d52974936cab"", ""lcx"": ""c25c60a32c4c1fa63853661c1fb77e7e8f2624725e9dab3ddf3ebf14b98d25ed"", ""lmca"": ""70cb6a1ed8972ac31a1bf6c70cc0d53a25e2be165fb8ad137c9462709e0a289f"", ""rca"": ""dc3ea0c1463f6e180bdbf04b431299d574b2c06ee06a1c961d580fdc46060b39""}"
39.label,LCX_only_crown_approximation_insufficient_RCA_support,193,-69.4604011496114,147.24264289183938,-219.873837248649,0.11723247877836261,0.3454884139724717,0.9310715878654374,0.6902083319987331,171.52467986234112,231.0424127444084,100.88153010995687,356.8578991738644,-319.10277998824336,293.36195661611254,102.92136613978103,2.850350394860554,54.454315510211416,0.9364376448548182,1.437184255492357,3.3589091633445034,-57.24654142368154,165.64307730096348,-183.33499290977,-0.8794391400584449,-0.4631094728014816,0.11007458896038066,4.832822604252719,-4.3207485546095885,-16.969215057188578,-59.3032667471456,165.41589866706184,-200.7229599715457,53.48252869425314,39.8894735770446,1.340767974562367,13.80046009834062,0.6661237864666892,5.155539671335124,11.228625081797398,80.75766842766922,-2.8688214425699994,-164.37136083589346,2.7802347536520706,159.29571743985778,nan,nan,nan,nan,-0.975179386104478,-55.87366309194515,-2.8860770631605135,-165.36003506860894,-2.8688214425699994,-3.5029505535275156,-36.33292172424876,36.33292172424876,-0.9751793861044781,3.3971082440190727,250.5136280233362,250.5136280233362,1.2207419596329367,0.7604498287737363,1.437184255492357,2.864660964488569,3.3589091633445034,4.600104861602707,2.3301583700539217,5.155539671335124,8.876694334603075,11.228625081797398,0.0,0.0,"{""lad"": ""bbb201cc402897439e2a04da10dfd00280bffa12a17952cea6192c3ba01a8e2f"", ""lcx"": ""164057e146c78205532b5ad16b956d3eb39e72e7d5c4362f963bec24a13a6e43"", ""lmca"": ""45ebd0b2f5bcdab5451d041af8bbea949fb616765f6cf25d00c1d695ed37a341""}"
40.label,inferred_RCA_candidate_plus_LCX_not_ground_truth_RCA,774,-32.755286559270026,167.2478248142765,126.3860434598701,-0.006537238448720937,-0.9617515188218431,0.2738453588384192,17.06821922431561,-0.8623934296317047,1.0234234355644214,-33.61766156130345,167.53351271591762,127.3687996527573,49.497133715335664,38.85422980870303,1.2739187974908386,10.393273656000414,0.6195218785242053,17.658914602194727,36.668501203822935,-50.30723822294776,113.48754761349502,150.5644248089387,0.6818854627931398,-0.5749510775625944,0.45217637492575546,1.4858053528687256,277.27459596564245,56.643061217975166,152.50775041271044,297.1183222889972,78.20796739948345,298.0294694513671,65.74850246024579,4.532870838108713,12.142041673335742,0.9753619330358566,2.103198858042172,4.573327879459192,47.75293985253076,1.531425228277811,87.74420222017721,2.8889970302342207,165.52733685824953,1.0872172982119315,62.2929626011599,-2.7448460984485914,-157.26809685405476,2.6308163623442433,150.73467423628506,-2.6895360376695168,-154.0990638068017,1.531425228277811,2.8889970302342207,77.78313463807231,77.78313463807231,2.6308163623442433,3.5936492695100695,55.16626195691324,55.16626195691324,22.02653195494221,10.63904143282023,24.45212382540446,36.24027629466879,36.668501203822935,1.9342528119173559,0.8279625918723602,2.103198858042172,3.4798862840694382,4.573327879459192,0.0,0.0,"{""lad"": ""6f8e37aab892b8997fedc3c210a17f4e96a5f00c3f08e04647ea4e50d780d9c3"", ""lcx"": ""0876ee52856a4d246ac3846dcfa02e80c5358328de59d67d29a314cec3342319"", ""lmca"": ""81f3c34ec111a702a904cba977570d5654db1f3f8417f6e0f2ab3298fc78a6b2"", ""rca"": ""e9425816b06f8cee624a0171668e071ebeca79ad554f4e0327e3c0cd3c624cd8""}"
41.label,inferred_RCA_candidate_plus_LCX_not_ground_truth_RCA,352,-2.9590287642045454,153.07401899857953,78.932955308394,0.5730517355915702,-0.7118986695554578,0.40597043318529763,2.6552164063141213,-14.524577225416493,6.650877871486054,-14.862198576316546,149.1384055437716,88.83361261974817,50.22570868689111,25.61731870676851,1.9606153657923873,10.65706356110973,0.86014834300935,3.414625091753916,7.411839853894411,-45.65375434027778,126.87489149305556,105.48703779997649,-0.3401362265468222,-0.7315343814023875,0.5909016806683792,0.1557334017062605,-41.02778166766933,-1.2884488064459831,-84.23530266565672,136.9211277565541,95.71584367381193,42.964824096804875,11.704926937552475,3.6706614510307154,4.356098060548435,0.9621754739260633,0.22923189173002398,0.5163029034878618,55.545520163084866,2.449698381614808,140.35737834655663,2.6858584567510837,153.88835394135765,0.981389225840434,56.229460700268056,-2.1057341814041455,-120.64968137089281,0.2928023576040859,16.77633932219439,-0.516638479469948,-29.60120440768425,2.449698381614808,2.6858584567510837,13.530975594801014,13.530975594801014,0.29280235760408607,-0.516638479469948,-46.377543729878646,46.377543729878646,2.892585149477221,1.4060673851345293,3.2076715797834163,5.435741337116514,5.751473958545422,0.19955541355141884,0.11495353943225634,0.22923189173002398,0.3467983249054467,0.5163029034878618,0.0,0.0,"{""lad"": ""2bc771f9f9164075f50ef32e776589bfdb49c56c968997bd60b59a03b30d345a"", ""lcx"": ""5678e0f6da64e71dd905945b2f294f883853b948f96ab17c723168cd0e892bb1"", ""lmca"": ""3ca5397850cf647370e3209ef3b88e669d35141c7d9078de58c2a459081f8c4b"", ""rca"": ""fccd0a6938dc965dec3c17f3b53a534e36107336dba4fc65f03d1e311f7d9679""}"
42.label,inferred_RCA_candidate_plus_LCX_not_ground_truth_RCA,343,-34.19411101494169,155.98228521319243,-144.4027727310581,-0.6620345481922054,0.5953538355068783,0.45526263579080545,3.9004846475274877,-2.751161205290582,21.85398952908624,-36.25603293660677,167.81052344184113,-162.8691477058656,52.825022694665435,47.07791336954601,1.122076551694348,19.852474111291997,0.45360116677008255,4.149631540903788,11.160138708975598,2.77691650390625,162.83433837890624,-186.60000305175782,0.660377220118594,-0.6770653619828071,0.3247836553023085,2.687660879915078,-35.261747833111265,21.726265677100024,-23.702330129852655,151.23565612581766,-156.9395656271628,64.15933717990187,40.8496850189645,1.5706201198397451,-21.919482123956136,0.7711188773552258,2.827708027397661,11.155966203007472,46.17769244554259,-0.71125615100762,-40.75197560545618,0.330937250492043,18.96130773685779,-1.5351840738459184,-87.95956820707123,2.9521974654443763,169.14845505918146,1.3574560018462003,77.77649978049017,-1.2206306473465476,-69.93698443727874,-0.7112561510076201,0.3309372504920431,59.713283342313986,59.713283342313986,1.3574560018462003,-1.2206306473465476,-147.7134842177689,147.7134842177689,2.2464298124908897,0.9203127452025621,2.4261584228035167,4.065935569787619,5.287454518782033,1.83968868902801,2.1507985168850214,2.827708027397661,6.43699007099757,11.155966203007472,0.0,0.0,"{""lad"": ""8f4708d340996060d96ddba53da7fa3379cd7168efb815958869a0bb7fd219ae"", ""lcx"": ""63ba987002fbd94d1911688a2ce277ab5b24e4aa56148fd3de38edbd042d3955"", ""lmca"": ""d89124dadc41020eb6bedd2854d2b5be4f7efec51364a980faa8beaee8f73ca4"", ""rca"": ""de2d43e9cbc8c20ce7f5d0ef7aa92af67208a70ae42172031b316319033e5f75""}"
43.label,inferred_RCA_candidate_plus_LCX_not_ground_truth_RCA,430,-24.156359011627906,145.9547601744186,-253.56859244413155,0.5828321909559075,-0.693858822874572,0.42292620054171376,9.693244329188204,-6.497735374490103,7.217346401056179,-29.436370308318136,146.4774077688576,-245.43477573433353,56.83876247731268,31.21959961261055,1.8206115127227245,12.174550307305786,0.8356475711344784,10.039633881216986,28.774338528708853,-56.12346681668357,156.49284118280934,-236.78223931426692,-0.9742007798537365,-0.20173855596653126,0.1011651895115629,4.978257849134911,-7.547014757288222,11.596373799017885,-55.80686267043089,149.1009975125521,-248.47384852781525,46.804603590401896,39.2838025883302,1.1914478870817322,46.749510015938434,0.5436455170431514,5.583575735566258,12.214037238613953,67.35426761388985,-2.279588926467721,-130.61082451135857,-2.927662009841579,-167.74267700471054,1.1851144354484027,67.90205539122272,-1.5793214530480333,-90.48845375412091,2.3151621337411044,132.64901915186752,0.4904955135041048,28.103322793887283,-2.279588926467721,-2.927662009841579,-37.13185249335197,37.13185249335197,2.3151621337411044,6.773680820683691,255.45430364201977,255.45430364201977,14.59200337623047,7.134178938617537,16.232320419624074,25.30566515920911,28.774338528708853,4.904368356120283,2.6716975237692,5.583575735566258,10.327057746295063,12.214037238613953,0.0,0.0,"{""lad"": ""e519174c1a989bda7bec2b929d673e7765debe2910fa79552d720f7927864f4e"", ""lcx"": ""64f1e497e9f3c97aad776d7d4414b8cffc73f59e216272604e5b88c141bee934"", ""lmca"": ""95e467d268a0819efa5bed1d527b59678e668151c4755c7bfe7f0e189fb347e9"", ""rca"": ""de0a0f81886d2981789f161528219e9171113b5df42848a26f253e691e3ff66a""}"
44.label,inferred_RCA_candidate_plus_LCX_not_ground_truth_RCA,596,-25.046698039010067,144.12131986682047,56.198321956916146,0.4846277753134083,-0.8402692243928019,0.2430710800015007,8.645831860059983,3.38274156018781,6.008530903396588,-22.087744715323815,147.36579939037085,61.51464887778943,47.69706762386574,36.00268240797871,1.3248198310161297,9.948046184625882,0.6559324224923347,8.971631640278739,20.761641413109974,-50.22842860457921,173.95377281868812,64.36419122840705,-0.9716243880309999,-0.21627971678964916,0.09575558829005247,2.9344726081499237,-386.14711541390056,-70.05467017373243,39.75546369454999,-203.05379709221953,125.89014438800851,418.0408747593783,102.53911362885592,4.076891831467284,14.088834777636775,0.9694510397419627,3.125828640858935,8.44249490674111,74.58149019270799,1.7466038444804903,100.0730287700561,-2.5996191973307647,-148.94720834823954,1.080621405774985,61.915045802400606,-1.9176554521387559,-109.87356396780235,-0.5894131438060751,-33.770885529625566,0.20072509595494797,11.500700840576991,1.7466038444804903,3.6835661098488215,110.97976288170436,110.97976288170436,-0.5894131438060748,0.20072509595494734,45.2715863702025,45.2715863702025,9.423123307181978,4.923228108733169,10.62747962280616,18.50939696553787,20.761641413109974,2.7119307742510648,1.556996130276577,3.125828640858935,5.234192615945691,8.44249490674111,0.0,0.0,"{""lad"": ""9373d97cad67a48177d7ebc549700ba6aa886c91331013a7e845c78d387b13a8"", ""lcx"": ""a100f168a94548f4a6106b45fad7d553e231c6ec5497c6edbd071bb5ad94b3d2"", ""lmca"": ""ac8232f53ea1606a298a39fc52f0d2ab709eb42dd02e856dc64b4f0d8b1740be"", ""rca"": ""ebc13cb8e9d0c109cfe4ddf70b49c52c7a24cbc758e18f7ef96c326f6c74ff13""}"
45.label,inferred_RCA_candidate_plus_LCX_not_ground_truth_RCA,392,-30.252645687181122,180.57282366071428,144.01504796865035,-0.36867424540113136,0.5886017769463895,0.719463167197223,6.7810957850829725,-13.308688366339146,1.886326588392702,-42.62385219987704,178.92594136754232,139.02301009188352,63.597059453177124,37.38513459021614,1.701132285606931,42.07558743014881,0.8089744823897035,7.503530737639028,16.62680605305196,-66.44710811491936,183.56376008064515,136.4159467690307,-0.7131814715275457,-0.6497767854346967,0.2629872958527781,5.212450119772812,17.982810299977345,-3.4783024149707567,-53.84152764975644,170.3705898004262,138.00328827872931,60.9595794401743,40.702733719869386,1.4976777692554926,0.6490143256284245,0.7444301286901579,5.716917528661525,20.004258507698843,86.00430368016707,-2.0871912268157464,-119.5872483332748,2.5312998729597065,145.03279940259264,0.6586903610523376,37.74017769424732,-1.1092108139941197,-63.55309823213365,1.1163691123929682,63.963238518882925,-1.2592411846394302,-72.14920526889338,-2.0871912268157464,-3.7518854342198797,-95.37995226413256,95.37995226413256,1.1163691123929682,5.023944122540156,223.88755621222367,223.88755621222367,6.703371084355627,4.24699840319666,7.928482821657965,16.08108953869947,16.62680605305196,4.864936501402828,3.005282807572493,5.716917528661525,9.934813171554358,20.004258507698843,0.0,0.0,"{""lad"": ""addd5f02d8935cb2859080b91a36688df23a4a0a20540357d8e2b2a045e282b1"", ""lcx"": ""16d8fffef52ceebd5039ab5ad3b45560c264032d843796a39646d5d01dfd69ad"", ""lmca"": ""ff2adb8a6e9294586785d7354f8c06ee8031b30d47de485f6aa0473f12dc510e"", ""rca"": ""d10a8e6cfeb37978fa0e55011b6a0f1b8a558e8919ebfc184f2c581f290c4536""}"
46.label,inferred_RCA_candidate_plus_LCX_not_ground_truth_RCA,407,-41.066075130528255,183.13011075706387,120.81240862534732,0.6730046037286306,0.641719756686603,0.36777786398607,5.222658233649702,11.499732799720144,15.62765411286217,-32.560432401230806,184.1860277155416,103.40532648403007,57.52154126989414,41.600929659657666,1.3826984574740266,-81.1318101976941,0.6906140656908852,5.443238301219564,13.59477111881137,-17.460313585069443,174.45331488715277,73.77986187405057,-0.33358173433838095,-0.14140798966075754,0.932055259614955,0.49546304509950684,-0.6313742497139679,196.86815560145322,-18.055523463884867,369.1257016588577,103.10181401181107,199.397376522777,108.51403459779429,1.8375261528321245,-86.3207224749829,0.8389490685697232,0.7395911819251101,1.745952843359884,88.42170567993789,1.691652123612484,96.92452708733836,1.4198014731254633,81.34863215654603,-0.1481540503722614,-8.488601804099181,-2.4240839623825554,-138.88978022986984,0.11368665347983617,6.513765431360886,-0.3244956875334103,-18.59223336586033,1.691652123612484,1.4198014731254633,-15.575894930792339,15.575894930792339,0.11368665347983617,-0.3244956875334104,-25.105998797221226,25.105998797221226,6.983193933140355,3.7206898166301636,7.903243549001411,11.9946081148021,13.59477111881137,0.6493645801677792,0.3552423501566214,0.7395911819251101,1.2930690859384197,1.745952843359884,0.0,0.0,"{""lad"": ""03c8438f9841b791ab5fb281bc696a8af749c91ea54b6dd41aaa0c7e0ec1dc90"", ""lcx"": ""06f28ff3fb80765569eae6feeb8514cca0f52061e653e806c32a46122aee93e8"", ""lmca"": ""5096d05fb018c2d2aee94fb754489b20e37b2638e1c38d90c7841fb4667458c1"", ""rca"": ""c23ebef93830220eeab0f9fcacbe4bd8082315fa25263bf22ebad4fa86a77165""}"
47.label,inferred_RCA_candidate_plus_LCX_not_ground_truth_RCA,465,-26.977205141129033,171.48506804435485,25.201613666165258,0.3392816843229478,-0.7707385907819624,0.539305074482355,8.120858309972755,-12.571099298835254,-0.23102386337741893,-38.802647476409696,167.85802619958767,27.457581449154574,52.15449608545078,40.828710443250905,1.2773975841814043,-12.744561107803008,0.6222210144860219,8.273059218989426,22.395241535309857,-66.03745202850877,198.63342927631578,19.35789549978156,-0.9059506451463908,0.3649809032585385,0.21457485597203566,4.062108708826241,-437.51560736105944,-365.62854529805463,-251.27425875873854,-328.3624903971772,133.6678508893503,585.548692798387,146.42399142706455,3.9989942023268465,41.75916474841261,0.9682295993015867,5.085800879864079,9.524985721262187,61.773650138019846,2.307424389117952,132.20567904201084,-3.1332157975469928,-179.52004150315886,-1.422820411026358,-81.52160455687938,1.320260426306684,75.64535028551583,-0.4414445860645088,-25.29291167039599,0.21844367227916012,12.515900482934772,2.307424389117952,3.1499695096325935,48.274279454830285,48.274279454830285,-0.441444586064509,0.21844367227915976,37.80881215333075,37.80881215333075,13.001727852575181,6.401747712572379,14.480911501474518,21.473507257640744,22.395241535309857,4.432895277140819,2.4966047546511705,5.085800879864079,8.970818702041974,9.524985721262187,0.0,0.0,"{""lad"": ""f2bf4d88bb2da0fadb1b09d39fe0c31fd1327cccb29fa59f66927b9416af472a"", ""lcx"": ""cde41d660d8d3a9c4dbe02c1509dda2c3d90f2330ffc1eda4851e282f771fe3f"", ""lmca"": ""03f3c56325be70b7b47330ce5c76fbb601c19d36253785da364d26e9f69bff55"", ""rca"": ""5b9e5b82d73f7d072aca1203f1172813c11481e3ba645d924aac2da78442f10b""}"
48.label,inferred_RCA_candidate_plus_LCX_not_ground_truth_RCA,508,-50.177149975393704,141.29063115157481,-45.63464872104915,0.6831513245904475,-0.7229705380249233,0.10304304371606128,8.620200680133285,32.3018519558257,20.154021200259177,-26.587855499664503,165.98066617005668,-28.79595615778737,71.64522578356747,36.99561860608756,1.9365867765697633,13.918789663493547,0.8563641305273708,9.423353468587525,25.040547396584916,-81.767578125,184.6455078125,-31.00494491222293,-0.9622205445062256,-0.24739436551566732,0.11369983131580738,3.886198602993828,43.768550800008704,-28.447235446760583,-69.85066087941627,134.4989712939761,-39.26588930464156,73.56202217864426,42.71699892937029,1.7220784236335083,-16.191130851862262,0.8141221582143132,4.176701714125237,12.32837923341114,62.17533312532275,1.9478342763558645,111.60268322610987,-2.797692852598597,-160.29599282781555,-1.1460104942647462,-65.6615645990714,-1.9546864078439723,-111.99528144104714,1.7157812362396512,98.30702340427086,-2.315508560240175,-132.66886792817576,1.9478342763558645,3.4854924545809896,88.10132394607461,88.10132394607461,1.7157812362396512,3.967676746939411,129.02410866755338,129.02410866755338,9.78810260325653,5.6061126928719895,11.275459849606102,19.54632453747509,25.040547396584916,3.6486854144187033,2.0356763996849874,4.176701714125237,6.75307473260107,12.32837923341114,0.0,0.0,"{""lad"": ""3eb1cd7ba32f6af222315eaed5fc7a1f5513169d189919b70b3698f76676dbe2"", ""lcx"": ""f1f51d156fbbfe48b94d48bf3fc1e519044f7b9d36e97a01426ebbec0a3904fb"", ""lmca"": ""33713916c11b5a20e33e5ef68dd8ac82f08cb480c2c5265dafe01759152510cf"", ""rca"": ""8eafd9977b87a5035a8ae09765b2ef7249d41e2c4f3097e92ab221ac26082bba""}"
49.label,inferred_RCA_candidate_plus_LCX_not_ground_truth_RCA,512,-22.31588363647461,147.76047897338867,-164.8117218017578,0.5108383514461812,-0.8327666589523726,0.2134100991730493,9.043200918760848,1.4038488815753698,-0.8370434696006336,-21.109027340050616,148.24737897093544,-165.8005897021733,52.07637577337427,36.042159988782885,1.4448738862926525,3.090620204751917,0.7217997808097929,9.48023431813843,25.832814865115225,-48.17565634084303,175.01625522347385,-166.35668909826944,0.9861009528331102,0.1490861733735284,0.07333637385684225,5.146772995348762,-16.965494300198706,-6.884277149193005,-45.142727556733604,158.24036377091574,-173.03441907779722,49.277479996554845,28.265094202218705,1.7434040602874321,-54.245479113268914,0.8191421993039198,5.213870290901488,12.304062657450235,66.71937418638218,1.9267551902263111,110.39494055489371,-2.6348892032221713,-150.9680308292187,1.2570425213339969,72.02323114092177,-1.4677302199798845,-84.09474706865528,2.89664918419669,165.96577298448332,-0.30621763452726314,-17.544978070891695,1.9267551902263111,3.648296103957415,98.6370286158876,98.6370286158876,2.89664918419669,-0.3062176345272632,-183.51075105537504,183.51075105537504,10.18672537587951,5.828283814707555,11.730034852071725,23.374708540988717,25.832814865115225,4.499225198597713,2.638494530437014,5.213870290901488,8.023780317651722,12.304062657450235,0.0,0.0,"{""lad"": ""226d2515ba469cba70ed5c98060bbade45b7db34ae305efece01ecea335d61e1"", ""lcx"": ""b780f5c7d81366232a871dc4e2914d5ff14869ab9fb20084223b905652b72a3d"", ""lmca"": ""1f000406795581826abbfe7fb632e65f8805b0dcf84bfdd53ff9840f30406fa7"", ""rca"": ""f2153cacb26746f4cd4bd16ceb8050634fbd59c3bdeef256efce1b6224330a7c""}"
50.label,inferred_RCA_candidate_plus_LCX_not_ground_truth_RCA,392,-57.793626434948976,166.0126355229592,130.0099497425313,0.8037242792635271,0.5739849210846929,0.15674371850164456,5.026089601000364,12.462236064997482,14.231172830286312,-50.37857206848467,160.09920619610716,113.6428507263981,55.98679188309827,38.59369118621472,1.4506721218491843,-73.65169856569281,0.724442110311077,5.89015858636919,13.881255042713232,-28.312088815789473,136.71474095394737,92.69342181557103,-0.17893759108978574,0.44095890455311193,0.8795092853348987,0.2533067383239922,-123.24503566965409,112.71485059152403,-149.5680021525869,227.59065556782912,22.461320999537968,173.44724920115002,43.95278543790278,3.946217457507878,-38.86146668546409,0.9673596953894588,0.8654987181069802,3.240521420901559,75.69137789298598,1.5755221997520477,90.27077257495976,1.2853597764246523,73.64569034501167,-0.15126364425315722,-8.666768409474217,-2.482967409844937,-142.2635532526446,-0.024080038237510794,-1.37968456152301,-0.4545004954776539,-26.04096017747433,1.5755221997520477,1.2853597764246523,-16.625082229948102,16.625082229948102,-0.024080038237510773,-0.4545004954776542,-24.661275615951336,24.661275615951336,6.978774464561449,3.47459422998078,7.785432041695927,12.258386816424467,13.881255042713232,0.6437316805549272,0.5823746118733929,0.8654987181069802,1.5200567193939014,3.240521420901559,0.0,0.0,"{""lad"": ""ef6b57b7d9cac2a0ffe424547f17f8a7c8dd5bd89408a9abf36cbb9ac8b3e345"", ""lcx"": ""5f89da9ce36bb7d9134b2b95e7c8a97e80d7ad93d8b200d1b51c37bb6e8a3046"", ""lmca"": ""95196a014ad1b5351338e228ef39d1f9649e1c67e2cb140b19f89ad3d4ea0ada"", ""rca"": ""d57a5094ec78b23e6491935b5244dabf5a1f329cd1c963caefd44743c9f33670""}"
51.label,inferred_RCA_candidate_plus_LCX_not_ground_truth_RCA,331,-7.1713616408610275,172.58699372167675,115.4635959291026,0.7487668906471964,-0.5291686665910967,0.3991599501061325,2.5669749968859197,-18.42564587663495,-6.018750609516725,-19.38449552412189,157.94813185766688,118.96686139816076,47.145354828295716,34.080470439354436,1.3833539919054227,14.162595846846617,0.6909727861236977,3.4907922267785314,10.777274252150235,-64.85315148305085,129.91532044491527,127.35678042395641,-0.6806766350314344,-0.048111456089580465,0.7310024666957177,0.7773384858637201,-84.63438585718067,196.79133240551207,-126.85494849654651,330.0651806628821,82.79650213505319,223.68776067834958,64.14262788566997,3.4873494905300473,-62.843781987731916,0.9580052300726792,0.9872838834386465,2.095221455190735,78.90582836561173,2.739548707273445,156.964578697289,-2.88092882125616,-165.06506253557708,1.2240562264893047,70.13325566454675,-1.4939936071185107,-85.59952830741673,0.11062082135833719,6.338106190103355,-0.5085420507389429,-29.137313212269195,2.739548707273445,3.402256485923426,37.97035876713388,37.97035876713388,0.11062082135833722,-0.5085420507389427,-35.47541940237254,35.47541940237254,2.7140993928694366,0.9139277510245102,2.860600990650278,4.021008982604655,4.370546526974959,0.862153871729837,0.483112945502852,0.9872838834386465,1.6857089406564565,2.095221455190735,0.0,0.0,"{""lad"": ""f3b51950a5d50b795fe2de70d1f26bcbfed17f3fe39cd743f65299068d789a49"", ""lcx"": ""78a74124990774331bf87b660a2c362cb81e33e616c9422490f4a3af44270bfa"", ""lmca"": ""988b22dee35b0369492df5ba61a032d51ef17f84e651d72059faa57d7a48d5de"", ""rca"": ""613f4f364f54af6d9ec74a71f5fc59f36db2259d2cbd58e4a42e5d97d5ac2014""}"
52.label,inferred_RCA_candidate_plus_LCX_not_ground_truth_RCA,635,-22.252555979330708,172.17024790846457,310.9240126962737,0.4427835462371749,-0.8950177376652917,0.05372132208104021,12.33571013015158,-1.7434527375117979,-0.7980574351314802,-23.815785454574005,171.35184712094468,310.17364153716414,54.06170427336123,39.06968086792607,1.3837252588807998,9.99210147246645,0.6911756416487749,13.151270198615213,35.52373219725391,-50.0994274068323,202.91079920419256,313.27608390476394,0.9224436646225247,0.3841535170078965,0.03903538097970899,3.3251027901499164,19.899078588018142,3.7012514637313743,-42.41576247006707,185.02323031029698,307.738145366322,52.00173779304929,33.33530664522326,1.5599597851757216,-54.77213588891081,0.7675056619009397,3.4536263738794313,8.9834433001282,86.1746307373647,1.557127202944801,89.2168168937479,-2.945074700943189,-168.7403507147978,0.5573659678378057,31.934717601330647,-1.8288504207497611,-104.78541046968616,-0.22763762378472122,-13.04267510125137,2.592999479651471,148.56792646364786,1.557127202944801,3.338110606236398,102.04283239145431,102.04283239145431,-0.22763762378472113,-3.6901858275281163,-198.38939843510082,198.38939843510082,15.104278314904498,7.589958900151419,16.897171695581996,30.87918681217909,35.52373219725391,3.011570223664542,1.693187314659583,3.4536263738794313,5.641543650566939,8.9834433001282,0.0,0.0,"{""lad"": ""c59e5edaafc1bb580ae9ec0189973d1029632aa5d550659c48f818e48708e0cc"", ""lcx"": ""08dd96b20641d71ecf00ab3ffa2b34180b17879438949d3379515e29b484733f"", ""lmca"": ""dafc405afc8523737bd9a6f56aed894209631672976b36131578be6e0df5a892"", ""rca"": ""87829306b2568b1bee1565789dd268b13468d8d1f37a4d9ae49ddeebd6a1552b""}"
53.label,inferred_RCA_candidate_plus_LCX_not_ground_truth_RCA,678,-22.205354673672566,153.21733556876845,57.02964606538283,0.7477065716405794,-0.6154001194160916,0.249434511942817,15.051740659873712,-9.801221018431516,9.031518508408498,-28.713652395110206,149.8181649422674,68.1525935093354,46.73121076078569,32.670737533435414,1.430369017931129,-0.6949325478755999,0.715004071788703,15.607150317395988,34.17809921368298,-62.867177635732325,175.37961976536195,72.06279466047833,-0.8428804147708017,-0.501348439015352,0.19545421226638066,4.022869368996187,27.752101445896102,-14.918551326859195,-47.93374615353696,148.16671849012684,66.65974582613266,56.357707835922824,36.96647506188789,1.5245626677028539,18.813607156538545,0.7548253666290412,4.12418051412375,7.933320758575113,74.16045415786084,1.8077276821965997,103.57516669883174,-2.5134625670879753,-144.01079705825853,-1.8066488406054269,-103.51335362889435,0.6222475592172886,35.6521589554674,1.0088981999264466,57.80560881413133,-2.806242081316218,-160.78582755142725,1.8077276821965997,3.769722740091611,112.41403624290975,112.41403624290975,1.0088981999264466,3.4769432258633683,141.40856363444144,141.40856363444144,4.018640470586619,1.7649377081795077,4.387263564208785,6.956330558404857,8.02407903085822,3.642884494163835,1.9367206105904815,4.12418051412375,6.549073164593883,7.933320758575113,0.0,0.0,"{""lad"": ""3f2cbc727567102376c44441ed95c3b9eec18ff0e96138ba0a8103c6b585276d"", ""lcx"": ""970c73874f32b86536a14cc51a70f3b719f14a48fc27fea9579de30aaabc10ef"", ""lmca"": ""dfe01f14668f5f6a69678743c6adaed84a578753cdedab442ffc6369696318d7"", ""rca"": ""7325639dd68a44d44e23c9d6eb0e05b49986e1422e67eb9f3f39f87dc27c62d2""}"
54.label,inferred_RCA_candidate_plus_LCX_not_ground_truth_RCA,621,-35.422835836855874,150.5990699854066,147.93389388866086,-0.3903191601126684,0.9204898929788906,0.018689841429282456,11.86421564367044,2.529092114960805,-6.811760843227483,-33.09435228246684,151.44774059577404,154.7642903078537,55.558867804239526,36.54274299399514,1.520380334157433,-7.6198054451921635,0.7532536339191823,12.373459131712,28.086664124656835,-59.960611979166664,182.37076822916666,175.88571123395647,0.7207299967276793,0.6694874817476091,0.17981875208154535,2.1320673210632006,301.78459289152806,328.1043844147976,149.24126353358815,57.4202376002915,-197.40823159987394,456.03942231958985,137.01855094863282,3.3283042271448005,49.27785478003175,0.953796525698092,2.1859175031873206,6.523831056138957,70.22651204018902,-1.5085379199941176,-86.43285605110678,2.9417278628992665,168.54859102016724,-0.6398904987601625,-36.663024929478546,2.017497850757021,115.59411202509173,-2.9373568026953856,-168.29814771848726,2.7521742116188066,157.6879668105023,-1.5085379199941176,-3.3414574442803207,-105.01855292872604,105.01855292872604,-2.9373568026953856,-3.5310110955607805,-34.01388547101047,34.01388547101047,10.447289339056734,6.160705410607539,12.12234735242238,23.48548149248483,28.086664124656835,1.9089868973348492,1.0674409654448538,2.1859175031873206,3.3973229823143,6.523831056138957,0.0,0.0,"{""lad"": ""54da43a217263ccc013acdc115af87966f3afff9699b6ad5255ddd8ebda74113"", ""lcx"": ""6cb6b050d670da24757812ee9e139b0a4560bdb90be98cf9204e62c07a08fc01"", ""lmca"": ""766d8a0fe14a6853d07a3c2d9b74ceb2bba421c86fb22f14412b3bc7a7e5d2ca"", ""rca"": ""01be6eabac2767c76de28bb532c49cff56631f0f9604efe4bdc98fe42b7a95a3""}"
55.label,inferred_RCA_candidate_plus_LCX_not_ground_truth_RCA,570,-20.35094572368421,163.70486567982456,60.905263145973805,0.6227644724166701,-0.7666446673362819,0.1562701697075557,5.651323001302928,-11.366671066436833,6.037905815439737,-29.24433559645874,157.97468348493925,68.2353481627348,58.60217425378444,33.44513873681775,1.7521881046728267,11.3570083242056,0.8211482271958067,6.660591423014927,16.358382343313533,-67.13318398775216,188.80690516930835,80.42982707741625,-0.951327193166307,-0.30747066947182355,0.02093702359135302,4.629952202492119,27.27279311515458,-16.629492330624956,-58.728181191857274,161.7917406472867,65.60140594347756,55.88268133836611,38.42271014268931,1.454418002552038,21.569934333429124,0.7261273357769719,5.026943507693569,13.17928411163371,69.3008971586382,1.7426425379990897,99.84606262731403,2.502265275351441,143.3692394997784,1.087403196600402,62.30361379423755,-2.303473317672014,-131.97929932360395,0.976820272992128,55.96767898526585,-2.7354220168760515,-156.7281367541612,1.7426425379990897,2.502265275351441,43.52317687246437,43.52317687246437,0.976820272992128,3.5477632903035348,147.30418426057295,147.30418426057295,2.777862596119273,1.4201038973042677,3.1165104140434976,5.535228315702829,6.018305195702022,4.040669631849407,2.9948284107774845,5.026943507693569,10.163355039696313,13.17928411163371,0.0,0.0,"{""lad"": ""076a05937cec39c43822f197ad1f45f72f04533107a25bd8ce5dad88e0bd3669"", ""lcx"": ""965ddfc0c41d6d095d8b0c22c6412d73909d8625ab446d53e9e6d78d04992ccb"", ""lmca"": ""ed960ffa9a0c60c49e186a617226d4671dcb0eaccbee867eb726240d0dd24582"", ""rca"": ""70f3951a5c7b4c29620d86efab292a04879dfa763606aa1479020fdc64ee8ccb""}"
56.label,inferred_RCA_candidate_plus_LCX_not_ground_truth_RCA,499,-28.595096442885772,145.9721630761523,-223.06902586912105,0.6940864523030343,-0.6131775806934112,0.37717005616082905,5.15971216135405,-6.041800222660979,1.6888343709015405,-32.94453801187112,143.28508948656918,-219.43343719257473,58.86861204518299,30.414903358308393,1.9355186288665929,5.333986226957992,0.8561922348434527,5.489274516039975,18.806281192285955,-69.9333786231884,169.04778079710144,-214.80361098137456,-0.9114835101079405,-0.13250814720818296,0.3894090416576924,4.707424644292302,9.45931872566386,-26.29693315236598,-66.04241447880868,141.37518833605498,-215.11252599507054,58.17564799844097,33.06522571114139,1.7594208642839715,-29.993956956197263,0.8227738808093237,4.828188749230803,13.838273023844636,66.13870425274737,1.7942792035122792,102.80462562934852,2.8099462607933625,160.99806140202662,1.066836511833487,61.12522955851731,-2.0438413146436467,-117.1034813235507,1.1043939558313012,63.27711258889101,-2.372970973817766,-135.96122170680695,1.7942792035122792,2.8099462607933625,58.1934357726781,58.1934357726781,1.1043939558313012,3.9102143333618202,160.76166570430203,160.76166570430203,7.604440865030759,4.040048032007451,8.604604887343312,15.567132824413022,18.806281192285955,3.9324973550927136,2.8052953182038634,4.828188749230803,9.722543703227366,13.838273023844636,0.0,0.0,"{""lad"": ""ff57d434f7b1022256dc521eb81b8471b84fc3e1859860a412c1e54245408d73"", ""lcx"": ""7f54bb3e96dd408f69d4dd4e9f98adbf8f4d616bc1ed541c493237b36de8f8a3"", ""lmca"": ""089fdce18782310872709c7d5889318d2fa749a0711505ef01c2b776046205b5"", ""rca"": ""895d94092beaaf54168b31d15bf9d0689ecd1d8f2c2f4e2d1c972b94e489576d""}"
57.label,inferred_RCA_candidate_plus_LCX_not_ground_truth_RCA,513,-33.20198853252924,179.4056808144493,201.7657864219264,-0.26396680078031226,0.27326703757651355,0.9250117049313287,15.929482636476033,9.528150414506664,14.342809995870814,-24.011784784225963,193.873390169283,200.1143052722171,46.79744047518332,29.92293085831307,1.5639323800456613,41.00074247202648,0.7688627629618905,19.515563936204703,39.076172082750496,-16.217580729166666,172.6958359375,165.04466361490884,0.049188872796543846,-0.3990132633012862,0.9156248524929105,5.538295103722983,-12.152421889367192,31.79085134598729,-28.35529204785433,201.600803388895,178.29299964845768,50.630962103002226,50.0725248793482,1.0111525677005424,-2.848196858648691,0.14811302571843202,5.784957525470473,17.394583356640695,43.53595157562948,-0.6055368626734834,-34.69470657078352,0.43424234385248456,24.880253588616036,2.1720806488694846,124.45105394225878,2.735074140839382,156.7082049254663,0.28875993097508124,16.544725337361125,-2.6274401908120018,-150.5412338565754,-0.6055368626734835,0.43424234385248456,59.57496015939956,59.57496015939956,0.2887599309750813,-2.6274401908120018,-167.08595919393653,167.08595919393653,14.439793410949946,3.2048555705235335,14.787515550113586,19.611227106462863,19.907542528617277,4.89443851152851,3.087982121805373,5.784957525470473,9.023989590468988,17.394583356640695,0.0,0.0,"{""lad"": ""78dddbbaad6540f9aed0394f3cd78144f5f28b6c56fd94ea4a57269609b3aef9"", ""lcx"": ""ee9a98ed5424d98bb38e6a3bdbaffa259e8a441c9eb193a0f23aca84683ac158"", ""lmca"": ""14fa4f1e8986af2859ecafebd490c881540fb81c1a91af6b3618d2e3e220569c"", ""rca"": ""e0f5e6d62b271da4deadc26fa93203929e10bbbb57d1641271cdd7131022fda7""}"
58.label,inferred_RCA_candidate_plus_LCX_not_ground_truth_RCA,564,-35.929313497340424,153.90172041223406,55.02092179508074,0.6266993324579002,-0.7500745419541617,0.21127263951841196,6.382906273029341,-3.569043888130798,4.350292680057898,-38.710530757572094,152.92822523093113,59.81469466839655,59.76369110482636,30.257080177581052,1.9751969044623212,0.07144848580028443,0.8623699553981071,6.944044656329363,21.55698237711959,-64.969921875,186.9140625,64.81499980926513,-0.919088642992853,-0.3931742764743798,0.02626889111485392,2.09968903170551,21.43922369590396,-7.249022711841331,-56.52177771925622,166.77010148940718,58.89568075321742,48.56092732696903,33.484745617954765,1.450240293924476,31.710115578308383,0.7242467430643694,2.2474389719167145,7.123682888077975,74.00626019549162,1.717453894354481,98.40285965481893,2.6392298850372358,151.21673357743106,1.0745508603506722,61.56722917024503,-2.2795079046442885,-130.60618230282745,0.6343093892855156,36.3432509115808,-2.434384183929147,-139.47993945253927,1.717453894354481,2.6392298850372358,52.81387392261214,52.81387392261214,0.6343093892855156,3.848801123250439,184.17680963587992,184.17680963587992,6.746756083976392,3.402581931497406,7.550772879358831,14.43499007026235,18.034416881046674,1.968159268682235,1.0868618070153921,2.2474389719167145,4.015833929344179,7.123682888077975,0.0,0.0,"{""lad"": ""bcc758164d226c60b3be566dce00f8ee8e021a60e46b0dc7d68537efc438ad8c"", ""lcx"": ""2a74bf3154ed54df84d86727bd91a3a83c47a5d0f6f47e029c345796f82db9fc"", ""lmca"": ""301699c4e65244cd34eddc5db1f51ce72f1ad304bf628dc193eb3367d3ffce85"", ""rca"": ""14d55274f5be72019b101f874d7b4a6c093cdb9f84bf4e18eac0667c32574c1b""}"
59.label,inferred_RCA_candidate_plus_LCX_not_ground_truth_RCA,617,-27.965641460696922,173.72504938209076,133.12584783965224,0.2781720057638702,-0.7105981320991156,0.6462744230329351,13.803203768407021,-9.162553191274817,-2.369376795395645,-36.76656038340606,170.24529196509468,133.08787658393538,53.081311174492186,34.705324936558966,1.5294860737228182,11.77389972544833,0.7566549723018499,14.021459824728826,34.86905149026621,-47.97240879524887,193.8569534785068,146.23958970842318,-0.9958223037985379,-0.0884092332409458,0.022841776093831243,2.2476200649074896,-333.13038287584084,96.09713922553873,-20.732010152237617,-137.9689698163594,49.49234440595319,355.5922645028592,131.3296221091737,2.7076318258744174,-13.966709508296745,0.9292997293734075,2.4389498555542035,5.10109605770081,78.49669869805298,1.7135984131961546,98.1819568564546,2.045432545782841,117.19465215205632,1.0177100252832927,58.310489216884974,-2.257735728192257,-129.3587284813119,-0.4076274626608579,-23.355333224093712,0.24279010565288411,13.91084836144561,1.7135984131961548,2.0454325457828415,19.012695295601727,19.012695295601727,-0.4076274626608579,0.242790105652884,37.266181585539314,37.266181585539314,20.355770765023806,9.604079883900514,22.49773310518055,34.706830267055935,34.86905149026621,2.1291506808999277,1.1923197871849438,2.4389498555542035,4.508179639189339,5.10109605770081,0.0,0.0,"{""lad"": ""1c8270439bf60960aae6cbd43f914097336e91c808b91105d2228ba848634baa"", ""lcx"": ""94c4b6467cc85f47d7063f64d9a301de8ed697929feb8871ae830e7d2934d602"", ""lmca"": ""4dca8cca23dad595292c6d6ed24b1df6de4728ab11e519a3ee7d7a48dc82eb89"", ""rca"": ""b1109c543205bc2d2b508dde19b58a32bede472a5c43f06fafb34ec4c003b98a""}"
60.label,inferred_RCA_candidate_plus_LCX_not_ground_truth_RCA,352,-38.62939453125,183.16131591796875,-219.48038552024147,0.8128937483155678,0.5798017253332141,0.05507915440613197,7.863207920296027,8.376374872561593,2.0912112029031196,-33.750893172436406,176.5804980497843,-222.20616632189572,60.65896707612204,38.28050415656205,1.5845916456072553,-28.606964497670965,0.7757198565918346,8.023767173931544,22.163488688831908,-27.786238070733532,180.62373105351796,-261.3344189306933,-0.37903881285956464,-0.05457631197810331,0.9237699954625506,0.877866571472749,28.373299017055643,243.71638881369591,-1.5301326430577937,423.28161644224076,-236.22486178716522,252.70772816867722,104.81855817064843,2.410906356460846,88.12364363594753,0.9099209225444459,1.500092265992829,3.4739145019165205,73.20900999513358,1.409255085546232,80.74436865914687,1.6972773077769339,97.24682639894517,-1.062264540470035,-60.86327489533684,-2.9140625915330025,-166.9634877317962,-3.054335104086162,-175.00051068278808,2.6858237863545593,153.88636747396276,1.409255085546232,1.6972773077769339,16.50245773979829,16.50245773979829,-3.054335104086162,-3.597361520825027,-31.113121843249164,31.113121843249164,10.666492984688244,5.1479516015948015,11.835251475061865,19.86591221543847,22.163488688831908,1.3537671015296273,0.6481566572980542,1.500092265992829,2.5694894562519717,3.4739145019165205,0.0,0.0,"{""lad"": ""4aed4c5cb41fa4ed7a112d8e2ee523caf0b34845a02d2f4461d6090d0d0359fe"", ""lcx"": ""aa7f5ea77c3870c04f6aa7636d7ea5a60eec13165eb6a06bda63a03a543e779c"", ""lmca"": ""106df6d8143f213ec68caf93dec9a54b74c5eb2c9eeef06e254ebcf8724d1e50"", ""rca"": ""db1d5c5bff1600498fcab5900140506d2c93ec2fa1b2067bfbab72389651d23d""}"
61.label,inferred_RCA_candidate_plus_LCX_not_ground_truth_RCA,535,-28.07532308703271,182.11051584404206,-195.39952050324914,0.5159161309301716,-0.8558902039420887,0.035812073969708626,7.295574726773564,-0.7576774450510234,5.181388704853754,-28.724379210854266,181.93656918761968,-190.20631987835753,54.2265822603084,29.067742381976192,1.865524386026355,0.252332695732769,0.8441911173463242,8.279621020460986,27.25654794913874,-58.995979092864374,216.5163168965081,-167.99735621402138,0.8757500303338063,0.39023407011602046,0.28421691520918013,2.760596372786874,382.819705599105,282.73788323367984,125.81591230395847,111.97517309314284,-593.9167754250507,487.9756778871124,137.0555489067242,3.560422629945568,38.02945224968532,0.9597471293626049,2.7817317157438604,6.600855155818473,82.6462856122683,1.8128993784127108,103.87148306493867,-2.701170099844529,-154.76564646802268,-1.8474101858678968,-105.84880667970945,1.1119691816174293,63.711141055294824,-2.8894346324300773,-165.55240961717777,2.719988760981951,155.84387632728385,1.8128993784127108,3.5820152073350573,101.36287046703863,101.36287046703863,-2.8894346324300773,-3.563196546197635,-38.60371405553838,38.60371405553838,9.507496460244456,5.806208659017739,11.133279187246355,23.023871746449657,27.25654794913874,2.4185931658094035,1.3769949221715392,2.7817317157438604,4.825144555939355,6.600855155818473,0.0,0.0,"{""lad"": ""f16b08d5a9fdac5750966c83778cd39ae5827f702c0d4c5ea1d7fbb86aaed8a7"", ""lcx"": ""0dbc5d8becc9a6b5a6eec1a4e7dea616cb7680fd70ae94d62ca70f9129877b32"", ""lmca"": ""a6bd0e3ce0be9e1ca6d177a4f710523fcee2685bb504ed94442735faced84c0c"", ""rca"": ""2f81a5ce3133de434e8bcf78b446b48db300894a3caa679ed0ccbfb422ed0c55""}"
62.label,inferred_RCA_candidate_plus_LCX_not_ground_truth_RCA,599,-31.114557791631885,174.20761653537144,442.49842623040354,0.3235012740856679,-0.780661898264537,0.5347091978477267,11.576887341851132,-4.801657825899357,10.567210016096904,-35.65801959840147,178.89755425690223,452.094429793341,53.032172905767446,33.464129847665625,1.584746806421648,13.819873964265073,0.7757701194524357,11.818934529254884,30.362905089909823,-50.08074973861524,199.11397464567844,463.0243616494104,-0.9837331643126952,0.09448154695693411,0.15278186645003655,2.781496224321,-329.1982177107014,32.826612639528626,-85.85329223449212,-128.6116120529309,435.3599789937104,348.90435348705677,114.77098683667714,3.0400048226783922,-0.6762842052053266,0.9443484378802222,3.1397653713133664,6.6443615299081875,71.92249593000277,1.8945917336234026,108.55211023699488,2.281633369580491,130.72796247317487,1.0587893641437063,60.66416195877443,-2.588435899427404,-148.30645257733948,-0.5231482950885306,-29.974189368037376,0.1541150709370068,8.830143124049783,1.8945917336234026,2.2816333695804913,22.17585223618003,22.17585223618003,-0.5231482950885306,0.15411507093700677,38.80433249208716,38.80433249208716,9.62052224731412,5.7404886874024195,11.18484818509417,19.645227167593998,21.32934731991123,2.7782864522748576,1.4653440741906854,3.1397653713133664,5.208163766920352,6.6443615299081875,0.0,0.0,"{""lad"": ""5947621997b1e1d880bdc350565ead604dc3381778d8005be3d9d68e2e6acbfa"", ""lcx"": ""5bb9967c1ecad2d21aef513982302345cab5e64a4c154b369999c9ccc80c07e3"", ""lmca"": ""aa3ae4256df07f16fe6d6fe5a34fbec8973e5b748f8caed424d1ffed810a8e9a"", ""rca"": ""87595153286ba136582e542774ef1816f293ca4484bdc10ab34d69e8331c08a5""}"
63.label,inferred_RCA_candidate_plus_LCX_not_ground_truth_RCA,425,-23.876569393382354,145.16439568014707,-153.14882658116957,0.6176303169754395,-0.7410640622674978,0.2633568817563201,3.558238508935763,1.0124601155289772,6.322741255195474,-23.080301347042724,147.87085364758588,-147.4005072672698,49.0724479702214,32.415965400222746,1.5138357708724663,0.7381910549243901,0.7507612609618471,4.497010871556695,14.296290719987443,-55.48735747466216,176.6411792652027,-148.6523196540744,-0.9331901340695935,-0.34863028387956385,0.0872530735116478,2.310271241105073,22.48490908574882,-10.92954250654308,-47.40666236080345,153.63275052118647,-154.16055069544407,52.60248490987272,31.382810927984654,1.6761559386946463,43.86093789626228,0.8025363664145289,2.53574690118985,5.120676214555254,72.84063691216184,1.8964325884747208,108.6575834506716,-2.546580537933993,-145.90831701377263,0.6998445358577595,40.098138219941625,-1.5392547543010795,-88.19280101689836,0.6227914139381256,35.68331953563963,-3.0877534009531185,-176.91523805177997,1.8964325884747208,3.7366047692455933,105.43409953555577,105.43409953555577,0.6227914139381256,3.1954319062264678,147.40144241258042,147.40144241258042,3.8602481040584724,3.0450499851389004,4.911698778722352,10.639374131264127,14.296290719987443,2.1470279995710397,1.3517908406504502,2.53574690118985,4.460299768046316,5.120676214555254,0.0,0.0,"{""lad"": ""68fdbb528f505ecdc0473f5fdeec929627eaa6fefd3e3f6b7f17ab9153aeccaf"", ""lcx"": ""af69ab30440d1f86aef3e81d0c2cea8dd4f26cc7f865c5848dda98f486bc5124"", ""lmca"": ""a7944f1bad898210b30b03d223d9392fdc92ec0511c24198b09ba19159812082"", ""rca"": ""4312da73dedb4cb2d47f78e074d50b8d151ffbbff4c89371c83a7c21ee95d4a1""}"
64.label,inferred_RCA_candidate_plus_LCX_not_ground_truth_RCA,348,-8.598195043103448,163.0940530711207,55.307758668373374,0.47919063697056197,-0.7047719542119938,0.5231374828818467,4.1324856555257705,-13.440073249135297,0.6001515387765486,-20.39469313747174,158.2803705069423,59.628272954023636,47.188821552330246,31.059201155021082,1.519318585072547,0.9274085814316146,0.7528520328742069,4.360571896319961,14.36572027404271,-49.6359375,176.10725911458334,74.46666671435038,0.4846496047289265,0.605638876401298,0.6311230561685008,3.0772723494741756,0.5719158177571055,-4.246810148850655,-49.13567793808998,172.85116818487927,77.20712221867774,28.919340685730216,4.688580916230615,6.168037024938438,-88.36805136826925,0.9867700423747076,6.516219678119246,24.52650223556381,82.20862752701584,2.3899468540907045,136.93386799996574,2.7208237301661073,155.8917165375595,1.3015522023810397,74.57344801239076,-1.752136818076252,-100.39004480525057,0.6109061903480946,35.00234638536153,-3.1198985082272284,-178.75701703058172,2.389946854090705,2.7208237301661073,18.95784853759372,18.95784853759372,0.6109061903480943,-3.1198985082272284,-213.75936341594326,213.75936341594326,6.238329620028765,3.8452036540055987,7.31265184156686,13.495532415956907,14.36572027404271,4.395646169095605,4.823762444082414,6.516219678119246,10.475406493766627,24.52650223556381,0.0,0.0,"{""lad"": ""9d63972f0bc8fe1e3cf24e9f5fc79f582f903a29c3d61657b276cf59a501454e"", ""lcx"": ""f79bffe970f36889e71efc19a2fc924376784e466f9f5dea9ac1f243092b9648"", ""lmca"": ""9b523a73780df0d954d3fd986ef785d794c8c3cb20bd5700950691e593dd947c"", ""rca"": ""73d03383596fe6014d3abc196d27985bdbe17809b28f9b5a736e8ab6e33d299d""}"
66.label,inferred_RCA_candidate_plus_LCX_not_ground_truth_RCA,490,-30.16646205357143,174.72061941964284,-217.9275388133769,0.5204251217386242,-0.8049898033433199,0.28486682709052213,8.634674437249116,-15.856491633568691,-1.5522640436421826,-43.70643615735585,166.42339773442023,-216.6379403635728,56.28778141246466,37.339193060450306,1.5074718224718335,7.688560320799827,0.7482983611070922,8.867637866111103,24.735835595886915,-84.2660546875,135.4428515625,-215.30713065011162,-0.8797810836453438,-0.2338268380802208,0.41389642986287173,1.8524985075365288,-106.8467598252887,254.2088937089514,-135.05876628248808,403.01098774813363,-172.1124009615667,286.1582860574727,76.75475364207918,3.7282158104744725,-65.84672780921534,0.9633563453100185,2.209686617290502,4.6761385036418766,81.27300149364552,2.3265307186333524,133.30039108522953,2.9629001712128584,169.7616749290858,-1.6888870079393798,-96.76609762940402,1.051707694494084,60.25841217594518,0.33548154599205254,19.22167668986863,-0.45630492944335527,-26.14434662811907,2.326530718633353,2.9629001712128584,36.46128384385625,36.46128384385625,0.33548154599205277,-0.45630492944335527,-45.36602331798771,45.36602331798771,6.978725700181026,4.3455800107225295,8.209139358725947,13.888101281634752,15.92283551514753,1.968891750580641,1.0059636504751321,2.209686617290502,3.8467098136027604,4.6761385036418766,0.0,0.0,"{""lad"": ""a9aaaecf03f0c5ab43f7841cab2921157f604e8f7e364839ab20cb6e1536c8c2"", ""lcx"": ""c627329ffcacf64e52e54aadc6251334c4c721e4795e4439748408dc4b8a3abb"", ""lmca"": ""d33128551b4532b756fb5bb6f038ec77101f71d802fdafcbdcbde00da9741af3"", ""rca"": ""b621e6d7138cecc1b45721d7e42e726278d291ee5a022468d0fecada4b36d636""}"
67.label,inferred_RCA_candidate_plus_LCX_not_ground_truth_RCA,377,-34.23625300480769,185.17835346899867,328.1701713582249,0.30709926904647644,-0.8958380543339588,0.3211918731198954,12.118280591004318,-8.969672240961524,-15.924674384272786,-42.772488140831584,177.21080826835606,314.1095459264165,52.77460231652867,38.07532485751509,1.3860578344116825,23.31797179739388,0.6924450518539192,12.295038648764809,26.58584796280736,-68.04013251345694,191.52528315639952,333.0839834988973,0.8773415138310727,0.47298913252885055,0.08095152017230572,1.861911095734312,272.73197680841537,39.11059476769771,62.834809558800856,-37.72669104638087,254.16851189402146,294.7100339574694,106.61947910476462,2.7641293732816536,0.7115298002741941,0.9322644431141333,2.0409512593322354,4.962739954296296,82.62922496959548,1.6190533149305786,92.76492175218746,2.4285961135823944,139.1483074501455,-1.2432162891639034,-71.23104639100741,0.7029466528471601,40.2758764309901,-2.5240428303191886,-144.61700148754448,-3.1355605358718703,-179.65438511323694,1.6190533149305786,2.4285961135823944,46.38338569795803,46.38338569795803,-2.5240428303191886,-3.1355605358718703,-35.03738362569245,35.03738362569245,14.42050139709347,8.017462003468347,16.487231708644323,26.315178281412855,26.58584796280736,1.7792749919301611,1.0022318174927154,2.0409512593322354,3.4467108513689815,4.962739954296296,0.0,0.0,"{""lad"": ""419085a522b610883b47b2b51ae9633a446c278cf623842aae87b173afc4ad16"", ""lcx"": ""157ceae5fff85ba9d5f0748bcabe3632435958dcde0826c8bd9c1017f0d714d6"", ""lmca"": ""e9445485097cb385ad9ac7457f961a3bb29ee83cb4bb339e87cf8cab522bf15d"", ""rca"": ""3f8dac222c83b06d1cc560feb4ecf7e8c48e45990f82581fe6eb1086671cc4c6""}"
68.label,inferred_RCA_candidate_plus_LCX_not_ground_truth_RCA,422,-54.193326977191944,178.07076606931278,253.63009173497204,-0.91165167310457,-0.4098010617937295,0.03089201641800783,4.832972284533032,9.196051118908187,-7.369489229214633,-50.414083065592266,169.1569277478678,246.91164477776098,50.435955327597235,36.2856918315259,1.3899681329426172,40.90358022127664,0.6945536072090563,4.906402471570399,14.21313206252051,-37.885871167452834,157.5983195754717,219.313204495412,-0.7628483051403555,-0.5689173644728834,0.3072384997778037,0.2903614392828378,-197.10303613376448,72.01529872119556,-165.32825948857598,324.11838300092165,211.2313582432683,230.72899880495143,27.980323213089214,8.246116281352185,-17.074137356662774,0.9926196547077284,0.4687205626215626,1.643063234873602,20.267415017030224,-1.3285598941981107,-76.12087476789893,-1.3527901648841607,-77.50916701466915,0.42966183327411306,24.61780966446032,-2.8104273650037674,-161.0256266427888,-0.06930779266512305,-3.9710440070793145,-0.6188116819563475,-35.45529768949051,-1.3285598941981107,-1.3527901648841607,-1.3882922467702223,1.3882922467702223,-0.06930779266512317,-0.6188116819563476,-31.484253682411193,31.484253682411193,7.304218442666343,3.9008359361205587,8.269236347738499,12.975158446131358,14.21313206252051,0.3964013799273397,0.251318061664864,0.4687205626215626,0.7348959890688673,1.643063234873602,0.0,0.0,"{""lad"": ""44940c503c31a335b61d653f3434242821b539b86782eaed59ed7ceb2c076904"", ""lcx"": ""2eeee301bd5e154813efb6bfa3a694cd66c94522fb5018e080395e2240729f3f"", ""lmca"": ""20ba5e85267de3b6f6bba02635fb1c05c68c8c9bcc973915449553f63362554a"", ""rca"": ""ea94b58a81737ee1a3e98287c094bd3ba2411f74b506cdae98fe42b6899c0fe2""}"
69.label,inferred_RCA_candidate_plus_LCX_not_ground_truth_RCA,573,-31.881026396160557,195.526532504363,-231.27337348232302,-0.3274320829899958,0.9228525782233475,0.20280865340352883,12.867048200688965,-10.836371318501255,-9.929821759006108,-42.12003968020042,189.92970922767125,-222.33656870114956,56.360632631359245,35.68459412243831,1.5794107798446257,-0.22436793134917088,0.7740311573869946,14.040564837641712,34.63493144606972,-82.42594304733728,169.27209689349112,-221.50856767462557,-0.7789522498667675,-0.2457946392878072,0.5769041408456678,0.5993638679514243,-42.248087678428064,267.34106952876016,-108.91901083804588,428.119845727218,-146.99609454418706,283.95764380143714,77.7084930604726,3.6541391116729267,-77.63134352632694,0.9618258483774296,0.7580562219264395,1.8178184737538026,81.64981335632976,-2.014134756208126,-115.40142090133662,-2.901174719939727,-166.22506708259496,-0.8685758136331463,-49.76572830832083,1.901513872850529,108.94871959991116,0.24620730891547113,14.106639686130181,-0.5200788692743379,-29.79832422335563,-2.014134756208126,-2.9011747199397275,-50.82364618125837,50.82364618125837,0.24620730891547113,-0.5200788692743379,-43.90496390948581,43.90496390948581,8.56179531545371,3.633113412178945,9.294677817896124,14.094404914438169,15.517448626049802,0.6406027071607394,0.40651598847907855,0.7580562219264395,1.4188886647174566,1.8178184737538026,0.0,0.0,"{""lad"": ""7a2b5192ebff88aa06af9aa254c9e55c86ebb5bea13de75d55d9f24611a5ee24"", ""lcx"": ""cb8f0d4bfc52a8e1d5698ff556f011a9a9df8d26603919cff1d656c286da7957"", ""lmca"": ""274fd2414ac9390d3ad9d33e193c7d6b85d31d454c6d83812c41de7275553d24"", ""rca"": ""33c069c8b37e255ce95a3f7c8bef70bc4e04ba93969bb09bbce0577f264ca540""}"
70.label,inferred_RCA_candidate_plus_LCX_not_ground_truth_RCA,577,-19.14497637294194,184.29019477090554,168.23162606436003,0.3196144746724519,-0.8880537813367609,0.3304649285980783,13.333303613243885,-3.470276034159791,-7.681437562747207,-22.433228344570757,180.5717212010723,161.41930986022078,55.928106974946196,34.559911065155084,1.618294296808406,37.75061117006585,0.7862295211271181,14.231601530180484,35.60717758062294,-45.71096794439448,191.3015423598621,184.99316241586808,-0.9937147746102152,-0.08197123512613344,0.07623426613580926,5.8862395174532685,-7.372287578584075,22.544175655858233,-46.83286489654612,183.9540647725932,162.46881113826478,46.45502598856701,39.37173908435599,1.1799079001573873,33.47645117861022,0.5307574281124587,6.034626852318278,14.993722052282049,77.31340217465642,2.297199532166735,131.61983789258113,2.433418923347656,139.4246340950895,-1.7195312676460086,-98.52188437689665,0.3095987290755351,17.738700518642368,2.7017013256303803,154.7960834635205,0.0486836226288073,2.7893661080382484,2.297199532166735,2.433418923347656,7.804796202508364,7.804796202508364,2.7017013256303803,6.331868929808394,207.99328264451776,207.99328264451776,18.574871840400196,9.944843508156085,21.058094350912313,33.19395303682808,35.60717758062294,5.009574211137408,3.368694278445329,6.034626852318278,11.887457113425869,14.993722052282049,0.0,0.0,"{""lad"": ""c40ba86dfab1e6a9d5f853b9737c7118833e28f2bb4bb4ff2009882848630841"", ""lcx"": ""f70874758ecf210b08a727a526dd3d9896271cf4eabd2aece7c5fa5cf7585352"", ""lmca"": ""435bbb81cf4951570c97d04c996396ed0b11c083171e9771f59bde447f5ae86d"", ""rca"": ""b562f7ed6c3cea34d50449cd44d18dc47588ea1d595aa2733cb058b8d38cbc18""}"
71.label,inferred_RCA_candidate_plus_LCX_not_ground_truth_RCA,664,-24.59800922439759,188.88330666415663,146.37318971932652,0.7391843227755249,-0.3975225367394741,0.5436748750375561,10.739846422188057,-11.70935579673132,-1.0511434049394466,-32.484297619609826,182.92611761115154,152.73968558176844,66.85558894387009,32.21588950600756,2.0752364739580753,25.566884885108657,0.8762411822296585,11.09874603558894,29.53950949264321,-50.35120006443299,150.61940238402062,184.826285608036,0.8781641913741093,-0.45520407162092497,0.14702688926855745,1.0539445685444406,144.69129866482857,-149.51817017534836,18.863233285666343,225.57618114707049,3.492067504030814,211.55971051105723,71.62079639571438,2.9538865965991477,-47.41389202724687,0.9409530691046163,1.371686416402166,3.6544148401948577,24.49272669179861,2.063308863369428,118.21888970300326,2.49190423167106,142.77559542554187,-2.1108280313370744,-120.94153747352264,0.7534793791613486,43.17118837608278,2.954542721521304,169.2828283342668,-2.808324819354374,-160.90515965084495,2.063308863369428,2.49190423167106,24.556705722538616,24.556705722538616,2.954542721521304,3.4748604878252123,29.81201201488822,29.81201201488822,12.225758564239472,6.137794709800755,13.671201263576162,20.18499042588655,22.66590222435175,1.2228299919768006,0.6246866902982142,1.371686416402166,2.420692433018384,3.6544148401948577,0.0,0.0,"{""lad"": ""a766c24b19b1eb56dc0dada1b3839e1b346d0eaf4c36da8398031f5403a866e7"", ""lcx"": ""6f7c2ea0789b03fbad30e220803e3cbc8d00f0dbd49d4708f8e4faef1d4afca2"", ""lmca"": ""d2c4b95d5f10db8c2ecd0fbb280e321a3f26366cd47f2236009b005fc1c88a44"", ""rca"": ""e1dac429c0e9565a8dee310612322dc03fb93efac4b3cfafe1736c2f6aecd49d""}"
72.label,inferred_RCA_candidate_plus_LCX_not_ground_truth_RCA,385,-23.253563818993506,183.49955610795453,-261.75907870205964,0.1664951916188679,-0.8691592017894916,0.4656625743093924,9.755902198586208,-15.567071364589907,-2.8549026005742695,-38.603354148864355,179.86670465651767,-263.05155960706253,55.042582310531614,35.7164154816716,1.5411004035043079,-10.399892289674177,0.7608847981081431,9.810194768637487,20.568386233368766,-74.43663399174528,205.37442880306602,-254.64432741561026,-0.9732392811148945,0.06542984747510382,0.22028217529874736,1.1165801247163198,-284.7728774635759,-63.71112834518884,-78.54503458376573,-78.78822927194042,-188.39174698115167,312.8508818208074,83.26855185824729,3.757131291935891,17.826557165601873,0.9639287215328908,1.357149757116659,2.8487485117350513,83.31957301268072,2.33432618398481,133.7470383492085,-3.1302269663458926,-179.3487940896588,-1.273749475129196,-72.98046908190675,1.0339992492238075,59.24379300021993,-0.6030723330252367,-34.55349942345411,0.03936934647171005,2.2556973950172448,2.33432618398481,3.1529583408336936,46.90416756113267,46.90416756113267,-0.6030723330252364,0.039369346471710066,36.80919681847135,36.80919681847135,9.247270430627506,4.581236188916585,10.309489559450695,14.868771374559802,15.192993254471352,1.2133100874180778,0.6099788391577822,1.357149757116659,2.4109393525756344,2.8487485117350513,0.0,0.0,"{""lad"": ""94817362c86779baa156947973e297bcfcb3070bd0a1bf782998804183db0ae6"", ""lcx"": ""c738df8729699cd556357f59f590712e251d9cb854fee3569f80dae28f7550f7"", ""lmca"": ""6bc3f64e533ce49f6d54aa37b9069c99ec8bff0b6aa7fd001494b7ed7c797c3c"", ""rca"": ""b53b2fa750fb9f6d9866a56ee5191d99183f41c98656f1f7cf3eea13b3b085b7""}"
73.label,inferred_RCA_candidate_plus_LCX_not_ground_truth_RCA,611,-42.38236977035597,178.95807174457855,-1131.4289358985013,-0.9874115605763948,-0.15816362022655292,0.0016368496936502027,12.677727891689376,2.1709556466762367,1.871806793424214,-42.72883842612294,181.10170139297657,-1133.300170916564,51.910299531597396,35.28130313065212,1.4713260261211307,24.0263298368622,0.7335282006609706,12.9813309933398,36.52265450029223,-19.988682338169642,174.98713030133928,-1166.4607631138392,-0.15274452530081326,0.18261519191028708,0.9712470343193838,0.3946822643725874,138.1153648478763,74.10782293440532,116.50599651558056,251.71702137496868,-1159.4215950110222,162.27067662548194,66.97783771564369,2.4227517961151075,22.74594890005277,0.9108426341010998,0.5089330005073323,2.1141975600865632,82.90421842025258,1.7590238625349153,100.78464338605093,1.1802708796049253,67.62454008355553,-2.919278911252284,-167.2623608363019,0.1445136777399993,8.280023816415632,-2.6590374603403664,-152.351624044688,3.0804249302683133,176.49534761125528,1.7590238625349153,1.180270879604925,-33.160103302495415,33.160103302495415,-2.6590374603403664,-3.202760376911273,-31.153028344056715,31.153028344056715,16.977710622598728,8.818715566478716,19.123049956731315,32.85414848040505,36.52265450029223,0.40910872736164666,0.3040862697442825,0.5089330005073323,0.8016152963125457,2.1141975600865632,0.0,0.0,"{""lad"": ""c03cde5f52379c69319e7b012534ce63ad942aad76ef1a40fb8431a39eace173"", ""lcx"": ""4f41f29f4bfff30170d6bfced8298565cd40f23745e9eba79ae87a9b5759c40e"", ""lmca"": ""a8bb52ecfaff697ad3cba4b5f15e19af60270e7d2582acef9fc11de2aabb2c34"", ""rca"": ""b40a0c1a3e9429fcea339263ca0e875be4b6500eeb82deafeef2bffb9a78ad7f""}"
74.label,inferred_RCA_candidate_plus_LCX_not_ground_truth_RCA,512,-68.14671325683594,175.92293548583984,-1084.519775390625,-0.09435691625950306,-0.7697371988984388,0.631348886896922,12.065885552202614,-1.9334495645552998,4.256251677517004,-70.07153660736935,178.7632138326513,-1081.344593578048,51.80347371337172,34.45702948200638,1.5034225089084867,-48.0958215750324,0.7467106458775215,12.272571980001524,34.57159967551134,-1.2062999851895735,190.59696201125593,-1089.7704279750444,0.296489014447566,-0.8872981788155947,0.35326506504668714,1.6743495442109853,-38.94669460714219,-6.236222306287198,-38.40180567259523,177.56195064613553,-1091.2930326002797,54.84773513168458,31.421053190519114,1.7455727788346114,15.340426994603536,0.8196407482657349,1.6959113593114143,3.1616365140464304,28.59267925623477,0.29750837857598256,17.04597446218412,-2.16949368539071,-124.30283185317052,1.3990996600814036,80.16250564085253,2.203224029140129,126.2354381915377,-1.3839351455793196,-79.29364296151819,0.987025813119261,56.552413362201975,0.2975083785759826,-2.16949368539071,-141.34880631535464,141.34880631535464,-1.3839351455793196,0.987025813119261,135.84605632372018,135.84605632372018,4.985025662502669,4.541104457647391,6.73842982980115,16.24722280375775,21.851042134146862,1.5130419580480459,0.7678631061515508,1.6959113593114143,2.690608884911814,3.1616365140464304,0.0,0.0,"{""lad"": ""6a7918c1a867695ce5beb983914a9ac66d198441acd994862da33f33c45d7d6d"", ""lcx"": ""4bbe20700603a398863ef457f4686accf22cd90f0496edd38ad53cb40a0123ed"", ""lmca"": ""f721eaf016f60a65d19e97ff21d4493c12f954aa727ef0ec54d24b0c4663e303"", ""rca"": ""24300e7556068f84da247a5fd9eb0d3d165644fd85c1580c4d7cf6d93cca5baf""}"
76.label,inferred_RCA_candidate_plus_LCX_not_ground_truth_RCA,466,-30.90644279774678,202.304997652897,-205.5907603251576,-0.8261444578686786,0.5601050660420032,0.06138118381841936,6.294084447227617,0.5529626350995291,-1.3623381904489906,-30.59487137269788,202.6106976024687,-204.18676466672525,63.826916098753415,36.67614869084274,1.740284036821174,5.528875213709819,0.8184211538631837,7.015301938023585,17.33910737546565,-82.01284075797872,231.24929355053192,-187.00439508780158,-0.74982504289626,-0.6320407703663432,0.19567030853029616,4.7511979154582935,16.3998346467687,-13.425876357241712,-71.16211717699142,215.5318106884374,-196.19304366362968,54.27715242216903,40.5508533679165,1.3384959357011377,22.59797025278464,0.66470352542286,4.859065903542153,10.761449317946482,73.89103145329295,-1.677334873486369,-96.10420908087883,2.482761619173703,142.25176231571976,-0.9974431720173185,-57.14928406073372,1.578513416778284,90.44215668617078,0.13368492507039706,7.659581991056402,-2.3977330481789982,-137.37998405969466,-1.677334873486369,-3.8004236880058824,-121.64402860340137,121.64402860340137,0.133684925070397,3.885452259000588,214.96043394924894,214.96043394924894,6.9859320349507605,3.847765436891006,7.971333249813845,16.503310975133587,17.33910737546565,4.242802339582532,2.371971928279736,4.859065903542153,7.697305714692983,10.761449317946482,0.0,0.0,"{""lad"": ""8ca6eeec504239cf55e8b6cc294eb4a394d7cf6fbf909f5c8fa02060ec67a450"", ""lcx"": ""0556227a015ae3e0108414231a8f7dfaa273cd29610a6174afbfdad9056c3454"", ""lmca"": ""7de7103924a8a4f8bea8a5c7f88d14b1d6d508ed18aeb8bf41fb00ea62dc6fec"", ""rca"": ""14dae32b162dc8df8cd6ca6d9d678d69247c907aba04f796978d1ee52c3ca13f""}"
77.label,inferred_RCA_candidate_plus_LCX_not_ground_truth_RCA,712,-36.64721405372191,158.23698648174158,37.98862435844507,-0.5090483063223523,0.7931231237655822,0.33440324815807243,13.204751924215744,-2.2835858331328094,-8.875865508588236,-38.612783046706355,153.71750574352254,45.71562799339415,55.19830702762662,37.64208642957627,1.4663987112110772,0.7311851804020885,0.7314055356360191,15.990082953944802,38.52100011679152,-75.43616232918006,183.02361962419613,55.438746743646846,-0.9114329980298639,-0.4068699288191811,0.06121071086802238,4.360809686284085,26.189532996599958,-14.465576009450581,-64.66051756344608,157.26721374007388,44.68525597644699,58.26374289952837,37.21095176633863,1.565768681902791,22.74104799937686,0.7694857815989622,4.427086992208868,11.906198135641167,80.69241077493963,-1.566715950430865,-89.76621165551606,2.9563943149653156,169.38891682398278,-0.7088436459399671,-40.613749247025744,2.002517065806148,114.73577627361364,0.9249625979605777,52.99645307059707,-2.627302584544117,-150.53334959819105,-1.566715950430865,-3.3267909922142707,-100.84487152050117,100.84487152050117,0.9249625979605777,3.6558827226354693,156.47019733121186,156.47019733121186,8.91965300488909,4.9104567107289405,10.176719893494448,16.817241603872503,17.414421592293923,3.665015019948974,2.487299123081541,4.427086992208868,8.617636086356772,11.906198135641167,0.0,0.0,"{""lad"": ""86c1881294c86a6f7163eff90bb25ff2031d4dc37b2aa24c673f246bcda327be"", ""lcx"": ""f0f547affdd29438a9ece9d77e50e3a7874953d413df8c9bb2a0fbd0e308dd9d"", ""lmca"": ""1c9f689774b2a4060b2bf7964e979f6a66a547661cfe0ea816bc9513178370fc"", ""rca"": ""5ec2f4b1e75cb385f1443bac2fc93adbe43ee61151227058725b880a5fbef13a""}"
78.label,inferred_RCA_candidate_plus_LCX_not_ground_truth_RCA,605,-61.76279216167355,179.50009523502067,-198.54998779296875,0.8386370182093194,0.4924508246159378,0.2327662712337523,22.169719105064694,3.3803500011566037,22.35174701650412,-59.92154697494976,186.48881486452487,-219.96948766861175,51.854486854268046,37.77975762555561,1.3725468376004555,-60.40254594015374,0.6849686020079474,23.401172210106598,43.934210146801355,-29.25645697294776,182.68252973414178,-237.60968928550605,-0.06507787940602879,0.13945904820290914,0.9880870627056875,0.3612737589474181,52.97919526377666,114.97638647797389,23.61043235719994,297.0123907764397,-250.26431156088637,131.00674218032935,45.86027421947465,2.8566497782670717,60.76046804484221,0.936727125441886,0.6120707879817493,2.1459493171832857,75.87174037586053,1.4820659575107875,84.91612432538332,1.0790497143948,61.82499451961891,-1.7512591335282843,-100.33975718490818,-2.6989212264261986,-154.6367955124932,-2.6888962841217197,-154.06240862858442,3.050895729627709,174.80344904215363,1.4820659575107875,1.0790497143948,-23.091129805764407,23.091129805764407,-2.6888962841217197,-3.232289577551877,-31.13414232926195,31.13414232926195,14.314474954837534,9.494811020118352,17.150108841923903,30.23002812481705,32.12873793433416,0.511900032321377,0.33807528813340876,0.6120707879817493,0.9535314009241445,2.1459493171832857,0.0,0.0,"{""lad"": ""1349294512a2e4f5deae6a7b0854f980bed30efdd385402958631f8722ab09f7"", ""lcx"": ""40734e2979b684bda05dcc59a467d1ae8e01acf960e4fd926dda467c2a82b7f3"", ""lmca"": ""42348c1c0a823a6c70da4fb2a161456c141c2f4b602083fc0b7050a800397472"", ""rca"": ""c3ff8ecf591b010883432e5b547df207439ce781f61e92feb08f53499e99d04f""}"
79.label,inferred_RCA_candidate_plus_LCX_not_ground_truth_RCA,392,-26.093406210140305,187.12015206473214,50.75357123783657,0.25917640349648124,-0.7929376603119495,0.5514321886956189,6.701328465951972,-19.926127679491184,14.780686479116417,-45.338658137466936,191.3191448727856,65.83693938772157,64.48791773399424,40.67955066162977,1.585266225539243,-5.096893870391299,0.7759382492503105,7.162298667233642,17.797152092387556,-81.60682362049549,222.96923388231983,63.65270251196784,-0.9515794870105602,-0.12356156500285276,0.2814764991162942,2.0832296370848797,17.090732311188404,-28.087711035405622,-76.35308469699349,190.71339270195745,67.2543103768062,47.99099568745824,37.99987839338448,1.2629249807234422,-18.14510364166336,0.6107640271633556,2.1127297535275993,4.798308698972003,89.62385788836853,2.0784050561880822,119.08383783822784,2.54906663032596,146.05075961531193,0.5513511404728164,31.59009337881697,-1.7456635444751092,-100.01915354827163,1.1513483363445265,65.96740042195013,-2.7261326418607457,-156.1958947714699,2.0784050561880822,2.54906663032596,26.966921777084103,26.966921777084103,1.1513483363445265,3.5570526653188406,137.83670480657997,137.83670480657997,3.5031679144111485,1.1809704525241471,3.6942530956945174,5.168877937880623,7.150889486154283,1.743090194117009,1.196541993878374,2.1127297535275993,4.0875856649786595,4.798308698972003,0.0,0.0,"{""lad"": ""582fda5e00b8455caec6db57cf6adecaac3a24dafd64505a3844712aeee217b8"", ""lcx"": ""de847843228eb8c7ff38ec35d36690d9bdd586ffb1a6251482c75b5943291f12"", ""lmca"": ""d4eb4a219836a3ed7c9fb5b4bb1494354fc6f5c3ae23c1f2e37cb2f525441497"", ""rca"": ""5695d57097e1df2a5ac9e0e9e96f3fbe1b10690bafaffc9707e5a7d545700b2c""}"
81.label,inferred_RCA_candidate_plus_LCX_not_ground_truth_RCA,683,-5.756607167368228,163.36378025484993,-159.04121827869778,0.5401438817835336,-0.7350398509566118,0.4098304582110732,9.949266846222708,7.201329875197477,2.9450697928106755,0.3038353633964279,168.19533404446517,-158.3631973606642,52.22491428227638,35.51372124684505,1.4705559555214425,-0.11935498626220409,0.7331982676907014,10.976990548867496,35.08387139205106,-33.754074029460355,205.97999122384363,-175.99934225880628,-0.8898207243391694,0.383017360433258,0.24802576507946872,1.8740780156044925,-22.452775496320882,-23.861697719935542,-43.99950647279095,176.24014322116997,-166.82981116977118,55.208991726166396,37.00908778457694,1.4917685096030395,-75.33942814972497,0.7420493157106709,2.0036757742430527,4.145182972611509,48.66078278566184,1.9600800223200787,112.30431278684871,-2.9680680788002003,-170.05777422275412,-1.9619393723004592,-112.41084569336225,1.2653016865531959,72.49644645028312,0.8769388773064737,50.24489656060167,3.071048811397145,175.95813557172434,1.9600800223200787,3.315117228379386,77.63791299039717,77.63791299039717,0.8769388773064737,3.071048811397145,125.71323901112268,125.71323901112268,13.004286223078951,6.889430319400769,14.711822892705834,29.528279668724398,35.08387139205106,1.7473328600083233,0.9827507854166329,2.0036757742430527,3.3537198897874707,4.145182972611509,0.0,0.0,"{""lad"": ""60a1ed069e3a6ba0cc797d13b050f68ff0ab72f3c16a5bc72781bfcb9c4c59e6"", ""lcx"": ""d8c2bbae86a07b26651e9b9ac96cd3d7e2a6c0ff615dacece3534865ad2731c1"", ""lmca"": ""0e5534e84716dde30b58d03dc683f16d96229001aa1dd83fe5c3a695cb88f410"", ""rca"": ""207143c5f46c415edeaea634014f90cabd4574e52925b39f900e1332628e4073""}"
82.label,inferred_RCA_candidate_plus_LCX_not_ground_truth_RCA,386,-15.996124109455959,139.1888965349741,170.9499969482422,0.6350298513348457,-0.6312930673332808,0.4452034939784072,4.074994393654125,-8.703780383727139,-2.8548582798773303,-22.719686505121274,133.02666051046128,171.80238456906346,48.55761955906487,33.02681259941799,1.4702484356580197,7.452548486460234,0.7330663258911688,4.232471832299715,15.692283666777184,-52.846947014664806,160.9317933833799,190.08966175271146,0.19565094516692777,0.7942570284496656,0.5752186370534206,1.4606195997556255,269.8635649708527,284.4244999035456,211.80112646771596,284.99982945271813,-71.23802425112817,401.8301272606662,108.631735573673,3.6990123110768938,48.58643284190419,0.9627642323783671,2.1766151395889226,6.234929300219509,83.045827934951,1.7952806058660502,102.86200175781406,-2.990897861717161,-171.36582443109586,-1.524138553944808,-87.32670653420985,1.111353430234125,63.67586109980215,-2.9695985799958358,-170.14546548180377,2.737314678978396,156.8365783046699,1.7952806058660502,3.292287445462425,85.7721738110901,85.7721738110901,-2.9695985799958358,-3.5458706282011896,-33.017956213526304,33.017956213526304,4.932401369916929,3.186877351551038,5.865916644957939,12.554996310978005,15.692283666777184,1.8916749251717444,1.0796906557654027,2.1766151395889226,3.6413217785932908,6.234929300219509,0.0,0.0,"{""lad"": ""d4844ccbaa25c2eaf961ef60ef8622fe59cc1361ff5c873dca01c1be8ab9a4b5"", ""lcx"": ""70b287b1f6f61804269e6cedd6fdaaf68f9c61d3adbc5bc2ef92a199affc4de3"", ""lmca"": ""dec57ed05c0ad6c0e2a9a54a71babeb594dd649a0ddd19b05a29e08617be1cd2"", ""rca"": ""2a230365010051026feb2e8b381193f51dbcc089c3bc34fc8e33b1b4169e92bc""}"
83.label,inferred_RCA_candidate_plus_LCX_not_ground_truth_RCA,329,-33.05342895136778,181.8229958206687,-151.48313375084595,-0.24844969138640602,0.5817778757685559,0.7744722423148724,4.015290042076992,2.8143292781652858,5.913125468694556,-30.32734352726873,186.9707463885416,-154.47556160226384,56.61118481124586,27.76959573008958,2.038603131334215,1.2563289836913358,0.8714231987099997,6.149955378353395,17.39087972037094,-46.86721965020576,200.86696244855966,-157.46769852500884,0.6272307579351438,0.5832531479434515,0.5161369408540329,2.535491810589249,363.9576235935209,384.04095886321323,236.5951598053354,284.41439650395824,-596.3543758718849,543.8882798881955,152.47599262680578,3.5670420668740617,49.37171426165865,0.9598995049047777,3.2015612245618983,8.381299237319631,54.32250273536849,-1.500428514892305,-85.96822136441106,2.908008089915472,166.61659034205655,0.47165044585346605,27.023579952867163,0.5039022565361906,28.87147258664222,-3.030864917806797,-173.6557680645946,2.73303243538004,156.59122381963718,-1.500428514892305,-3.375177217264114,-107.41518829353237,107.41518829353237,-3.0308649178067975,-3.550152871799546,-29.753008115768164,29.753008115768164,3.6472455797856163,1.5667835580227396,3.968055636093053,6.012955680913498,7.832831927513821,2.859871866395426,1.4421114933336727,3.2015612245618983,4.989551217022019,8.381299237319631,0.0,0.0,"{""lad"": ""4bb43427940003de6a0c191ea6233382941bf54606de581575c451c80bdc9fae"", ""lcx"": ""dbd02b61637047709b5e3e9eceb536aa189fca099b87dfeed59b90074b9dee5f"", ""lmca"": ""dde6946775c1e7ef9528b114cdb3aebf9e0d130c7a0374387c39a90c339e935b"", ""rca"": ""286c47f946e392328bebab3aa782152044ba262bfc786a7e148623bd601a62c3""}"
84.label,inferred_RCA_candidate_plus_LCX_not_ground_truth_RCA,451,-37.490422758453434,221.37068450318736,-148.10321812936314,-0.09829762639378649,0.7997273719611264,0.5922615192476192,10.746200977160001,15.278658836275508,1.5435655372447132,-22.28575753041625,223.49624821856216,-148.4498369376646,70.97986515323696,38.02077908605675,1.8668703498310797,-66.88189000075431,0.8444363943947268,11.254863031551086,27.06144428143692,-15.43115234375,180.97858834773936,-180.06064134963015,0.0267240631266586,-0.2518890746690769,0.9673870572383934,6.78364336656475,-0.21554352815524344,427.83022192343134,-15.64661889019929,595.0024260576091,-72.25080584180714,452.8275534835456,113.30561079082875,3.9965148267856003,86.68642834358995,0.9681895195830745,7.356311030907964,22.09684705173456,68.35364726917204,1.337579188368586,76.6376422580541,1.8751528850293302,107.4383462539607,-0.8383276443149736,-48.03263586839243,-2.4297756273329436,-139.2158886099296,-2.579840596397198,-147.81397799007266,2.8762159465855355,164.7950347075762,1.337579188368586,1.8751528850293302,30.800703995906602,30.800703995906602,-2.579840596397198,-3.4069693605940508,-47.39098730235112,47.39098730235112,3.2602465257379127,1.50873997381508,3.5896670926743917,6.20596792380565,8.076207577030862,6.31729927247046,3.7742452663453663,7.356311030907964,12.921903879518666,22.09684705173456,0.0,0.0,"{""lad"": ""6b36cafd9ce72da274007c70cc693180524e38a754c83a6940803b1cd2036449"", ""lcx"": ""aafb530247d7fc0e3266f289ddd5048ad8d6af630dca8ad75c7a09f162ef0633"", ""lmca"": ""b3e943802cb295ad6379766c21da69c9fa2c55370c00bb48b454cf6e86003286"", ""rca"": ""2680b1100d84f3112cd2952f5c5699eb83b48b00ab172c8af76c5188f480f97d""}"
85.label,inferred_RCA_candidate_plus_LCX_not_ground_truth_RCA,476,-12.969451647846638,135.13432658219537,158.8092406457212,0.2851294184178042,-0.9345456069994877,0.2128983870081781,13.28399823945445,-2.2588109553881996,4.27459395060934,-15.134497162504342,135.45582930409188,163.1201099657124,47.46956772469932,27.7641536601288,1.7097430127275524,-27.012642202696867,0.8111175118583638,14.068006273793086,28.304515617190937,3.582649739583333,166.76290690104167,135.54166361490886,-0.8005654638424976,0.48287194118370474,0.3548656457310675,0.92662901060773,-6.854559139775179,-12.33522642643165,-0.5249126572880257,155.03629170015455,142.23174725251343,27.897371108881536,17.0195274686304,1.6391389925660786,-42.83310577879499,0.7923426013021447,1.0499594755475972,2.2774151922972066,52.84449982497782,0.918459257562881,52.62383911307212,-1.369401651778155,-78.46093510513191,1.784828639531405,102.26314819922607,-2.3948447114023375,-137.2144945525796,0.5481789446638563,31.408339947174465,2.7778971904318026,159.16178493299142,0.918459257562881,-1.369401651778155,-131.08477421820402,131.08477421820402,0.5481789446638564,2.777897190431802,127.75344498581691,127.75344498581691,14.060496915615634,5.72218263106512,15.176148853936159,21.910508830038502,22.45233758562873,0.9610903796908857,0.42452565603238723,1.0499594755475972,1.8671626061160354,2.2774151922972066,0.0,0.0,"{""lad"": ""9f723a8d6fc6a8dcefe28f7e85514129e53009c09fe43d00ef2f14722063e3b2"", ""lcx"": ""e4612daedd5ea1e3051fcc329ec29ea7704bef0136ab4d8846f7ed7d4ee59a6f"", ""lmca"": ""0bb35b8160b5f8f66aaab5e0927a34cc7b84b8664d4aca69b06dd3ac0eebdf24"", ""rca"": ""bde27b430c299437ce5975be419a9a4ebda02d9b7b98ac65f4a1e8b6065378bf""}"
86.label,inferred_RCA_candidate_plus_LCX_not_ground_truth_RCA,372,-21.146841397849464,151.29653897849462,-193.05645161290323,0.6385932410660531,-0.6954592350662734,0.32944669496868206,4.097350916833496,-0.12029680716839214,11.53053071086983,-21.239415139091783,156.1634047085509,-182.60309531627948,60.23888812615102,33.82087189034538,1.7811157654793346,10.512302426157676,0.8275134996649867,4.269354279911058,10.839398695503906,-59.832102272727276,179.1645596590909,-171.08636363636364,-0.7680862000962307,0.2459703697162127,0.5912209117101684,3.192944692386371,-296.246530696619,-293.7874713938222,-249.53251958115496,-179.48831857118807,-268.3229303584762,422.19228250032484,192.37614120304875,2.194618729017494,46.13292576458104,0.8901538922956298,4.11274106073031,10.314503979021964,62.17443774463794,1.856130610919862,106.3484502307472,2.9537550630775558,169.23769882974221,-0.7123104369684965,-40.8123817414143,-0.8076998337342373,-46.27779158639011,-0.2718842647003897,-15.577820883350038,0.19748987067572193,11.315336086303306,1.856130610919862,2.9537550630775558,62.889248598994996,62.889248598994996,-0.2718842647003896,0.197489870675722,26.893156969653344,26.893156969653344,3.1021877648062723,2.1346072215403145,3.761198331519585,7.657494875390901,10.839398695503906,3.3491831863897654,2.392410396500056,4.11274106073031,7.814742896186716,10.314503979021964,0.0,0.0,"{""lad"": ""d88499557211ff7250b58f0aa9dfe21f6baa94f5944efbe6c446d7c6526d7e5f"", ""lcx"": ""3e90b0ec346e97b693e45a5f88577f4f569102cd8ce381570ea57cef294b9bac"", ""lmca"": ""3f4cd347d81f9b03e5496001deb73e604435defbbe99bdd8e6c9d43a32349052"", ""rca"": ""621d09c4f58efce053d4a9babe8298b06d5eb362f2919f7c7bd613764738bb1a""}"
87.label,inferred_RCA_candidate_plus_LCX_not_ground_truth_RCA,580,-49.25255589978448,164.29378704202585,180.34913487927668,-0.17411801638659566,0.619639534165109,0.7653298400488799,15.404311937871748,9.934448417742225,7.402166293575755,-39.4698582460205,171.13522180392937,177.03568830264547,48.331393681274974,30.98759298243988,1.559701449178822,46.533825174601475,0.7674169675180629,17.761355489622392,32.3191460289717,-13.906553819444444,164.50834418402778,147.23610805935328,0.20821837000656007,-0.8225553231564215,0.5291954749795638,1.7562360720254448,-208.46008719927755,192.9779811073053,-217.7976886668894,232.41661287585646,333.01280552510457,290.2549762086547,91.58977731130798,3.16907612104019,-42.32135304021981,0.948909157828395,1.7813025762338286,4.043252284263362,81.89814535435602,-0.7904821542470198,-45.29129121876358,0.8905937580922104,51.027263599378664,2.496454112306815,143.03628438325893,1.5144736847631644,86.77295032055561,0.3440434959300108,19.712240285715936,-0.32773147335427494,-18.77763023680415,-0.7904821542470198,0.8905937580922104,96.31855481814225,96.31855481814225,0.3440434959300109,-0.3277314733542747,-38.48987052252008,38.48987052252008,9.927902391953426,3.168813351381034,10.418304609406226,14.265684848283483,14.950728399739646,1.5336834518185463,0.9085371285223173,1.7813025762338286,3.308715568747491,4.043252284263362,0.0,0.0,"{""lad"": ""aaf136554bf6d0affef4561ffde0897028fd856c6fab83c8d7e467ff79f41848"", ""lcx"": ""3ae075a38f7ecee92c2bbf93313686c2e734e9b6b8993c487d38d2f2bc5138eb"", ""lmca"": ""4ef735f6973fcb781d25f305325ae62c6b8d4f9f13e0f3bc20f4e943ff30b7b7"", ""rca"": ""4d43bb46f291fe07215c7a52f3ff62602045f44d6196b13b99e7abf832f004a4""}"
88.label,inferred_RCA_candidate_plus_LCX_not_ground_truth_RCA,402,-12.349269278606965,178.082813471704,101.26716494204393,0.752948516159077,-0.5543011948113156,0.3547093422008957,4.772967903967016,-16.676792750316864,0.6082968267172258,-23.323923493059446,167.83410829770366,108.54771770924745,56.186515333231796,37.30342466506114,1.5062026030509956,21.689877262324767,0.7478024463975801,5.315096328307833,15.66039820318405,-47.839772294207314,126.68287919207317,114.08414710440287,-0.8213091123781384,-0.4939990369171705,0.2853354051805393,0.30417613531258864,-161.10993811788984,140.9131059980767,-139.75032211921325,311.7434248665211,169.9228511358914,218.7818103597518,70.24338870856576,3.1146249402553763,-43.84626336781769,0.9470568403810469,0.3768161691880186,0.7108200478525727,75.9145867541819,2.4759554652520928,141.86179842129508,3.105263822381715,177.91851129713396,1.024361748598319,58.69160488932475,-1.5122430051410427,-86.6451417927622,0.3970335880405817,22.748348919661126,-0.14292088086588092,-8.18876327790702,2.4759554652520928,3.105263822381715,36.056712875838905,36.056712875838905,0.3970335880405817,-0.14292088086588084,-30.937112197568144,30.937112197568144,6.915039491509679,3.78121121820589,7.87101373348315,13.724582787731864,15.66039820318405,0.3429654173444328,0.1570539784976821,0.3768161691880186,0.643270119287906,0.7108200478525727,0.0,0.0,"{""lad"": ""205f441b7f70e4cdf9fa0b5b6efd8ffc333488700e0acbebaae2fdf8597689d9"", ""lcx"": ""6ac231ee2d7f10fdb322cd7e3360e2ec301e248bddf64787e115ae16c6a3925d"", ""lmca"": ""84f27fdc6b010c0bd09fa512b60cb97fd283eacd6bb98bc8dfc25eea999d0216"", ""rca"": ""db27f280c9e590836613787033d1228aeca6831a8ca7bdc415cf2cba253ea134""}"
89.label,inferred_RCA_candidate_plus_LCX_not_ground_truth_RCA,464,-23.12501262796336,160.88776266163794,-127.85711512072334,0.47219234272404453,-0.7128188551089796,0.518578510231481,7.89026655065498,-2.3154081767686048,-3.229247400947632,-25.16603461488631,158.10390740529297,-129.8252444259753,52.45866452692243,32.64884880754824,1.6067538808533508,2.891865360909085,0.7827209141473185,8.39191670476788,26.351063127841897,-57.0343017578125,186.65771484375,-117.31442612868089,0.8594252695565376,0.509085389083753,0.047119769408566506,1.5595060766718385,311.96920437873166,325.7837660196223,102.46350643837005,-50.289916775578746,-466.42202520557225,459.77601854445845,143.33062924406934,3.207800181784821,47.842925218271866,0.950167406422061,2.08976805785248,3.8901977527642497,86.13742111127034,1.9722606185248548,113.00220954133545,3.0195663505754173,173.00840784769176,1.2195211071900802,69.87341246911286,-1.5189554543225554,-87.02973680105892,-2.94599174306247,-168.79289335786837,2.7661575452327276,158.4891528101034,1.9722606185248548,3.0195663505754173,60.0061983063563,60.0061983063563,-2.9459917430624705,-3.5170277619468586,-32.717953832028215,32.717953832028215,10.021209253249674,6.411007816390123,11.887012256023404,22.647074674693616,26.351063127841897,1.8768493715327277,0.9212203894182136,2.08976805785248,3.341465163853487,3.8901977527642497,0.0,0.0,"{""lad"": ""19cd9fe3aec70fd4bc794ccf34c5cd915f5cdd2f059b320c4ea6bb8294677a5d"", ""lcx"": ""166b7b53d394a1c7e676f33735e00f495a717d07e549f6897fa737f4490c116e"", ""lmca"": ""34c39a0da0ce0c5f5b28c365853cbf3eb60a8a5979dcb50ac47be53b6cb8f62f"", ""rca"": ""eb4c1c92ef9c952d3b5d3157e4c3727c6769bf880e4ae4442383dba4385858de""}"
90.label,inferred_RCA_candidate_plus_LCX_not_ground_truth_RCA,635,-49.15017685777559,187.51283679872049,88.42401651097094,-0.8914659045508413,-0.14672240078713936,0.42867362658625074,14.67033532729881,6.540999463313931,-2.339163313020549,-46.1865298984831,183.41145193376317,93.18340700495543,56.15953239692049,33.04835534257799,1.6993139844561982,-51.8428922792745,0.8085170401331448,15.204763241278364,39.289146501308196,-31.046586834016395,172.55952228483608,63.6180335498247,-0.45462169932056784,-0.40263667419162663,0.7944827368186078,0.3074518526544256,-106.2116162480344,178.6866431409778,-125.64764097677116,353.77429204081744,101.32309475355594,224.50789288835563,37.43641370224806,5.997045942327373,-55.735726563942436,0.9859994166443328,0.7830563272075399,1.6213940505134445,36.39656622111326,-1.0518960799091885,-60.26920586515249,-2.137155541921544,-122.44999271509874,1.0330957484738912,59.19202622046282,-2.54041654403393,-145.55514617835465,0.022322819911679385,1.2790033677698258,-0.5986812154681821,-34.30190692008909,-1.0518960799091885,-2.137155541921544,-62.18078684994626,62.18078684994626,0.022322819911679444,-0.5986812154681821,-35.58091028785892,35.58091028785892,18.136422687446668,8.253998140477934,19.92056536249259,33.73059058375695,39.289146501308196,0.6576490245766072,0.42681161376,0.7830563272075399,1.3960627511292105,1.6213940505134445,0.0,0.0,"{""lad"": ""98562a8c9a91052cf59184c3ec0ebdc6acf6ebdb21615432c0a432ab979df9c9"", ""lcx"": ""faad73b015c44d56bf6e60bbb936f7bf6e8258c82a0f7dbcec0a0a3bfddab02a"", ""lmca"": ""8cddcbe4582dd555f46d860f6b8d36776fb4313a872875c656e7b6f37d6f4501"", ""rca"": ""312a887d135d4b5f0c3ee46a15f4e840f3cff151270418909bfe21b039780ef2""}"
91.label,inferred_RCA_candidate_plus_LCX_not_ground_truth_RCA,515,-10.87279088288835,178.88991391080097,65.2334949548962,0.5431623477745154,-0.8338126826180007,0.09864620755736,9.703549419170427,4.324938226054392,7.38723387149907,-7.24145297492622,182.0906996325336,72.29357078261641,51.55337765558437,31.416572821935567,1.640961219665213,9.20958761976372,0.7928637667395155,10.638509004519822,33.281552039549204,-50.654450422562896,213.99039406446542,80.64025138159218,0.8532063223682902,0.5046496277784189,0.13178666341432557,2.629226364016648,19.85109351921998,3.777294695555116,-40.30064503944667,198.5573007954591,72.70600816849421,47.428654027653174,31.905652867400754,1.4865282407718061,-44.85303103297463,0.7399077237790893,2.6755504210605943,7.774119613145474,86.81004014235369,1.8520688294347194,106.11572729434415,-2.841679357156025,-162.8162338944891,1.0333848141476452,59.20858846357103,-1.9946823497605912,-114.28688011051979,-0.4178084125719203,-23.93865868543168,2.475856867135593,141.8561491653517,1.8520688294347194,3.4415059500235614,91.06803881116673,91.06803881116673,-0.4178084125719203,-3.8073284400439924,-194.2051921492166,194.2051921492166,12.148789829252964,7.6396606633590345,14.342452322113688,28.29567289251678,33.281552039549204,2.231490673501045,1.478476684984431,2.6755504210605943,5.0671667930369,7.774119613145474,0.0,0.0,"{""lad"": ""bcb57e8c6cc904fe52c186896318cc43bd99246f562ba09c27e055bcfa90106a"", ""lcx"": ""142afbac6dc3bbf94c263e3ecba1498531bd87dc52feb142b1e91b35110a8ce5"", ""lmca"": ""257e6c5110edcbe0aca9236b86b00df52957e61eee4cc9af3aafff32befd32fd"", ""rca"": ""e2ce6ee6a38f9f99d1ee7e67127b45000c4036ffdb1ac62624d23440becee532""}"
92.label,inferred_RCA_candidate_plus_LCX_not_ground_truth_RCA,618,-22.892745626011326,153.06367250707927,121.86585836811744,0.33338813992696065,-0.8872656840128285,0.31876630017818525,13.318921417158986,0.6663072555348185,-3.5483135405614803,-22.264558033289163,152.07300983794033,118.45140934005526,51.74239727587516,37.118840035539584,1.393965900505894,28.62709759777441,0.6966844971975912,13.958477029273501,33.299177425780734,-51.749622395833335,178.32248046875,123.99333409627279,-0.9446679870685875,-0.32011972056354415,0.07159440420941733,2.8174834889274147,46.71000764205069,-31.082786668224102,-36.42743019889919,128.47680256594404,103.29059848783936,76.58014380265176,56.537694638631194,1.354497106613999,3.3115427429286446,0.6744928438452055,2.9980838726762,6.155600482226501,89.53658800737699,1.518396965788271,86.99773776513798,2.8274962710231004,162.003602918602,1.15299000010613,66.06146082686959,-2.0524217916456897,-117.59510644197682,1.4791398730573055,84.74847203569996,-2.8253146667157862,-161.87860619922535,1.518396965788271,2.8274962710231004,75.00586515346404,75.00586515346404,1.4791398730573055,3.4578706404638,113.3729217650747,113.3729217650747,17.166621046020687,8.203858237577826,19.018700920089827,30.26184625017946,33.299177425780734,2.716075400262312,1.2715466029877203,2.9980838726762,4.582002108664916,6.155600482226501,0.0,0.0,"{""lad"": ""a6712daa4130a7ae27dc6e873819101464640a54ea5535d9622bbc359cdd858f"", ""lcx"": ""07f333169dde25ab3f417e5dce5b53369542799c430aa850cccf89f19905553c"", ""lmca"": ""ed0d560508f955538406ffd4a367df7570c6908a0fd1691589b1c8974d2005b4"", ""rca"": ""b46b0df31df51287b8aab1fd48db29dd1138cd53779fe49d39ef04dc4538919c""}"
93.label,inferred_RCA_candidate_plus_LCX_not_ground_truth_RCA,522,-16.454790020354405,169.31263469827587,167.00267894057936,0.5029923997271487,-0.765741573100274,0.4007973166609802,12.035776805899033,-3.188248599803792,1.7998721191743565,-19.21036406182628,168.726479110536,169.34099074794372,57.225769223098766,35.269440241573115,1.6225312574041106,15.794394460479262,0.7874950737147517,12.565991635241735,34.41068184394369,-55.93374322385204,133.83244977678572,157.24846633599728,-0.7093800533597259,-0.7018742900549221,0.06443928037503044,1.127415279972394,-235.70844719930093,205.6928280971091,-222.06722696848817,319.14466694427887,346.7928130177992,324.6906602815729,74.02317254563675,4.3863380765177915,-39.65757110476542,0.9736656739451166,1.5944985148336697,3.3139493324510303,78.08451473973165,2.6312604015652536,150.76011580958723,2.761714499313447,158.2345850307458,-1.8840710192636945,-107.94931770672092,1.1177098685597726,64.04005818859696,0.35780563718285685,20.500752896566897,-0.4508055654072685,-25.829256278845268,2.6312604015652536,2.761714499313447,7.474469221158578,7.474469221158578,0.3578056371828569,-0.45080556540726846,-46.33000917541216,46.33000917541216,17.286148612982615,9.183773925487221,19.56160805549604,32.194824901623534,34.41068184394369,1.3657936209700867,0.8249274297528718,1.5944985148336697,2.9523201577666227,3.3139493324510303,0.0,0.0,"{""lad"": ""2375fc05e73de2744a0bfe05b86f2128ddc923b0d563fec98f7ae0583e860f20"", ""lcx"": ""0c03efa8a25fd25ebd35f344e327c0d2bedd49f0c24f4499ee95fc454cef9b94"", ""lmca"": ""3f3afe314330542cc3c3ba5ac3b2daa2bd2e1e5e58f116604c3731c3b7d554fa"", ""rca"": ""db02289025e3dae1ca049313c8e28e428046be03720f9e0dad0e9d2b373e473e""}"
94.label,inferred_RCA_candidate_plus_LCX_not_ground_truth_RCA,535,-14.63504855432243,185.93128468165887,-259.23877283969773,0.13731314471162243,-0.7992332360440104,0.5851250590190307,16.900577455662955,-6.1428179658815525,-5.035182959781576,-20.719679830615448,182.27630690013137,-262.8032755607697,46.330031750336715,38.498153679641426,1.2034351604460694,1.7906203865135737,0.5563402092230927,17.114839374395718,42.724563786333114,-57.6748046875,145.771484375,-246.03196977495074,-0.7877698461468918,0.15850809999332252,0.595225882953866,2.3101149639560443,160.1172794947496,345.8640227203312,40.952587691618035,512.4465457260427,-213.14576809713256,397.60221099234417,96.32389234664238,4.12776312611503,63.1612128197352,0.9702108745098269,2.370019561777414,4.31344398645503,83.48718233696933,1.8281723047981269,104.746557287637,2.715755528431664,155.601329968455,0.8513432633043343,48.77837590423313,-1.8896053668941841,-108.2664124683062,-2.630341877410004,-150.70748825211058,2.8544964314870307,163.55059815936121,1.8281723047981269,2.715755528431664,50.85477268081798,50.85477268081798,-2.6303418774100034,-3.4286888756925564,-45.74191358852827,45.74191358852827,22.490216753914797,11.434413209490394,25.21596875104829,38.42252320688399,42.724563786333114,2.145573417027503,1.0090061654159188,2.370019561777414,3.6958685374537987,4.31344398645503,0.0,0.0,"{""lad"": ""f6890a701859b32a1d5f44ac491dc34e06e71453d65f2125f64144270802f08b"", ""lcx"": ""78001d9188fdcc781ed7ad146d3c14a386acef7700e38dc51f2cb7310c4118e6"", ""lmca"": ""a635926bbdf05c0a5c226b2f1955b7f037264d78a7a4b9842cef1fa69b0d2333"", ""rca"": ""2df2154232081a497df0c25f2a50d94f33cfb72224b2be85dcb76209cdcc81db""}"
95.label,inferred_RCA_candidate_plus_LCX_not_ground_truth_RCA,578,-40.17352400519031,173.23923077962803,129.95951633387372,-0.13596259386051646,-0.9250273508871432,0.3547373298391846,19.649816392171235,-3.5835833825684626,-1.7316227698431992,-43.72383012987568,173.07413053776412,128.16824426966394,48.18876767658432,36.778933015647986,1.3102274515707646,-5.318570766819845,0.6461313127096984,19.80236259756627,36.413650624553256,-70.36351234494275,135.8571758707061,124.79160381637456,-0.9417786230995391,-0.08603988132830186,0.32503871137719603,2.9356220336292784,-2.7881889943776565,376.9769108132172,-71.30099513194638,500.9546034860082,218.71899470347427,391.90687734154517,103.36659995510843,3.791426606967321,89.69745513996659,0.9645902626137159,3.0740614613203436,7.386279110710916,71.15922691215339,1.6827849488852777,96.41647539926439,-2.5968346118492467,-148.78766335245516,1.2153493569917142,69.63438878956363,-1.3615509072868865,-78.01112057974665,-2.664080477075433,-152.64056761962118,2.772790836141864,158.8692123834794,1.6827849488852777,3.6863506953303395,114.79586124828046,114.79586124828046,-2.664080477075433,-3.5103944710377224,-48.490219996899405,48.490219996899405,20.81323069982958,10.382082338864366,23.249241096690923,34.84936614507786,36.413650624553256,2.5311458004126135,1.7478027354317445,3.0740614613203436,6.257316427489408,7.386279110710916,0.0,0.0,"{""lad"": ""d16149395c7e54f4bc02c65fa2f7e1cc76f9ef9191dd443283faae2b925af993"", ""lcx"": ""7dab5cfda5367a8cb5ce5dc605137d42266faf64017c3d1a5e41eb854799c353"", ""lmca"": ""b796bf01cdad64021be403ed28b2ca5789a79ab628953e37aff84f0355e37db4"", ""rca"": ""2ffc0bb99164800b8660b6044edbadc28e7f70ed1b2f07ef79442990ad6317e2""}"
96.label,inferred_RCA_candidate_plus_LCX_not_ground_truth_RCA,680,-33.01453642003676,161.3578125,-242.2132230870864,0.020078834972395907,0.9977975541944181,0.0632208923520431,15.795220156666156,0.6054285749947751,2.3216859831483294,-32.40922989952034,161.49248918360058,-244.53103148531136,43.89572841114385,39.26185922026388,1.1180247008905868,-12.814860354491747,0.4471987344929685,16.19077156560624,38.10741230135686,-62.313846762663395,121.23059002246733,-250.54018387140013,-0.7547963274727194,-0.5859379425722115,0.2948885068766483,1.643031507031991,-4.04863809250259,11.456137674736615,-64.96958826556883,129.1104234605,-241.68073564449622,24.023385214250265,15.257990718818604,1.574478950535785,51.43239863903127,0.7724046399087394,1.7875438203473544,4.1715900621614095,54.46784444787323,-1.9261270325118436,-110.35894976898614,-2.9271861122323752,-167.71541008022282,-0.7762168535496072,-44.473949695316804,2.322210732812081,133.0528741301143,-0.36287910713578436,-20.791441312356078,2.981259784017975,170.8136032563133,-1.9261270325118438,-2.9271861122323752,-57.35646031123667,57.35646031123667,-0.36287910713578425,-3.301925523161611,-168.3949554313306,168.3949554313306,18.57053061787059,8.591140321763179,20.455490489800784,32.56187646119303,38.10741230135686,1.5102178905501233,0.9594642467723217,1.7875438203473544,3.638509477100245,4.1715900621614095,0.0,0.0,"{""lad"": ""06866ef12146677668b761b42e25f07051e419096110808ac22d22d1a162ae09"", ""lcx"": ""8724dbf8129962728b385d71ffb02064506b4915173d83a4c0d696f98f5cd553"", ""lmca"": ""27f86e716e60816cda328aa48644edfb5e3098ce9cd73ceb0a9f3b3045ff59f0"", ""rca"": ""d9b36903bf4706f99858821dee3acde440e9557fd28035dc9e0ff0b6291fc683""}"
98.label,inferred_RCA_candidate_plus_LCX_not_ground_truth_RCA,530,-17.902885465801887,162.9024211379717,-218.34432741561025,-0.6713237860353707,0.6687553298883163,0.3195163267332439,13.349393006426567,15.601790104434958,9.745592552150956,-6.339397153520629,176.55434981006178,-222.6225291685999,51.02650113358971,46.54857930774225,1.09619889355254,32.356814890638766,0.40964902241971474,14.20852084753075,28.32711968841949,7.889902001096491,166.16388774671051,-241.77630358244244,0.562193504352368,-0.6693573248461366,0.48569459060074716,2.476710080164241,-365.6661208991718,101.98713005416222,-294.5180722009798,59.67295145905513,-38.49771568468276,408.31075685044567,88.89984215430071,4.592930054271112,-11.532394442738907,0.9760099468363507,2.9119654651672433,7.660392459103239,47.94352355905306,-0.42838608986920357,-24.544714951617358,0.23241598178436695,13.316454847633647,-2.0629638940580164,-118.19912441739783,2.285541371457371,130.9518744870493,0.1971070686161714,11.293403143902145,-0.5984314271511546,-34.28759510375174,-0.42838608986920357,0.2324159817843669,37.861169799251,37.861169799251,0.19710706861617128,-0.5984314271511544,-45.580998247653866,45.580998247653866,9.004836938133371,3.988835784228544,9.842979759530692,16.300760502288934,19.149109678087417,2.451209814328248,1.5747426518941294,2.9119654651672433,5.682708611293527,7.660392459103239,0.0,0.0,"{""lad"": ""5587f340634a59d2c9a1d3bf1c58340b25a72515857ac6d8f464f52c0581679a"", ""lcx"": ""16dd729122e6ef4aa560a6b9cc62077c5468721d8596e520d8037433de87eade"", ""lmca"": ""381c7a5d1a9ec1151162dde49ac3fc011e4b5ce44a23ca37ef89886739e0f005"", ""rca"": ""1d322010742f2d5e1cb73a63c7f900d1730c47ddbd29c8f0188fe72c6afdd232""}"
99.label,inferred_RCA_candidate_plus_LCX_not_ground_truth_RCA,659,-27.34514593607739,194.03461980747343,162.18823670545007,0.4804551201191242,-0.4945614267858191,0.7242733411405482,17.121036913418525,-16.8875892342255,-8.063841795827079,-42.15588786545734,182.79978982223275,164.3415442441217,66.80837444916149,36.63263025005858,1.823739491079941,23.70213470030689,0.8362660287391195,17.416466694117656,50.99547917198438,-74.74961974557522,205.40009679203538,175.1513243818705,-0.8306978557035645,-0.5515851325950129,0.07546465417426997,1.16219440544165,32.28120469343996,-8.332299674856385,-56.77791398932098,177.7022169207766,170.5308658354362,54.58444510425772,36.47190005360035,1.496616436874376,20.197928717317385,0.7440051588212063,1.2490012247539182,2.4349727439732933,85.89047441674006,1.8375224362083025,105.28228035533277,2.4817956352623045,142.1964155145191,0.6703486944710921,38.40815099529828,-2.114773327504163,-121.16758629282594,1.1383792352476605,65.22432566502123,-2.5375368142349735,-145.3901498147364,1.8375224362083025,2.4817956352623045,36.9141351591863,36.9141351591863,1.1383792352476605,3.7456484929446128,149.3855245202424,149.3855245202424,16.544252719985373,9.498116584419218,19.060544317746594,32.76246548380285,33.77452601001514,1.1097301283530816,0.5744241598743961,1.2490012247539182,2.028690150816471,2.4349727439732933,0.0,0.0,"{""lad"": ""ff55b59d4c06f3457eae313c6b14fc0e98c2da4e62b3249670cefee240cdb06d"", ""lcx"": ""0581a11d45a6be2dfbadb59b7c358f8c03addc43023d77d92727105e0599b905"", ""lmca"": ""c40fc7d17cc5c72c6664269ead36d5d05d09bcb56e3751139db2efa8d03bc0d3"", ""rca"": ""efbaa19c213dc96c8f6a8be638208780c4e942bf3751366fe859707f154638e9""}"
100.label,inferred_RCA_candidate_plus_LCX_not_ground_truth_RCA,548,-34.75423058280109,175.41679259808393,74.12518324469127,0.5543739196441746,-0.8145046720386836,0.17103127329675957,10.384661409097511,-6.2282443736782716,10.461028920556982,-39.9377973252809,174.1874534523352,85.07248954103521,54.79592241943205,34.555887670681926,1.5857188488872846,5.566580570549232,0.7760845936982206,10.70720761388219,29.0329414215128,-63.56246929048742,137.66696761988993,70.87452906482625,0.7491192248955788,0.6369463743988848,0.1819881947598886,0.6621624704471595,-211.67130609473173,-57.09092475628136,-203.7809921101599,274.4483926954992,169.33123592592068,227.8852408056717,60.77536800973828,3.749631606823948,13.595002127711943,0.9637815702624158,1.0827402846927088,2.0026563098571764,85.8494188812025,2.7688303656612487,158.64229414005402,-2.9091226087861424,-166.68044756953367,1.067138007352743,61.142503979312785,-1.79348720818262,-102.75924763956498,-0.3780072835111661,-21.658221970394973,0.4661127818443148,26.706295176781303,2.7688303656612487,3.3740626983934443,34.677258290412354,34.677258290412354,-0.37800728351116625,0.4661127818443148,48.36451714717628,48.36451714717628,15.340084723158787,8.051398371915152,17.312871239498016,26.898277257137778,29.0329414215128,0.9817969421613695,0.4579522725739099,1.0827402846927088,1.8030296404208563,2.0026563098571764,0.0,0.0,"{""lad"": ""f7a843fee37641cd16d22ddbee298e2979f0621234be8fb61cdec14073a25dc2"", ""lcx"": ""60536f9f07dc79f0010688bedb14b761849decffbb085204b77842f1e0967425"", ""lmca"": ""4ced46ad1e57c471b8f33356d47a9832248657b15002f3c06eb81bfda6f5c6a1"", ""rca"": ""417021269cc56ecd2e7227468d07a28ec9fe9d60a20f140d887f1f24806adae1""}"
101.label,inferred_RCA_candidate_plus_LCX_not_ground_truth_RCA,383,-54.63728734905352,187.5073662899804,220.13537553832052,-0.12253130843676989,0.8206340763530803,0.5581628715535458,7.531590045344347,18.361993983367004,-5.256457464505494,-36.413657445234584,186.4115095537798,225.74711138952748,64.35757831875009,32.87398735677083,1.9577052707448581,-66.52384767101908,0.8596983166069352,8.460023729123732,19.725897573010876,-26.506908574380166,170.1666451446281,195.97272422096947,-0.108218266532126,-0.3197452994774965,0.941303219080243,4.0824683627766705,-88.71065132110607,263.2138432494263,-114.6965762795661,422.48208271243374,271.5412984497062,288.1065568761089,81.99605001158767,3.5136638513122738,-72.67546461982388,0.9586454060968906,4.157175966835604,12.614884562785361,73.96248187610729,1.5080341350858881,86.40399130208284,1.972772822001281,113.0315566387866,-1.0094986203111032,-57.84001036810577,-2.5287318227482514,-144.88566096389857,0.46917373066770557,26.881674625667127,-0.34818856334988174,-19.94973515467172,1.5080341350858881,1.972772822001281,26.627565336703746,26.627565336703746,0.4691737306677054,-0.3481885633498817,-46.83140978033884,46.83140978033884,2.43830169750921,1.9748238194104675,3.130306144484185,6.809803785733337,8.040216131133285,3.5049980749695293,2.2400525374639604,4.157175966835604,6.764840457896662,12.614884562785361,0.0,0.0,"{""lad"": ""a178882908ce09cc93dd98b1a7bcfee08108a3d1cff93685d9adef8f23132442"", ""lcx"": ""12164bd86d6348608ec7fef4f30abc5bd12b65ce9d915b9d502249e2e01ac718"", ""lmca"": ""688c674028922e5cf756fb3f452dd7a1626e2f7b673fdb98d8ecf54dc57be829"", ""rca"": ""9e7402465a8858b697c5e11d19d6aa50b60c705e800d90fb4fa7460695aad577""}"
102.label,inferred_RCA_candidate_plus_LCX_not_ground_truth_RCA,582,-37.289599441580755,187.88490657216494,-67.99759755347603,-0.8317769367902367,0.5548578915880488,0.01672864508308449,6.188223781518986,1.106887158348539,-7.9873456388443715,-36.67515529583205,188.5644671366693,-59.98613418111959,59.783669837900476,32.005464413313966,1.867920710846834,11.11508085816278,0.844627385729918,7.548596448444061,23.598354806499724,-78.77522721613546,221.38709225597609,-41.56992337048291,-0.8087290887979801,-0.416177096806847,0.415636722421652,1.945156366709818,14.35427776065805,-31.90617463378154,-70.33230922726702,190.626744120497,-55.94237577808747,63.52519595543059,41.57610376013044,1.527925664269395,-10.640341080171453,0.7560774950676961,2.152696413062082,6.486741302569162,63.33866014179635,-1.7924329652378357,-102.69884396824739,2.5958250856054175,148.72982175937605,-1.0025950579765743,-57.44446538273179,2.081595749102297,119.26665107593465,0.8219394340159268,47.09366058448422,-2.9241257340813713,-167.54006332845626,-1.7924329652378357,-3.6873602215741688,-108.57133427237657,108.57133427237657,0.8219394340159267,3.3590595730982145,145.3662760870595,145.3662760870595,6.552073288218835,5.319620488583753,8.43084146266742,18.689146774341918,23.598354806499724,1.8756736246447974,1.0584961510674902,2.152696413062082,3.7939101046808457,6.486741302569162,0.0,0.0,"{""lad"": ""067f75066fb4385258fa406987ccaffc5dafee6afbf143fe9fcce1bed3d14a9c"", ""lcx"": ""7da676a8be7da2d2294e5e5f8dee5382cee34d517266906e463e4ce8a23f77ca"", ""lmca"": ""89dd8c1f4162276b44e075992e3e0f11768242dafa85686207eb2023620f9aec"", ""rca"": ""9bec19bd3e10b506db7253721c059cfadff3c77e78ef081d070950d2acfeeef4""}"
103.label,inferred_RCA_candidate_plus_LCX_not_ground_truth_RCA,495,-11.960844775883839,159.5348544034091,93.92373813667683,0.6454951305809313,-0.48885511675351,0.5868191469441147,8.736687719067337,-48.76390155086835,-12.467676004658772,-49.204976073297345,129.8085461460253,110.12813015575433,86.99078638106684,35.943198649153686,2.420229407799662,14.482619419446554,0.9106475746612991,9.05201523786486,23.727214019939158,-52.56804973323171,170.33835508765245,123.77012271415896,-0.661451401016664,0.16459122554949876,0.7317047031181407,1.3363118402109726,2.327365734164384,-2.2484333323098,-50.822553292805736,168.48257741617672,125.76547108497464,24.985499968345522,2.4513561175588605,10.192521514673636,-45.221679929839446,0.9951754631141049,4.634979031287623,21.06009537833418,85.52370744607403,1.3898992704266988,79.63536214376212,1.4969192766835921,85.76715682574577,-1.3379136930566824,-76.65680796490938,0.6146056129263614,35.21430768573162,0.03047064706997042,1.745839476141973,-3.11002810615969,-178.1914846500146,1.3898992704266988,1.4969192766835921,6.131794681983651,6.131794681983651,0.030470647069970453,-3.110028106159688,-179.93732412615643,179.93732412615643,10.699744039037315,5.658800549856427,12.091263047766628,18.491398369352012,20.879777705948257,2.844263026472136,3.670880727893129,4.634979031287623,7.694028070786541,21.06009537833418,0.0,0.0,"{""lad"": ""fd67508706aae2acf50a3b329235822f08ed9ec19b9ec48392c5f60bf9fddd0e"", ""lcx"": ""ced0f73cc2e6cead8a9cb760836955c3f9f5e64a4bb5084a208d225bd97b5d33"", ""lmca"": ""d61cf01edbcdb4f3c8b8a5d07cdf0467052839c28a9fee32e7ba81c57b14f9fc"", ""rca"": ""c324e48741c27ae3e351411c6bc40f66b95c30b23d99f59714f4e39e91688b05""}"
104.label,inferred_RCA_candidate_plus_LCX_not_ground_truth_RCA,461,-50.74140794468546,173.47886727223428,-237.8178836714937,0.9935773965386737,0.06913034388232898,0.08958210000966842,16.45318078018969,11.473369423072745,-20.367413473002724,-49.702430496400986,184.92478822019854,-258.1742378886285,51.844434500681594,32.81843129136339,1.579735303019348,-47.44790012357889,0.7741375320755913,16.869025702452998,38.19905906666715,-13.0234375,164.6796875,-284.9630312712296,0.40872347653155494,-0.864120677371845,0.2936674559265693,0.10982967920992123,-37.46463456477459,35.72966302224124,-47.215846107735324,161.6781692620872,-246.20638352372492,53.28996773456007,20.791509003307905,2.563063976072237,-38.52262814119794,0.9207479074589119,0.176903000950824,0.3180519039734016,68.11969673888912,-1.4374046352277479,-82.35721905109156,-1.7531055194893532,-100.44554730782963,-2.1122379036186447,-121.0223172049091,0.6964776939906254,39.905232390666896,-0.008326383615372414,-0.47706663976771907,-0.40653147709962484,-23.29253787702778,-1.4374046352277479,-1.7531055194893532,-18.088328256738063,18.088328256738063,-0.008326383615372423,-0.40653147709962484,-22.815471237260063,22.815471237260063,31.32691697866093,3.232118392010004,31.489524770294583,36.31850972261926,36.60524351964044,0.15722583319119543,0.08290693298760793,0.176903000950824,0.27466986672365223,0.3180519039734016,0.0,0.0,"{""lad"": ""13665005ba7cefd4e026df9592e6cbc76d3e6a8032e9b336459dddb4fe59c46e"", ""lcx"": ""ce765f851f6c122272e963b82b0c64df67b372101fe8724e5ab12596a2b76176"", ""lmca"": ""71b3fb0b44f5aaec40634c9759ab47eca18faa1607ff002d689601fb9912643b"", ""rca"": ""c20e5340f8b260ff879ce4214ffdbcd40ac24fd7125e8673d3d7af3793e2e648""}"
105.label,inferred_RCA_candidate_plus_LCX_not_ground_truth_RCA,576,-24.682403564453125,160.94575670030383,112.62361187405057,0.48900791373815056,-0.4427036768386182,0.7515881284420542,9.715894126363702,-15.164913874603156,-1.1279343035980227,-37.910444745854,156.21020089008988,118.44085230993389,59.5920932818369,37.61632831121981,1.584208133999681,22.450333304078416,0.7755955443189992,10.383549906123209,28.178622803782687,-71.01129495872641,145.44737617924528,142.07264227237343,-0.006172997765070364,-0.8128041956087383,0.5825042778378751,0.8759490577580327,285.20882366558214,-265.1137133678504,214.1920945854297,-10.416483393267384,-72.39142927360913,397.2424842855408,118.88031125353545,3.3415330099392464,-43.58401050389669,0.9541704009640154,1.119102398303142,2.1422837212446857,37.380993311788664,1.7815699067448998,102.07643656399841,2.4853766430561692,142.40159214751097,-2.061867808326807,-118.13632333101502,0.01593230962477986,0.9128540993955461,2.889356466826382,165.54793105798294,-2.7682087795094046,-158.60667987694956,1.7815699067448998,2.4853766430561683,40.32515558351251,40.32515558351251,2.889356466826382,3.5149765276701816,35.8453890650675,35.8453890650675,13.71559003207291,7.610115082566017,15.674391094738986,26.745275903225117,28.178622803782687,1.0279900132572126,0.44334394248651393,1.119102398303142,1.7856267410895208,2.1422837212446857,0.0,0.0,"{""lad"": ""f1bbb1d6d8eb70d3ad3863a7c10b1197d8dc8c28283760d854d1c46c53a55896"", ""lcx"": ""9485f58dc32412e5114fad180cd4e156ad8ef1d3714bcf471e46f5b16e14b8d6"", ""lmca"": ""4afa67ed70d1af931e842f014744104cbc6d8ae4625e6c7f04354dcdfd80d45f"", ""rca"": ""7cd30ceff16c16ee703fee0f3d123787c1f12ae73c4ff92422590716dfd35eb4""}"
106.label,inferred_RCA_candidate_plus_LCX_not_ground_truth_RCA,460,-4.024524456521739,138.24267153532608,58.40108676578688,0.4660518194746413,-0.8808786220185344,0.08275599576528814,6.8438653444839295,-5.50306458006162,0.2677350704993223,-8.89340170545286,135.71424471878439,58.90753914117638,43.04331674581,32.33854198439753,1.331022182959802,2.19701960035057,0.6599582448584871,7.40779543194655,20.48530712692967,-33.74945518092105,117.28449835526315,61.25263138821251,-0.7177071464121418,-0.6934286814873646,0.06366408469172981,1.4602396707846208,-19.802365395289474,-0.03402770700208252,-47.5387346339385,131.43416350707338,59.919371701714994,32.64396860694526,25.85300521033663,1.2626759767910247,50.741872768213184,0.6105615385771563,1.846921257169855,3.8369415629669064,73.64389900917888,2.2249628036128617,127.480978220612,-2.6459290547190255,-151.6005677264396,1.1344533351550552,64.99938815892493,-1.5460249315306374,-88.58070359870759,0.24709829008558548,14.157689146803362,-2.299720135995892,-131.76425785381633,2.2249628036128617,3.6372562524605607,80.91845405294838,80.91845405294838,0.24709829008558543,-2.299720135995892,-145.9219470006197,145.9219470006197,6.6073395363945755,4.867724274616613,8.197303759045885,17.245541467067888,20.48530712692967,1.5986624905848077,0.9273199437680353,1.846921257169855,3.4219427642173863,3.8369415629669064,0.0,0.0,"{""lad"": ""a85b72c52b5c68e02d9d0c1e5430c1f6a68d528ee3436952522936bf15f43bf1"", ""lcx"": ""19639d042f3c31f12d141f810869aa2df016efdacd7c99483fc7b787d3701731"", ""lmca"": ""ce552c92e24ecfd8641e9d2dfed0f946ac0ea768dfb50c384d304d00426136e0"", ""rca"": ""8374d9c46e8925dd0cbafdafa2fa5fcd49a1532e0b08c52374e656f1e1ee6ac6""}"
107.label,inferred_RCA_candidate_plus_LCX_not_ground_truth_RCA,709,-31.04717113672426,169.0291467405677,-1124.365281550269,0.5872737244809323,-0.7212505700022991,0.36729713830310845,9.319890752048446,-6.375323967064565,1.4509359875671957,-36.20728436441408,166.3512223105326,-1121.3733050882147,57.299117028740824,37.564566647278,1.5253501409124555,4.1542654264997525,0.7551194919872233,10.719803755929227,31.52059805329022,-70.40713435488198,185.31925211239272,-1105.530735523404,-0.06148180089626586,0.7274453433172218,0.6834056340451412,1.795526491147283,5.060635059374416,-1.0930531824784029,-65.35607298145976,184.79760168391041,-1104.5210562197228,41.25852637979287,8.074021873967709,5.110034010784484,-73.00685962593455,0.980665125213988,5.309025072548673,15.810292595067272,71.95498650196909,1.950644257059209,111.76368326092472,-2.727168712055661,-156.25525722091785,-1.7744539737288056,-101.66872363487842,1.2280034573466556,70.35941533343677,0.33925571158614193,19.437920449593435,-3.1275556134059954,-179.19573684061285,1.950644257059209,3.5560165951239253,91.98105951815744,91.98105951815744,0.3392557115861421,-3.1275556134059954,-198.6336572902063,198.6336572902063,12.025635696729147,7.408882216054062,14.11508800277592,28.361048352312707,31.52059805329022,3.778473384975725,3.7374908956730675,5.309025072548673,12.125327188805073,15.810292595067272,0.0,0.0,"{""lad"": ""2afc4c22dc86fae0262f8efa5146b4c9b6d2ebfe203b65a25a656b50b68fb15d"", ""lcx"": ""aafeaaf12f12c708c7739a38d5a4f282e003d0e7d7d7053933cae47915b4891c"", ""lmca"": ""454341051f579429c786f740f038529d6422fb1d9a97a06a02da0715f5763c37"", ""rca"": ""d85682fea8dd484818a3ad657162678b0cd0f35da0e100a114571dd10c07f5b3""}"
108.label,inferred_RCA_candidate_plus_LCX_not_ground_truth_RCA,466,-55.865590631706006,198.74782473846565,156.05407420146108,0.9544012198059799,0.15830962709009339,0.2530936064057196,14.794198556999612,12.89170143787132,22.716037562587765,-52.017070930985554,211.48190346761226,133.57638607431653,54.67312161137525,41.23420411009946,1.3259167429397336,-88.97997770433133,0.6566503250258882,14.919236618948933,38.32509478397262,-41.0830078125,200.10843563988095,102.74999694824218,0.004865753644351389,0.17785653773177745,0.9840443975896298,0.6015506717454546,-4.644128908973533,156.21786476514387,-45.72708174497524,353.8395891691396,74.98753637686707,160.6115423352701,53.39662537064887,3.0078968702684206,-85.825681135414,0.9431179887327839,1.233425465171341,2.298518734217174,73.62901429839602,1.6544971656120453,94.7957048059274,1.2774463291965565,73.19228321744228,0.2265675269584241,12.981363069434202,-2.2538059827375245,-129.13357065219503,0.20569945028342385,11.785710349401292,-0.44119738662730124,-25.278748185945986,1.6544971656120453,1.2774463291965565,-21.603421588485116,21.603421588485116,0.20569945028342382,-0.44119738662730124,-37.06445853534728,37.06445853534728,9.307937485986562,4.840829592809488,10.479342441566907,18.054529211268633,19.090701839460554,1.1105413691614272,0.539264151226458,1.233425465171341,1.992668774073549,2.298518734217174,0.0,0.0,"{""lad"": ""cfb9d35100b1174e2a6e03313b2af8bc09bb74335b0d74359c5caee8277ea72c"", ""lcx"": ""6142ebc7af071956bcda59f4976caf66d3668e987304fb06a2044d37a289e196"", ""lmca"": ""fbbf764eabdb8e1033ce1692d518ac6326f41fc9b9d856ca9c010f9273a6bb04"", ""rca"": ""009486207ad450efe3490bc822ce3c04843e6226982ecc302f340942e803fb95""}"
109.label,inferred_RCA_candidate_plus_LCX_not_ground_truth_RCA,577,-42.77619963171577,158.9073467287695,-195.53527168260703,-0.8234771005844923,-0.5546439127157509,0.11939679602200642,14.213925984101984,17.456491192410027,12.839816076779629,-32.87226793329404,147.5563456996802,-179.95782406796783,63.999738177202815,35.43714990021104,1.8060069265565195,25.452078085056904,0.8327110825981978,14.693650110946027,35.67237491431545,-8.361979166666666,148.90364583333334,-225.76014797929403,-0.1413429628109718,0.2478533432832797,0.9584314722958116,0.34829567204451556,107.96493344180327,100.18457106482788,98.51906079111903,249.71806173105955,-236.06897804283943,153.05753205743193,44.052855974383434,3.474406566203887,38.59584237972926,0.9576848439151379,0.6531544567593935,2.136094185153929,84.64329544180275,-1.6512288286036862,-94.608442889322,-2.421962793571213,-138.76824620934514,1.1310702433482551,64.80555127669,-2.528823284868185,-144.8909013573561,-2.6959879493137757,-154.46873111380904,-3.12511687191385,-179.05600724578946,-1.6512288286036862,-2.421962793571213,-44.15980332002312,44.15980332002312,-2.695987949313776,-3.12511687191385,-24.58727613198039,24.58727613198039,17.973660474964973,8.69411377803863,19.958519389518486,29.96714859645147,35.67237491431545,0.5517361491661638,0.35212923054045,0.6531544567593935,1.1618297928108317,2.136094185153929,0.0,0.0,"{""lad"": ""5bfa0b4fe514e215fb58fe1ae22ee661aa374a77b27389c46cf9c9cf7e47afb7"", ""lcx"": ""398d24c90665ab1b7ad73b2e1439108ab0d7b7cf4d60dcc0be0bfbf7243ac34a"", ""lmca"": ""ecc47c5fd5809274d1116d763abe2d97a0576c3ec98e5dfe52ca41f355596c01"", ""rca"": ""8b1c53f7c1ca7f44fc640a25a516c595097ba8cbae01508968e9cf5781b81ab6""}"
110.label,inferred_RCA_candidate_plus_LCX_not_ground_truth_RCA,588,-68.65834595556973,188.81643614477042,299.8709153155891,0.9290017362672709,0.3692594968209314,0.024560089982505744,10.033585976988485,11.22857906090488,2.249638351062167,-64.50292548798797,178.55736111558048,296.9339575834085,63.862521003729086,37.773030085712186,1.690690973395999,-21.618608929121162,0.8063239636530716,10.437730369751458,29.72977739021389,-48.363062021683675,177.19671423256804,256.40577926116737,-0.36792157903728673,-0.18679768691840973,0.910900837545252,0.9087086945413062,194.24325557418047,186.0621808621426,132.2553545373814,345.10908062767834,363.79294001385387,272.4570492214916,103.33651901271543,2.636599837352428,42.369763046083555,0.9252834374426286,2.041017349893356,4.399417352327629,67.14472230320972,1.3419307515649832,76.88696846349212,1.7023114405866688,97.53526096245132,-1.5168382013449366,-86.90842714127986,2.634283980574133,150.93335412582036,-2.8313294797681623,-162.2232296016867,3.0286519125604934,173.52897220394112,1.3419307515649832,1.7023114405866688,20.648292498959187,20.648292498959187,-2.8313294797681627,-3.2545333946190933,-24.247798194372184,24.247798194372184,14.414976425559033,7.597721902559945,16.284735907623645,27.05296808296594,29.72977739021389,1.7113896116931484,1.1159611640592189,2.041017349893356,3.9397289957246575,4.399417352327629,0.0,0.0,"{""lad"": ""1172e9ed5a758f3d1b8586c54ae988fa794b22af811e212109b31953f958174c"", ""lcx"": ""fd3a2e9a8e38e9a88741254c934420c149f0df932e849f56f9f9f6cc1e0760fe"", ""lmca"": ""0da0788494247ec1e37529abffa8f4f8e5b752dcef726067f82a46dbeaba1632"", ""rca"": ""ba9d62b09d675b7791dc9c247a27fb12fc495967f2498328654f10458b6ed1c8""}"
111.label,inferred_RCA_candidate_plus_LCX_not_ground_truth_RCA,478,-21.978368527719667,165.8362888990586,30.22405934034531,0.6078494145367859,-0.6589258910786827,0.4430979116554837,6.068743062397302,-15.152283917889813,-7.2000021712291264,-34.010074748439465,154.17557667363783,29.38884978085619,52.8844630816836,36.77727496504761,1.4379657854461467,-5.366264986363193,0.7185969053206652,6.249050476962475,21.163841524917686,-53.485392825704224,128.1924424149061,46.76455475354978,-0.9545947230545838,0.29774050854640455,0.009975183550742788,3.861845691182537,263.94869341178827,269.32256318730975,25.14691857594802,389.033222072879,-213.97018222376028,382.8941923360699,122.88831946213595,3.11578996288615,46.52669341520414,0.9470975304193084,4.274159090948833,9.3512097174678,39.464477799370485,2.0316849308254885,116.4069718366291,2.9848293224246665,171.0181227418266,-1.2726431746975397,-72.91708273629935,0.9259322427083035,53.052009622268784,-2.9028032616611257,-166.31837564999208,2.8106730831294113,161.03970525433806,2.0316849308254885,2.9848293224246665,54.6111509051975,54.6111509051975,-2.9028032616611257,-3.472512224050175,-32.64191909566988,32.64191909566988,6.3575884934805735,3.8349217432864187,7.416977240516109,13.529302462403155,15.485613851060844,3.845129247021797,1.8707881282342218,4.274159090948833,7.882715038604176,9.3512097174678,0.0,0.0,"{""lad"": ""317017345bc6ecca98434eef8cf7fdf38ea1c7f70c8c15d1847d8bf87345147c"", ""lcx"": ""210aa438f33d1d0a1e8526d822f527c6643dbaf56eba9bf26aea2b771f20ad11"", ""lmca"": ""7f34e74eed36d637f1a3f34148b60bb6a433ab87e8e609b0b994d3f7e1878fd7"", ""rca"": ""c97993ed2fab8e1ddb41d01e2461838254f972e4f68312b0ec771640a1fad05b""}"
112.label,inferred_RCA_candidate_plus_LCX_not_ground_truth_RCA,567,-15.404420882936508,147.31379174933863,140.5117253433039,0.4736396655934677,-0.8769477309666495,0.08141341614840421,10.617683144717729,-5.202616051764894,7.727541950594093,-19.986462242794016,145.57450931395536,148.43396694317926,52.77886836669685,31.591275863791548,1.6706785947569003,7.5061182886055136,0.8010785947729766,11.058198870429893,21.777316683473302,-45.465260709269664,153.22079090589887,179.50898571228714,-0.9244678610783496,-0.3083847307876498,0.22418303158412822,6.379699437078915,-280.9186582562601,-363.63371291446475,-152.56830328425644,149.46243698543935,-267.32384966515684,473.0778366524829,107.17895574443357,4.413906007635763,50.94574808381292,0.9739979771795635,7.017665034778708,14.902224967336588,81.42083098083086,2.1755514821605435,124.64991804122995,-3.138689388820859,-179.83365518193105,-1.9209939031140677,-110.06484311879905,1.0772438850133366,61.72152811754034,-0.2730793313094557,-15.646293156286534,0.4823482417334901,27.636518506884983,2.1755514821605435,3.144495918358728,55.516426776839054,55.516426776839054,-0.2730793313094557,0.4823482417334902,43.28281166317152,43.28281166317152,11.198560085543914,5.839337190375259,12.620428513899373,19.30430931705928,20.704595649739893,6.375481449037089,2.936849775644149,7.017665034778708,12.197169154026703,14.902224967336588,0.0,0.0,"{""lad"": ""fd0ef8f2006964337b18750c10bbc13347d75fe460d679e8491636160b62a122"", ""lcx"": ""471d19e91cf3b5d3387de1bc04998e0bb4f068eec88161cd7e9eae228221dd31"", ""lmca"": ""666220c1e29c7683f1b8966defdca727fb5d091d2dd9476448b7ec9b4a6bb2da"", ""rca"": ""5a6a80605a4589b93b14b18c4d825a4a0247f8221d3836a0f37bff6c98b62224""}"
113.label,inferred_RCA_candidate_plus_LCX_not_ground_truth_RCA,685,-12.723739735401459,192.9609774178832,7.551460616954052,0.033638490784630125,-0.9055588089843021,0.42288496711122847,11.8477611846472,-11.773520374501445,3.770702191730476,-24.49059707239968,194.19760990191705,11.135562392529785,62.93365622987147,37.55009124127258,1.6759920988074444,9.379320717401841,0.8024930066343999,12.680439112563946,28.436034747623182,-48.77161214953271,216.9971159462617,4.480374594715154,-0.9479596023455187,0.09773731767657215,0.3030181662117227,1.693557052949954,-41.30439892664668,-352.33773681534655,-61.92254568388144,-130.34862871376617,75.37410329195521,366.4321319892627,111.69465591267816,3.2806594818263815,85.08020371936054,0.9524110151043441,1.9233542329982636,3.877657883930255,89.55612470251793,1.6920667681893953,96.94828447159337,2.945193608493816,168.74716361560098,-2.3630899875866103,-135.39508289833486,0.856904781679201,49.09702743479745,-0.47347475911616693,-27.128105403329666,0.28607091268471097,16.390655938289424,1.6920667681893953,2.945193608493816,71.79887914400761,71.79887914400761,-0.47347475911616693,0.2860709126847109,43.51876134161909,43.51876134161909,3.335050252093526,3.5083107695051274,4.831638748899416,12.255094607600666,13.286903464317287,1.7276247759257939,0.8473246651726942,1.9233542329982636,3.2795333482184597,3.877657883930255,0.0,0.0,"{""lad"": ""c0e59b7d53e2a91b70dfd268c005d9e1b2a6d5cba67f2688f7eda53e190ef1ba"", ""lcx"": ""1a6adadec3ce66ec23a9e85822145a3596b57b252d82f3d4388632a96d1eb50a"", ""lmca"": ""1be98414f6cef09e4e64f1dc167ce53c274c24d4411d01014fd025f8e17d8901"", ""rca"": ""cc585da5b3f68ac7ea58ce9a63770944f452f84d1c0e46450ae454bd38686f68""}"
114.label,inferred_RCA_candidate_plus_LCX_not_ground_truth_RCA,471,-32.926556694532906,181.46338823646497,106.55934258884179,0.3597044919528168,0.12721418653380642,0.9243534114252556,12.707893368615142,434.8861450472415,-267.4615549654684,372.851039861906,-104.82836396579535,-11.944738743558624,535.8731642358937,105.32920776345487,5.087602723067483,-30.966031734435457,0.9804925544321574,15.538069967098119,30.043170467500694,-46.329917594178085,130.95893086472603,85.79246651636412,0.09885583070925612,0.9951013373718212,0.0009236317425771468,1.1693089909487964,-2.7150377766625513,-1.0788945188119383,-49.03165648054418,131.22632665758383,86.87160969096443,14.105552536932342,4.313980886396393,3.2697299567117843,68.19750044736747,0.9520843201570718,2.2435872447086744,5.639232787282871,80.61871764495635,-2.749407828599596,-157.5294647389849,3.087023598450243,176.8734234484871,2.8191159498434795,161.52344588404566,2.661968668698735,152.519569912496,-3.0847239822590176,-176.74166514622993,0.04001187508695353,2.292511572887081,-2.7494078285995966,-3.1961617087293432,-25.59711181252797,25.59711181252797,-3.0847239822590176,0.0400118750869535,179.034176719117,179.034176719117,12.796208714088957,5.428279189265967,13.896237553133867,23.112826852752864,28.73308641170052,1.7414155090723054,1.4244120117558796,2.2435872447086744,4.967711547356979,5.639232787282871,0.0,0.0,"{""lad"": ""5a3da81b3cfb09bb0eacb256a553db0d3782bc2be20e31a9b0b278241c3fb779"", ""lcx"": ""0c0a97b965819707314ea9c6515a7a91049d723f7c691210e38e7361e83e0bb9"", ""lmca"": ""b59bf71254a8b3b5371593cc1db0a496b1dcbd7ad2b54a1413aefbde4f7f84c3"", ""rca"": ""6912045c6b8a2c41ad7b582a08bb2cb61c8ee2ef7cd54d7ecac7c69d15b2a0ff""}"
115.label,inferred_RCA_candidate_plus_LCX_not_ground_truth_RCA,520,-38.66947490985577,213.94548903245192,-32.76442612868089,0.12769823205609127,0.8370312133831361,0.5320450256811952,11.23814231237381,15.222092712845265,-5.645033285728019,-23.572004437448598,209.2768049472062,-29.04309819333296,64.33234512570316,38.28741664033706,1.6802477359605117,-63.34709010437364,0.8036143856552276,11.774562316148234,29.00083573761888,-13.494029371044304,185.57561560522151,-61.53101570998566,-0.3030852211848066,-0.4995542022632201,0.8115324686668518,2.0344495200878594,-42.755591558337485,319.0762391687018,-54.238545670914334,464.0902253881319,94.69697006883948,331.4125707102578,99.77706231637973,3.3215306505957534,-83.73291609313861,0.9536033001250042,2.310474149116002,6.45481129212604,88.56320966658141,1.2581696442756798,72.08781052847257,2.208483259914468,126.53676991839264,-0.8081851396515047,-46.305597567222264,-2.552906199688793,-146.27075073495,0.46484060702764834,26.633404928983484,-0.29916262810275307,-17.140755978329587,1.2581696442756798,2.208483259914468,54.44895938992006,54.44895938992006,0.4648406070276479,-0.29916262810275307,-43.77416090731304,43.77416090731304,2.203114962622689,0.9895862082896869,2.4138513751085435,3.784829721877471,5.826093218695142,1.938539394582139,1.2597826131152774,2.310474149116002,3.988272679716658,6.45481129212604,0.0,0.0,"{""lad"": ""f3ecaf70a191b6341101cb40115a267be1db13c60a432a564330d3fece8d8845"", ""lcx"": ""8a5b5241a5c34fc22c2c4c1d3e21be4c8cd5bd91854bae71ed044fda3ff50944"", ""lmca"": ""e13703a911163a46998afcc765b29649d1ac6299ff32b3265403379ef43aef7f"", ""rca"": ""bcab672554744262594ffd50fb340a9e61d2161451a187e59984ca522cefea73""}"
116.label,inferred_RCA_candidate_plus_LCX_not_ground_truth_RCA,543,-40.42787465469613,180.04881733425415,-162.51409144954786,-0.9174889374255392,-0.16606881892631117,0.3614349140331842,13.64155869201698,3.5969967459942596,0.2761950913203241,-38.997128562300134,178.92192400823728,-159.39997096857175,55.01928816364202,32.88793917257739,1.6729320701711277,-46.755845707575276,0.8016804026562728,14.105594385301261,36.22662766191384,-26.021551724137932,158.32691271551724,-190.09741684486127,-0.36365933025959485,-0.6770955234105304,0.6397605362106691,0.30651193883053723,-142.12683251170105,180.84614649733615,-158.41724613577404,320.09743118696235,-94.14407048588538,242.33180396619258,60.55747014533082,4.001683085251493,-47.49345089607049,0.9682729797098183,0.39988253704644666,0.8793472764924043,47.36467591301398,-1.0287153258384059,-58.94104649096594,-1.8933369384460237,-108.48021576917769,1.1481425133199115,65.78372029277384,-2.5675938884401104,-147.11229331120225,-0.009594330944749175,-0.5497146703858915,-0.5202988923017311,-29.81093061422095,-1.0287153258384059,-1.8933369384460237,-49.53916927821175,49.53916927821175,-0.00959433094474923,-0.5202988923017311,-29.261215943835055,29.261215943835055,16.769071004002093,8.350332503828776,18.72573354074672,32.69011681073444,36.22662766191384,0.33872817481818873,0.21345267216408795,0.39988253704644666,0.6821812711399942,0.8793472764924043,0.0,0.0,"{""lad"": ""4819f597c395f41cc06f9b5b27cc50c5b441ad841e2127b66f0fdbffbec3638a"", ""lcx"": ""4d9b4cb00384af765fdfc024d22ced90bb4982734792c15d02c69567a705c8ac"", ""lmca"": ""48c11f7b9a53696d3dca97eff31049dc9089decac2183fbc1427733afd04c4e4"", ""rca"": ""829d264887a9e555628a72b0e80992ada14a637f8c08af2ca5e9b87b177d8a5c""}"
117.label,LCX_only_crown_approximation_insufficient_RCA_support,164,-92.13314596036585,154.10951791158536,-266.99510974418826,-0.7467112737775164,-0.2736723335939965,0.606239001911602,0.8477739921452211,129.15845758362207,250.24637501559735,-6.223616242657172,342.5111651674654,-76.12990236269512,287.72131068093796,102.50244252552204,2.806970288627984,64.15852659592751,0.9343883904874769,1.1711126918735237,2.7222660839175967,-24.8431156517094,179.38970686431625,-279.0841758271568,0.46669794899444295,-0.1471247393679261,0.8720936506306535,8.906612979301904,-16.275838479590096,-1.0218427243666035,-39.2377401612659,177.11850680313756,-271.764099579055,57.56912558837411,24.64546596239939,2.3358911402285942,50.13128110313902,0.90373035593525,9.175526766295453,20.25918682243703,77.26321123753743,-2.859835022052835,-163.85647686733014,2.7818957563866573,159.3908858863093,nan,nan,nan,nan,2.838482151641197,162.6330475122535,0.7968670651543773,45.65711966632221,-2.859835022052835,-3.501289550792928,-36.7526372463605,36.7526372463605,2.838482151641197,7.080052372333964,243.02407215406868,243.02407215406868,1.0744282254631854,0.46737659546964744,1.1711126918735237,1.8335556287686148,2.7222660839175967,8.053138380595101,4.402120063947851,9.175526766295453,16.71223812466445,20.25918682243703,0.0,0.0,"{""lad"": ""e2ae7e636e8431e20f8d6581f5e6f862751be1fb89dd76d03e4188e9f7ba837a"", ""lcx"": ""c88f402eb75011251b465531a9deb5b1200942a71230a7ad7a1c7a7d7d41004e"", ""lmca"": ""b3a2c45ac81b047f72526221920820faa5b7ec63829f2d4dd5b06e1b22d44dfd""}"
118.label,inferred_RCA_candidate_plus_LCX_not_ground_truth_RCA,615,-19.360041920731707,199.1382431402439,96.57195198245165,-0.08156632596752274,-0.9485092697004233,0.3060671491038031,16.280607456912076,-3.00185664470807,-3.382078267407518,-22.35189612646834,198.3326587025236,93.27810334482923,49.25369462766261,38.798479377100634,1.2694748716552222,-28.432553435563992,0.6160241205107154,16.630995439543426,38.67125273641371,-69.94342237903226,161.09942036290323,99.27616563749143,-0.9057182533562776,-0.07124328918681389,0.4178502594029322,3.069694168409141,1.3075625834279454,59.73870264400312,-69.38917245636385,219.7892545761965,110.48413068640107,77.20857540346466,45.18895087997743,1.7085719827515327,-88.92770103920932,0.8108283003865562,3.1778668490536104,8.894690107976519,74.37492776308433,2.428328178187031,139.132955882809,-2.5468442344478777,-145.92342571109054,1.7215979379608652,98.64029586358292,-1.438891530028857,-82.44241184777506,1.0081670851328342,57.76371902211776,-1.0902421969625538,-62.46627653302495,2.428328178187031,3.7363410727317086,74.94361840610046,74.94361840610046,1.008167085132834,-1.090242196962554,-120.22999555514272,120.22999555514272,21.72719957939801,10.328778247912489,24.04772395947608,35.40295687307787,38.67125273641371,2.688733081810292,1.6970192264789552,3.1778668490536104,5.413143400410395,8.894690107976519,0.0,0.0,"{""lad"": ""4bb645708a6bb8cd10dfb170246104a8b643a7842b80d8f8dd08e3a63f101513"", ""lcx"": ""7ff08be0994aad7aeee0598f53ceaadc244a6e9e7d0f79ac06ae877201c868c3"", ""lmca"": ""d3b6d75670f9782630e01eb7e70973099ab6f87f6131252ff7004abcb6b31d4d"", ""rca"": ""3253d24ade42a8eb521801455dc70efcfb2ef12bf5dfabce01cba8db8f5ad6cf""}"
119.label,inferred_RCA_candidate_plus_LCX_not_ground_truth_RCA,731,-46.644551288902186,179.4591567095588,116.24411840999828,0.4859189858694948,-0.7783018372096748,0.3976543591708844,16.244939951872688,-10.559255277961753,-0.9549449429681526,-55.87338111149518,174.45556312428405,117.72821517513155,49.209966181603804,32.05263676289854,1.5352860529267023,8.656225768875233,0.7587822149044686,16.983827737842866,38.714515257109774,-79.37652744391026,139.4737830528846,126.17344398638268,-0.759464904978544,0.21402217402548127,0.6143350609653805,2.364154468657767,147.49261269008016,345.1567994550033,16.57453731691615,502.2688675051436,118.40125789048204,392.16276180129177,96.47495163946311,4.064917941258417,66.64661412171772,0.969267943505868,2.5226423062877728,6.21735270991655,73.06304572875388,1.6507380747248483,94.58032476328492,2.2170204268205587,127.02591355111039,0.6632284713040935,38.00019225863799,-1.887594708840018,-108.1512102477585,-2.6888028474314667,-154.05705510058124,2.734000536273207,156.6466919149585,1.6507380747248483,2.2170204268205587,32.44558878782547,32.44558878782547,-2.6888028474314667,-3.549184770906379,-49.296252984460246,49.296252984460246,20.285111442609317,10.57480685974296,22.864209182222865,35.501456955081984,38.714515257109774,2.1697006847334497,1.2892679442885477,2.5226423062877728,4.577420713448415,6.21735270991655,0.0,0.0,"{""lad"": ""9b998330ce2a0741e63da76ccff2a29c747d567e064e5aa412728a9a7f34f845"", ""lcx"": ""4db6cb47664591e8f384b97e9ac551b3593ddbb5728072f7f267504d409f8775"", ""lmca"": ""9256b15ce07d559881dc8b3ec44fd73b3ca2d94feaf9a9958376af1b9803f9e4"", ""rca"": ""34527baf90d2b93459ea4e5fd75656d41dc64636ae42ca5db556adec4381d2ae""}"
120.label,inferred_RCA_candidate_plus_LCX_not_ground_truth_RCA,566,-17.625462400618375,159.8338981062279,-147.47756488921365,0.6749178528123967,-0.6619921191097222,0.3259636884558209,5.0596434804341825,-3.6449721719234742,-5.1953615105018205,-20.315061388393396,155.33183888957407,-151.05179535934317,47.3836869055232,35.66247416644469,1.3286707670469806,-2.4595119026963532,0.6584415141033487,6.809905201925141,18.689627614678454,-67.44426618303571,179.03131975446428,-133.72500305175782,-0.7094317726352211,0.005644815463195284,0.7047515136798465,0.5868403424421701,-97.8486557767141,-255.3320505124559,-136.40546643416656,-76.84852864384129,-201.09466610411994,277.0542643605471,120.14225172039352,2.3060518709548923,68.266504688207,0.9010854406775021,1.0509459494717777,3.723957548708469,75.35545766270485,2.0440242096276915,117.11396043423058,-3.075911540349666,-176.23674941761988,-1.9025120625212355,-109.0059116551962,0.9151562721679443,52.43459199014889,-0.2107456236148213,-12.074834783981837,0.2984680653420863,17.100960463536424,2.0440242096276915,3.2072737668299203,66.64929014814955,66.64929014814955,-0.2107456236148213,0.2984680653420863,29.175795247518263,29.175795247518263,6.816480186086452,3.6595028812710684,7.732360807583302,13.919504959054242,15.7557259442195,0.8611868720437533,0.6045287029162119,1.0509459494717777,1.9016561118573496,3.723957548708469,0.0,0.0,"{""lad"": ""70b0a48ee51bace922f33c36ea3314fbac109f17d9f573b26e0132c8656947fe"", ""lcx"": ""6cb7f33b2c56949b7759bdd1c6e40cc8c7a886f5e2456f517aaa51c683f34bbb"", ""lmca"": ""1fe150cb65eb615156b984740ca6355f55c96d957493668d7aa8c789f5fcc5f4"", ""rca"": ""bc5ffbeb685fec4f745186fc24f15a983d2a04343c1aede6eff48384e0442567""}"
121.label,inferred_RCA_candidate_plus_LCX_not_ground_truth_RCA,371,-10.118379906502696,177.09602162651618,-273.64971825118977,0.22207650671237786,-0.8975865665319086,0.380815415585933,5.120736700668024,-14.440929762872317,2.617399004219462,-24.198708724828172,175.1660217055869,-269.98765999980344,52.632682532226006,36.66350384069095,1.4355606261999345,-5.547024817488402,0.7174675127509492,5.191962034348191,10.91015866770202,-56.430758568548384,206.8966812626008,-274.4753910187752,-0.9555164818375245,0.056370953285014055,0.28950055019391335,1.6661325063618535,-4.388287914235515,-22.317767594430133,-57.72503015796014,184.18892378726298,-274.32561548237754,52.162393167480076,28.83616903498902,1.8089224371027806,-44.288104138882815,0.833303812501335,1.7657490754781004,4.016323685939,81.22530873017466,2.0349565422619658,116.59442136414599,2.823298542667243,161.763090800269,1.1689794926901202,66.97759126848796,-1.5923843422357737,-91.23690217282551,0.6457182899407331,36.996932768008804,-2.843703840350053,-162.9322282372021,2.034956542261966,2.823298542667243,45.168669436123,45.168669436123,0.645718289940733,3.439481466829533,160.07083899478909,160.07083899478909,6.895425564075589,3.2119442407908103,7.5995097529699205,10.82138754075877,10.91015866770202,1.4977367561574497,0.9371208661455882,1.7657490754781004,3.2317444848070465,4.016323685939,0.0,0.0,"{""lad"": ""e6ebf5904212fb67b282a31864ecdd82d0f6d65bc616ab58e4e469fe32a223f4"", ""lcx"": ""e39d4ba85c48723efdf096380f0655770b9d77d944db96659dd21dc18b72f035"", ""lmca"": ""93ef53b168c221b90baf3a7d659838df31fff677ae00090fd74af8bb7ca98d7e"", ""rca"": ""94e39a75d390a11eae5d4acea05a7bc7bca33edaf92b1bd437b779422fc86ff2""}"
122.label,inferred_RCA_candidate_plus_LCX_not_ground_truth_RCA,555,-29.475029912725226,159.62015589808559,-229.3833211263021,-0.5865622656894718,0.7762331334439835,0.23109918003525803,10.567130484258415,-1.4093868258416948,-6.158435244953654,-30.616498131292843,157.07057522081487,-223.7168068037903,45.06449873396673,35.82673145457247,1.2578456617262883,4.765363990326862,0.606596198153924,11.337744347100463,30.69267265022163,-59.13003402217742,191.6386466733871,-215.17418134135585,-0.8606583005598336,-0.24017476219355985,0.44898037070981867,4.743207110298689,6.753891422422511,-26.387984595905536,-55.691067576803476,165.62879524550166,-222.4955144758703,57.21307384989342,36.32473740177805,1.5750443896421096,-23.488229706944697,0.7725920719345779,4.848700499310452,10.600271485504015,65.0291525731723,-1.4101786217115226,-80.79728338364572,2.80014795343447,160.4366597439901,-0.327104865542282,-18.74172825376703,2.007639488710271,115.02926948690101,0.7325200370221511,41.97030653013607,-2.615215698762738,-149.84082205546136,-1.4101786217115226,-3.4830373537451162,-118.76605687236419,118.76605687236419,0.732520037022151,3.6679696084168483,168.18887141440257,168.18887141440257,6.521579147262543,4.037930207558838,7.665343181308701,14.347973625759698,14.617049726405714,4.352369482056957,2.1404568753889373,4.848700499310452,7.371526940914566,10.600271485504015,0.0,0.0,"{""lad"": ""b8369f22b5515cb4f1abc61310862eb5d41319d41d99629a1f0967d14a955353"", ""lcx"": ""7f09398dc4dd0d411fd3521361d0936fa0de7c24a50a3ae40751b4b752f37764"", ""lmca"": ""bb60c999a0e8d1477292632cb71e1c2b7506c5e23edf3dda5532970dd2274e9d"", ""rca"": ""8ef9cbe834053776aaee2115a2c98787d1e8a3efb60ea9d190e19454f636ac9d""}"
123.label,inferred_RCA_candidate_plus_LCX_not_ground_truth_RCA,476,-4.282472754726891,220.7128495929622,-1119.6445866432512,0.6061667910930035,0.15844296824867987,0.7793956935912327,15.625726810057575,-8.177879903836116,-2.0526689429014744,-10.786647736732569,219.68886385030964,-1114.3778675019817,44.01019201963038,39.02767692620131,1.1276661970644748,41.46759224926718,0.4621778687687835,15.986271902416439,37.047423324158906,-44.87024456521739,170.15232252038044,-1107.2511357846467,-0.5424123577109415,-0.12801479615473213,0.8303017801787012,1.9571239260486968,-26.340623006195486,284.1766027076815,-66.99932841291759,453.1874850022954,-1078.0694567080166,295.32541714359223,75.46369818095393,3.913476602159535,-84.61783292483692,0.9668018479960009,2.688394889567855,4.758867874751991,72.65898686287973,-2.686692021600283,-153.93611368916723,1.6038601834265935,91.89441943942188,-0.9636187808054558,-55.211289199694605,0.2901953857953894,16.626970840246493,0.4301762043697443,24.64728095734351,-0.4301678819663306,-24.6468041187525,-2.686692021600283,-4.679325123752992,-114.16946687141086,114.16946687141086,0.4301762043697443,-0.4301678819663306,-49.29408507609601,49.29408507609601,7.245209582038574,4.785019373938899,8.67576883471598,15.43246405469801,19.70401987844526,2.451078647730649,1.1074048337910576,2.688394889567855,4.203062069480745,4.758867874751991,0.0,0.0,"{""lad"": ""11f0a49fba059abcc7b6a4fcd4ec1c070c42f3cb7d428f39d7fd7c6633f56e42"", ""lcx"": ""bc34d380dc7abd781bd02890b50a8b14ee1dd3bc28f2b3a434b792a119571761"", ""lmca"": ""e648565d71cd2e2ec55643a45d90bc66cc77cfd6a30279844210ed2bf015ee0a"", ""rca"": ""8cfe958a82703836574549819e832ed3a823bba8d3b414e0c1638929b4b7d60d""}"
124.label,inferred_RCA_candidate_plus_LCX_not_ground_truth_RCA,530,-23.100611733490567,168.3143720518868,-3.7886784823435655,0.13380895210953622,-0.98096012913382,0.14075648967314772,13.543416317065487,-7.993996299064231,17.300553625832197,-31.022719194640253,169.71281128662926,13.488407894429507,50.29756120131062,38.22283503152201,1.315903468694321,22.17315749761438,0.6500000531865457,13.88844703426715,27.55433429031478,-57.4871484375,185.19117745535715,24.104286477225166,0.6625979883031239,0.5945221681834505,0.45552968886243006,2.289528793586551,292.56279955718117,247.74366947888106,161.63514374850493,181.99423497734082,-290.45114278372364,398.3900544748132,104.38917510427453,3.816392399660795,43.80607952737598,0.9650603899338804,2.3920841135233206,6.866011157011403,64.50564043672303,1.7152156927004967,98.27462014634642,2.363738908511999,135.43226332859737,-1.3983120604377774,-80.11737950532674,-2.266591904301786,-129.8661499950125,-3.077571817680856,-176.33187630151832,2.667889188647047,152.8587907180573,1.7152156927004967,2.363738908511999,37.15764318225094,37.15764318225094,-3.077571817680856,-3.615296118532539,-30.809332980424372,30.809332980424372,7.79498794515845,4.800269274483371,9.142921978740858,16.71579182287132,18.779754439043653,2.032634952930447,1.264753785501934,2.3920841135233206,4.260073771353899,6.866011157011403,0.0,0.0,"{""lad"": ""73867379de6beea1097a7516a99e6fc629ffae26b497ba9ec1769d995e5135da"", ""lcx"": ""c4d8ef2eedb93b611e1fb01b75b2dc59926516089a801b3fa4312555dea6e5a7"", ""lmca"": ""133bffc8a7f7eced55e1bd91d0967ae741b8cea1cd87dab6c98b9357898ad79f"", ""rca"": ""a45b60fc077580885424f2bb5afe30c80c49cfc9340fdde05149b450483a688f""}"
125.label,inferred_RCA_candidate_plus_LCX_not_ground_truth_RCA,602,-17.903401422342192,178.40876764950167,86.75149577955075,0.6176646681685449,-0.7487643735186988,0.24050420088928107,7.344194254770079,-12.59435197681906,-3.0205426668106004,-27.808123481607076,170.07864370450693,86.25460976871301,61.440104292229606,31.030547725700625,1.979987747407458,2.187142781265168,0.8630879621494905,8.204412934372227,23.55586429808698,-52.48433486729452,207.54137681934932,89.01986377663809,-0.9475795806969481,-0.1409324350821639,0.2867594584107171,6.278956827824861,5.0186323234238595,-14.071496255810581,-50.88078219103434,192.81507328378225,87.08123532646775,45.669230554363786,28.639737503566682,1.5946106541191698,-0.5278889991269418,0.7789288335419267,6.361192904625224,14.010802896317484,65.7452533130005,1.5895028400704814,91.07180426009646,2.4776261485698914,141.95752152430785,-1.651583849567947,-94.62878409221281,0.8428723635742987,48.29302910102358,-0.11254356816522197,-6.448271467210109,-2.5209297647604543,-144.43863596968148,1.5895028400704814,2.477626148569891,50.885717264211365,50.885717264211365,-0.11254356816522197,3.762255542419132,222.00963549752865,222.00963549752865,8.850442906235903,5.005231068769356,10.161596291456645,20.200486109331077,23.55586429808698,5.3871371717693926,3.3874719964675557,6.361192904625224,11.51340679157237,14.010802896317484,0.0,0.0,"{""lad"": ""6aa2a99d0776dd5f7573ccf65ce9cc26184d0c88851ae48f1139b4a4cb1f2249"", ""lcx"": ""c5abfa3be3675a97f6a73d5056abbce0e42b893ebfee7e396b3a0b744f6f32c7"", ""lmca"": ""3c6026f966b9cbfdf751e5e78b1fc9bcbfc3d35fdde5e5939f618f0314bae73b"", ""rca"": ""fb1a4cf52f150c9e7479cbbc6ec0faae2056759ae716ae3776c80c100413ee88""}"
126.label,inferred_RCA_candidate_plus_LCX_not_ground_truth_RCA,522,-40.881510416666664,172.08051215277777,-221.06243990024845,-0.1730373927082007,0.11681600767671385,0.9779632309423612,12.248994511792874,11.409222794293113,19.488102620311732,-29.64439283196363,191.66521088224837,-221.4135418413558,51.44467237839089,33.59665528368685,1.5312438677004345,29.137096992341597,0.757302859541323,15.478863353101785,25.069430210755968,-1.187137972157321,185.48811392620718,-271.2337884160217,0.08244669638564928,-0.7683826770168827,0.6346578636678676,5.958784661816083,-21.778662084888474,25.330975630098777,-22.89165407351442,200.23513178487187,-250.55994277321562,50.92505429608162,44.03440758006227,1.1564832387830117,5.274225282336698,0.5023051302382985,6.23857443108124,11.551630201372234,58.892440624445264,-0.23059810980240417,-13.212298455372096,-1.246924920591181,-71.44353531955998,1.9728612183184675,113.03662137468588,2.7480902081876795,157.4539706503818,0.434175983657165,24.87645142949656,-2.2276948740300497,-127.63751432484943,-0.2305981098024041,-1.2469249205911812,-58.231236864187906,58.231236864187906,0.4341759836571649,-2.2276948740300493,-152.51396575434595,152.51396575434595,10.921837185804135,3.404980688566123,11.436177757715186,16.964243028550168,17.61247795500324,5.586784629422697,2.7805997263092808,6.23857443108124,10.714395603595054,11.551630201372234,0.0,0.0,"{""lad"": ""08ab99a39436e9308097a373c5038dd86630df121badb9467a909cda4e5f66ac"", ""lcx"": ""9f2945c57dbb55516e13b0c3dbdb11a33dff8dfaf9f0d93df05dfa045fe81f9f"", ""lmca"": ""8c9255bfcd08f6e4be2aa425c21973d9e143625db0a6728e0d7f1da95d8d824b"", ""rca"": ""0f04224d72fe96d85e5de35df1c18b613d41e86a1179228b9494e21e702344d6""}"
127.label,inferred_RCA_candidate_plus_LCX_not_ground_truth_RCA,308,-40.96151455965909,185.93989701704547,-202.6084293514103,0.7724333409172797,0.5676288450227113,0.28485825973201584,6.638127711370493,-0.5253139173260001,51.77449363280748,-41.29513924649515,209.52487083199625,-248.70085660754182,87.84618096205351,46.18314716243461,1.9021263460691054,-79.98052760919089,0.8506530825388071,6.711457696005845,16.434777631312702,-29.57302814640411,197.64870505136986,-258.8479329984482,-0.09618951269682356,0.027474115918590662,0.9949837941402059,0.6704624744090518,-6.380143495510907,2.836293307106554,-35.923587159710706,200.46697820813336,-259.53968973287454,29.775838831432964,2.3941463994707686,12.436933195904386,-32.13238262148689,0.996762222166502,4.881090598258322,16.605064872215756,77.01332368730081,1.3805213755120898,79.09804834443781,1.294418780324691,74.16473303507644,0.10208235806314961,5.848888279761741,-1.4624204582448295,-83.79052013101656,0.011831555010823287,0.6778981671970354,-3.128188745058019,-179.23201261214996,1.3805213755120898,1.294418780324691,-4.933315309361386,4.933315309361386,0.011831555010823275,3.1549965621215663,180.09008922065294,180.09008922065294,7.92110232063238,4.409942395798024,9.052699055011223,14.553481979950092,16.434777631312702,2.8459520907299583,3.97920275358375,4.881090598258322,13.251685363007091,16.605064872215756,0.0,0.0,"{""lad"": ""2da07fd690c2d42a8f220b1bce8e598712478be8e08e8f9964c7b4aebcb74071"", ""lcx"": ""8049f244a2494a259bd8bd92f46de4e22c0c6265b90a534dbbb64bb95ae8d5e4"", ""lmca"": ""1dabfc50c8f73956a2bf1e73b458350ed2a3f7e3c9716be7dc4400a356cd30e4"", ""rca"": ""27745b624797b963f6690a4229ff514ee72a8ce3095eac1ad8ed1148c7678fc5""}"
128.label,inferred_RCA_candidate_plus_LCX_not_ground_truth_RCA,428,-17.076372663551403,167.85030300817758,-236.0242868583893,-0.06523901888124474,0.919696525362761,0.38717201816644375,8.413999651831126,456.15571043236,-372.2254989279504,438.10757377071377,50.85515441544334,118.58756337578544,635.4061982150062,98.93595311916772,6.422399321808357,-37.877606566152,0.9878035927092145,10.263193393818204,21.961458444243487,-51.84673360812884,198.12102185582822,-211.34139883591354,0.8789835723383831,0.44568185593933984,0.1695746527218034,4.088056633122768,44.18064131810549,4.789492152889964,-30.77910413401227,163.52861846010202,-229.62770294610402,70.37004236432259,51.29598028702616,1.371843212091234,-46.02842586913493,0.6845709075472287,4.117360234607635,11.200797194827924,65.27883867489184,-2.6527742263546066,-151.99276717120108,-2.867086644219803,-164.27196421212093,2.620052652302742,150.11795907900444,2.9847337027289083,171.01264413682134,-1.133821775038612,-64.96320242974393,2.8360271289992265,162.49238507625955,-2.6527742263546066,-2.8670866442198033,-12.279197040919877,12.279197040919877,-1.1338217750386117,-3.4471581781803597,-132.5444124939965,132.5444124939965,8.293307865868064,4.208839911357083,9.292493273071907,16.7676235061945,18.85568638551248,3.486577692155984,2.1934423968357244,4.117360234607635,7.190930939118685,11.200797194827924,0.0,0.0,"{""lad"": ""4cda67a2106fef7e06e9cc5537a0a5f4f9bd64c2201007ab0d087875e947a76c"", ""lcx"": ""4f9a19bd4fd2ff08ce4dd195b03ffce12d9eccd0cdbe6846b727ef742f0647cf"", ""lmca"": ""c85192c6688bc13f103f84a9fc16450d7d957ec8769acfb8e7a763736e348eb8"", ""rca"": ""f218bb5580285cdf421c2adb019dfce56a5153c52f1f5ed06f351fa27146eaa0""}"
129.label,inferred_RCA_candidate_plus_LCX_not_ground_truth_RCA,505,-38.64243309096535,161.0288656404703,174.47573952249962,0.6044766270406785,-0.7644615686930704,0.22406810873672872,10.71916857277961,0.9254757654802429,3.220792373010812,-37.90517792453837,162.47162915459944,177.4091500229939,55.39438869748393,30.280514812203965,1.8293740724367842,6.822017462886053,0.8373709540426095,10.89752308385814,34.441464360328744,-75.22962122278528,191.92421229823574,188.32236932061457,-0.9089845926053405,-0.3556808592685108,0.21734336142637822,3.95491823728571,28.598568002386166,-25.9080219189332,-63.30888830384704,156.23315204621343,179.7697067936067,67.13538579694792,38.48347289470641,1.7445251363003342,-15.982388339081021,0.8194001843136743,4.148248550457011,11.864728402382726,76.77027819229546,1.7391475562679553,99.6458149246447,3.1321612349864725,179.45961951920856,1.0286582890013511,58.93777852092593,-1.9214390132203163,-110.09034604930571,1.2655069006206048,72.50820435024235,-2.352510725961398,-134.7889358568455,1.7391475562679555,3.1321612349864725,79.81380459456385,79.81380459456385,1.2655069006206048,3.9306745812181876,152.70285979291214,152.70285979291214,13.987693545848877,7.617913820931606,15.91810065722413,30.7733587862333,34.441464360328744,3.540990415612229,2.1641204284682893,4.148248550457011,7.670465294198007,11.864728402382726,0.0,0.0,"{""lad"": ""695eef77c41bc42b46211f258b29a99f4da385a4201b999d6ed5e76ccd1f7bf5"", ""lcx"": ""4c404718bad7c6c7d8960a7f75a17f40fe5ea1766303e5449dc96bbe200d8945"", ""lmca"": ""424c07c8f1134d52f30bbfbffde4029d29a95cd7da874e3d5c7dc528ca39801d"", ""rca"": ""4181b6b336fbfb8ae60b21939324010f094a07d4272ccab6cba54eae5c27d5d1""}"
131.label,inferred_RCA_candidate_plus_LCX_not_ground_truth_RCA,520,-22.318209134615383,181.81790865384616,-186.98077228252706,0.2662394782477469,-0.8849140366394936,0.3821566275504908,14.296509545487318,-7.049122906719634,-5.185029839163924,-29.11290744703072,178.03926557991966,-190.99681505498194,49.11887221630362,37.111123608807546,1.3235619792618267,-11.263373565416,0.6551060184679453,14.958304548938267,42.092448360851115,-71.33485991379311,147.8485317887931,-167.7396582241716,-0.6958963461800589,0.3992611057690797,0.5969244883511611,3.0796232802399572,286.5176238618044,308.16003656813365,134.42554798677727,514.8448722099853,-173.33408215619957,431.22283423410084,122.72877266327272,3.5136245957354606,45.23209627554222,0.9586444621007304,3.28161732324278,8.08911210168111,71.91255209779233,2.1649753916502212,124.04395269124012,2.3694260965725893,135.75811520176637,1.383045646918073,79.24267844234622,-1.6169612771793818,-92.64505681846185,-2.7453601149518154,-157.29754783028955,2.9125266325038,166.87548376191788,2.1649753916502212,2.369426096572589,11.71416251052623,11.71416251052623,-2.745360114951816,-3.370658674675786,-35.826968407792535,35.826968407792535,21.08816742569606,10.988841326488213,23.766007809296607,38.883896223160626,42.092448360851115,2.688379129280135,1.8859908919942274,3.28161732324278,6.765277251776985,8.08911210168111,0.0,0.0,"{""lad"": ""e422cca3aab22d4372180b2f3e160105cebb8feeb6894e303be6efbb89a7b8e0"", ""lcx"": ""7cc807573f56162092eec26d6e3729a5705b4f8c095407c5b81c5b4867e36960"", ""lmca"": ""9a02c98ff99fbb80b4520c2008267f88e71fda9fa40850ee5a48b1cd40bb0d12"", ""rca"": ""d96b898fd0403dfa595a7d8b8a34349a96870ba99b6c1549153f8a7ebe6ed808""}"
132.label,inferred_RCA_candidate_plus_LCX_not_ground_truth_RCA,533,-16.658815079737337,155.0156103424015,108.04099513442164,0.4618365158400337,-0.6046890835516934,0.6488899327853311,11.969774146475508,-3.7129068266347858,2.9898311994582794,-19.9520337373431,156.0338885055307,111.33380368643567,56.45978203486373,30.339683183420245,1.8609219382263478,31.517595535080293,0.8433478374202082,12.31724146106263,30.636100268476063,-46.52456284626039,168.6866559903047,133.69653815906133,0.8724337864824065,0.45185318053104595,0.18624712467028537,4.715907186474148,8.970315492224962,17.55312938301074,-42.14047967494622,168.14037339207633,114.48559593238647,47.28757301926211,27.29968329400179,1.7321656266119396,-69.05891995787928,0.8165236408964925,4.85372656415956,12.589515968197148,75.49023644127911,2.2466590889295466,128.7240838003697,2.5572233437717995,146.51810487045614,-2.0310620658027316,-116.37128429961881,0.6195814472307632,35.49940199093026,0.3961840866590568,22.69967607580922,-3.0582793615410817,-175.226499988268,2.2466590889295466,2.5572233437717995,17.794021070086433,17.794021070086433,0.3961840866590566,-3.0582793615410817,-197.9261760640772,197.9261760640772,16.855854567030626,8.421318845224636,18.8316453357945,28.024398814334933,30.636100268476063,3.904069778285449,2.8879063745077995,4.85372656415956,10.431473741504886,12.589515968197148,0.0,0.0,"{""lad"": ""68007867b0fef2a3ec3e0d9b126e3db8c3ffce9726ca75e99352f0ff7ea6344c"", ""lcx"": ""d835f744d0fbfc080ed369fcb0459f780fbc20228e6a20e18ed2bcd8403cec19"", ""lmca"": ""5bedd4d729e17e12162d66ce7e042f0210b75ea9ff85d4dfb9f34c6c6cf7408f"", ""rca"": ""f524dfb9e48d6e83f1cdbfe5b06a7be780e0a2a0635cb4b2c39e09fc97bbabe2""}"
133.label,inferred_RCA_candidate_plus_LCX_not_ground_truth_RCA,557,-33.54024068671454,164.91352951077198,52.84587149902563,0.8045501765765762,-0.5581885397183314,0.20279193153998237,6.982297641506962,-4.055542647045638,1.2545114730654279,-35.94876533467339,162.27513575210102,55.1391470150593,57.97728682658865,36.10908172626179,1.6056150988858386,0.18659228264519365,0.7823697219083624,7.768721991432295,22.095258104819695,-74.93786431347151,196.19798413212436,70.32305775775811,-0.8542651812280101,-0.5196761119304028,0.012951402641214303,2.5880636930919354,142.96062690636404,-280.43480761356665,-0.621573035575409,67.12276203834676,-206.9820054106948,326.2970821802604,121.2189259166755,2.691799813541932,-67.10735144499357,0.928433493668342,2.9824780496230967,7.2716220536845695,66.75925040371433,1.8456225093587777,105.74638036060225,3.0851298363052826,176.76491887017923,-2.116584505293608,-121.27135913610898,0.9706321846390795,55.613127639382114,2.984859668268782,171.01986143062015,-2.650487423702198,-151.86174303063873,1.8456225093587777,3.085129836305283,71.01853850957701,71.01853850957701,2.984859668268782,3.632697883477388,37.118395538741076,37.118395538741076,8.783127272504467,5.012523029572679,10.105267771491341,18.486968512732393,22.095258104819695,2.7400160088194543,1.1809801377459015,2.9824780496230967,5.190151315967915,7.2716220536845695,0.0,0.0,"{""lad"": ""629c223f1dcf41b149d49498938c368864f3226fc870e222d758dff358e02dac"", ""lcx"": ""2a66830010b4396344c1b66542af4259415e819d03864415473263179c774378"", ""lmca"": ""a3ed35deb362dc1947f5af31882c13da21c3a5905e78ca3ab976949dcd6003fc"", ""rca"": ""b8c130f8cfb344a602e0f9f3217fd97b6c6a145c93caff380376fa9265845851""}"
134.label,inferred_RCA_candidate_plus_LCX_not_ground_truth_RCA,193,-45.30422704825129,168.28232776068654,401.3308412225753,-0.32718176834318347,0.9131240512239159,0.2432212111232297,2.52200878762473,2.0377749429000542,18.989901070487335,-43.378608338987746,173.81434975053645,383.1523485822281,46.97731589624435,28.145727706491726,1.6690744821427792,18.81898690105119,0.8006484412790116,2.8353117473982685,6.379600010762671,-64.47208973584254,184.05427205628453,395.9997359639373,-0.8591179063926798,-0.13812578666033343,0.4927856430284092,0.8418869177180514,-76.48377513302225,-264.5094606588855,-103.6147809106966,-52.90488664810809,261.34005576845465,282.5066860163619,95.98954293299832,2.9430985645337895,75.82875340862151,0.9405056852455608,1.2590939359057207,2.8831882479760296,74.0488518805257,-2.031682682927594,-116.40684304156697,-2.9747154797579625,-170.43864224236512,-0.22685212966037696,-12.99766960309412,-1.0991006066207762,-62.97382601963903,-0.3982699042527602,-22.819184620762556,0.2843187170158774,16.29026252158416,-2.031682682927594,-2.9747154797579625,-54.03179920079815,54.03179920079815,-0.3982699042527604,0.2843187170158774,39.10944714234673,39.10944714234673,2.8673903467259394,1.3444600114033187,3.1644774607021513,4.834271822106603,6.379600010762671,1.1535289397962978,0.5060666564140911,1.2590939359057207,2.091974970540294,2.8831882479760296,0.0,0.0,"{""lad"": ""1ea79b2218bac2c6f715fdcf0d4efdab3890296d012f6dd7b77910321ec40b44"", ""lcx"": ""3d502b6f2291064d60074a984f48199f69d2374d5423d070d67711b8df227f8f"", ""lmca"": ""589881b8500525f2d8b8031b007e797cc3939ec5560a350bc67698355afba6cc"", ""rca"": ""6c1ab734f8d5b22576fd509cec239583ad8aaa63c7da8bc31dbf360b5373541a""}"
135.label,inferred_RCA_candidate_plus_LCX_not_ground_truth_RCA,466,-6.0741013948497855,180.81142703862662,-271.30857148395586,0.11901896650221881,-0.8591275419424995,0.4977291957365797,11.592660627294128,-6.986980398019322,-1.6095983698404097,-13.011418202316651,179.2849970242956,-272.2844551443818,48.82477847730383,34.15446601378747,1.4295283802005352,-6.7378958071654775,0.7146018540326262,11.825298288229288,26.666765827269053,-38.61689453125,204.33642578125,-281.01873779296875,-0.9485735882080885,0.14160219788733933,0.28312005458375195,2.8768510812527577,-4.7276697617777055,-41.47492860456816,-40.113470095409355,165.2363058452368,-266.47702377086665,68.54048311280387,36.29759533501368,1.888292667329612,-74.34495817338819,0.8482606690590475,2.9916660278961564,9.253269200279126,84.62721155473946,1.9434703381901643,111.35264798715919,3.0836605200073306,176.6807332475368,1.2425611946602888,71.19351224076807,-1.6653696281972972,-95.41865102497623,1.277174451986423,73.17670580075584,-2.4210821643237175,-138.71778987014787,1.9434703381901643,3.0836605200073306,65.3280852603776,65.3280852603776,1.277174451986423,3.8621031428558688,148.1055043290963,148.1055043290963,15.379034922819976,7.579851964245963,17.134845226037438,25.975361511817955,26.666765827269053,2.594857752546679,1.4912169582485775,2.9916660278961564,5.0644053938842735,9.253269200279126,0.0,0.0,"{""lad"": ""bdd840fa155185c4e0dfa4bcb5f561bd8c97a62f4c7ee586596271f37ad14939"", ""lcx"": ""61a722893b6a969905c61ef0d823c5f7e3db730596b33b9f83e3c6aa12ac0534"", ""lmca"": ""19b1e0c6dae29aec82004e223e7cd0ecbb979bbcbf0c6e3e8e683046e4b102dd"", ""rca"": ""ac01fed97b3630eb69d6f1d4d7a7163d8a797d534beb66a37c967a043aa72921""}"
136.label,inferred_RCA_candidate_plus_LCX_not_ground_truth_RCA,599,-40.91298811821786,175.94813784693238,-186.4932417829765,-0.23886129106471957,0.6436602791990624,0.7270809642758367,14.0018964322019,15.508899396832264,1.0825507311990668,-25.853014013151494,179.2142043084267,-184.4370641616324,55.102601623175225,40.795089775733906,1.3507165182401888,-71.08095487816429,0.6722240236692169,17.155844164867894,33.59785571525475,-20.732286737108357,143.36886269990208,-214.88942863922517,0.29509340146728846,-0.7104715891191671,0.6388661874484761,6.779606908086395,-401.0935498226433,396.85826284131514,-403.96450344673576,320.7141977487308,159.34875314745398,580.7450395361083,163.752345423572,3.5464837955994892,-42.2044194120643,0.9594233908068052,7.230479826336405,14.402736364028373,86.37182496691372,1.2597667527870215,72.17931810559688,2.194828065839092,125.75438492944156,-1.295763835469701,-74.24179901809786,-2.581512055569113,-147.90974554625183,0.23697285898389345,13.577544678925909,-0.3982608815313305,-22.81866765690491,1.2597667527870215,2.194828065839092,53.575066823844686,53.575066823844686,0.23697285898389345,-0.3982608815313304,-36.39621233583082,36.39621233583082,5.831912460601088,3.151936753365883,6.623816578426555,10.83097889436425,11.429549341613956,6.475931118454153,3.2201286265325644,7.230479826336405,12.273428798135118,14.402736364028373,0.0,0.0,"{""lad"": ""6f4aa726e0fee0e5952d71d9d5c85b1a823d1f119a6b49aebe412d014cbbf1d3"", ""lcx"": ""906bf6ab4036d26faa35e111da505361ae649b50d8265547f6320c20c6b8fb0f"", ""lmca"": ""b7c189e6a5c01f3f9e75f09e2bb58c8f05be3c382a9f87cea7c97a9ceef2f470"", ""rca"": ""8fe3c08d4c049492721b948920c7bd5e0b4fd4d2120321a4070a0f9c83c8a37c""}"
137.label,inferred_RCA_candidate_plus_LCX_not_ground_truth_RCA,530,-28.579783313679247,180.67651090801886,-282.1792330759876,0.7215212990662669,-0.6586201085218372,0.21360376317942073,7.587146649083489,-5.333787765753169,-0.767548464510371,-32.272856576274165,176.7789915173399,-281.7220951844729,54.727949553556705,28.73617321126218,1.9044967870707266,8.586357562909818,0.8510571410082852,8.556595145996232,22.75301979662578,-73.296875,203.5106703814338,-273.78895838120405,-0.8072000529687304,-0.26976812093130037,0.525026890184183,3.0699684419255497,186.77883108905678,-362.39370287353233,36.95455308660564,-187.72671495708283,-305.3081357773468,429.5438173481462,87.32266048680593,4.919041803737168,-60.99015030380633,0.979118233589494,3.484891123932393,9.087422068896307,72.98694449412844,1.8110821726962472,103.76736484687827,-3.0353692298237798,-173.9138461327778,-1.820611180796026,-104.31333679394156,0.7368003950846369,42.2155529819213,2.59413038183832,148.63272238599643,-2.8054987272461736,-160.74323650052983,1.8110821726962474,3.2478160773558065,82.31878902034394,82.31878902034394,2.59413038183832,3.4776865799334122,50.6240411134737,50.6240411134737,8.689921747275596,4.090629719539155,9.599456265068344,18.48987623401939,22.208236349152195,3.0125439731822734,1.7550982435293778,3.484891123932393,6.0506088996628025,9.087422068896307,0.0,0.0,"{""lad"": ""c8d87ffe3fdee007e3c1a9a5aa757dabf85adca0917199c6727817cca6698071"", ""lcx"": ""87ceb3683269b1eddf233ff8451b72d9afbe54b4d4fcabc75552b67a490c3fc3"", ""lmca"": ""f00d929bc986c781c4b72fbd50ef002dbf644685ec4f05687145a3111ed5f2ec"", ""rca"": ""0d49feeda6c7b4037ba99c00a1b18dec9460753d6a9c9b767f27393813d70e5e""}"
138.label,inferred_RCA_candidate_plus_LCX_not_ground_truth_RCA,476,-24.688878676470587,187.6370962447479,-245.87456762490152,0.36839795761084543,-0.6436947355184206,0.6707756944717276,9.73048483699943,-36.52030024964431,-1.925040681663914,-58.64064013394279,176.93269422157533,-237.50009550951208,82.3782199927368,39.74805956500541,2.0725092216894887,13.513755208343659,0.8758921687909975,10.208837049308483,20.399527608649578,-76.22061723839576,215.73344933326547,-249.05161645746387,-0.9145884089044543,-0.3669514418754251,0.16992551781049675,3.8845949927961962,23.881414034090465,1.8593943777715056,-66.5633075862599,196.69502666110506,-238.18634535368219,49.95891023859817,30.85125664749646,1.6193476593003635,19.775555985034867,0.7865452722664238,4.040364573153162,10.332602048696494,89.24057281876829,1.605134053837531,91.96740683761519,1.9573428473268841,112.1474842119499,0.8719428074708392,49.95864284486719,-1.6717104693589855,-95.7819544621038,1.0026233561073148,57.44608674619133,-1.8887499237861671,-108.21739918860327,1.6051340538375312,1.9573428473268841,20.18007737433471,20.18007737433471,1.0026233561073148,4.394435383393419,194.33651406520536,194.33651406520536,10.09430691280849,5.333173052255181,11.402707418352387,19.192282656038774,19.437990210809392,3.629007860988132,1.7790890334951093,4.040364573153162,6.558614459350841,10.332602048696494,0.0,0.0,"{""lad"": ""f8f7d5f105ab56347a0cbdf7b843daca0a36c98b2bd33e8670ce88505daf7294"", ""lcx"": ""311bd3716b59fb68629beff52846a430d54a9afb7719defcd6ea095382ce1e64"", ""lmca"": ""da7dcf9d40ab8e579998f3e95125d898c76400fb2d6aab7e3550044d70e860ed"", ""rca"": ""894e22535a18ff3468a52d884f8a87356ee12f50071aa1edbd1e7f25b0c0c58c""}"
139.label,inferred_RCA_candidate_plus_LCX_not_ground_truth_RCA,622,-12.168835409967846,182.26961917202573,-237.60063087978548,0.625186153855343,-0.4801149146144884,0.6153307580417916,14.594490960867017,-17.36747812180778,-3.8991403271675815,-25.723729550715476,172.51620304925072,-231.43878778120416,59.69316190308651,31.97649012528706,1.8667828041540138,18.255375463971294,0.8444204591060204,15.067205084038855,43.466506331055676,-56.462861473880594,204.33940648320896,-223.63394301684934,-0.8801855465119338,-0.054189707293868794,0.471526117341228,2.0761671630348464,6.6539256112160245,-46.401169386431235,-53.30471039558596,157.5729842175101,-223.1132927494991,68.61491471205031,42.79214848018371,1.6034463598812914,-60.06591420833423,0.7816983890499253,2.30903372097196,5.912396028059492,76.4603620052738,1.824831530579994,104.55514502463188,2.5339688396976334,145.18571993233664,0.8619025436016927,49.38337809996741,-2.0131432232901476,-115.34461024988815,1.4922540426629336,85.49985860592119,-2.424760194481521,-138.92852547511185,1.824831530579994,2.5339688396976334,40.63057490770477,40.63057490770477,1.4922540426629336,3.858425112698065,135.57161591896696,135.57161591896696,13.591844088908882,7.257591489437833,15.395569530994388,24.815207556978365,25.824744388991533,2.059752322406389,1.0455314248989225,2.30903372097196,3.6025060023700504,5.912396028059492,0.0,0.0,"{""lad"": ""9de9f8ab0ee4597d22fab3837200d04594a5114181b906f5f03971145ece8bfb"", ""lcx"": ""6249169ba035cf0860a822eb45984524631df6beefd93c5a0e9a3bd35989254a"", ""lmca"": ""c5746f069a26e4c4429cd44fec06bad8e73ea18a55b07297ab1404a8fc31ed47"", ""rca"": ""618c39011081a36417be60c40c1543ead886e585487aafbca0c39e73618104f7""}"
140.label,inferred_RCA_candidate_plus_LCX_not_ground_truth_RCA,512,-37.08591842651367,202.91701889038086,150.4089813232422,-0.05600003733501241,0.792461502896187,0.6073456694881374,8.477841295051556,37.541597361769334,-23.236105000649733,0.39676740913651537,190.45112551504647,170.1304892010686,96.04982683232473,38.687741220720284,2.4826940990000885,-39.07547025971398,0.9152931931179059,9.821010833512016,28.033069283252992,-14.683295426729766,177.19089884546344,111.28028415450851,-0.20101536441842205,-0.23084750904803297,0.9519990813199598,4.283589512138846,-128.6703781857984,410.4593898818256,-140.72726524930238,582.1853792638905,182.8719419549227,448.1743765771411,112.95769258923195,3.967630413688751,-72.83112654785252,0.967716920280703,5.008431516985311,18.810087423018192,66.01411202236889,1.5870175183248163,90.92940581333777,2.1487855742239166,123.11634448162552,-1.5391492989064541,-88.18675886785944,-2.8956688133046726,-165.90960187001326,0.4078997564953289,23.37093451159633,-0.43416108963149297,-24.875598064685594,1.5870175183248163,2.1487855742239166,32.18693866828775,32.18693866828775,0.4078997564953289,-0.434161089631493,-48.24653257628193,48.24653257628193,3.804346336269556,2.075501649152873,4.330700115299673,7.811328972197536,11.222553877603282,3.742737824362658,3.3324608606451913,5.008431516985311,9.607486250487717,18.810087423018192,0.0,0.0,"{""lad"": ""c9ea8e3a793d4021d25762fedf495111c3cb039ed8a65b53b70968ee31e5b532"", ""lcx"": ""2e4f80cc4cb15a92e3a401e84093946f50f67f824e2b3e674adf1147bbddbb71"", ""lmca"": ""ba76d85d51b3555c716843d6f9c526574fa30c8100edf93be5253d083cb5c0f3"", ""rca"": ""e4c6640b481a018cf18f731f5c42f87f362c33e1857179eff03a45de4a91f69b""}"
141.label,inferred_RCA_candidate_plus_LCX_not_ground_truth_RCA,477,-9.477887103642558,158.63638913456498,160.37871812224637,0.6203149983156864,-0.7326674572613998,0.2800137495458484,7.321378615391836,-10.535240725153683,3.587968395774757,-17.74123258447861,153.81276339892486,166.0633087471579,49.24631683521497,39.61425748050298,1.2431462803373916,5.287421610495164,0.5940737708173863,7.432668709165884,22.3903440654337,-58.936200030438314,181.9643047382305,162.9077891560344,0.8000224581356132,0.565091466950352,0.20158298653048703,2.895632780700781,19.937472409309205,-2.3256140394523843,-46.97431361941019,166.15975982902208,159.7390480124666,47.81692347991097,30.75137440147263,1.5549524016598457,-66.85860605789698,0.7657767474443684,3.0903192365978835,6.447497970673562,82.0280774460303,2.0612170038593742,118.09903498174286,2.962106338634594,169.71619167271126,1.1156011894228581,63.91923977370447,-1.7352132972193517,-99.42039848564856,-0.5017464772791026,-28.747955533649233,2.564165107406796,146.91583862911884,2.0612170038593742,2.962106338634594,51.6171566909684,51.6171566909684,-0.5017464772791027,-3.7190201997727903,-184.33620583723192,184.33620583723192,5.051173464386841,2.4966127185865,5.629796245325192,10.358902068206605,10.993935608319303,2.734755725595578,1.4415029078846069,3.0903192365978835,5.261622804702602,6.447497970673562,0.0,0.0,"{""lad"": ""f970f9118a97a1efc73476572b9fcb0315c324c6752fdaa429f4d785e802326e"", ""lcx"": ""86d25518408c7faae641964037ca922cc36b5a4dfee149022b6cff91e5b76094"", ""lmca"": ""9df4b0b0038a8d150851634e664e3438629edc060f644e70bf1680f5bc4576d2"", ""rca"": ""1efd16c7c4ef01544cff941142d02a44b0c0eafc8bf45eafa587d7210ed2cde9""}"
142.label,inferred_RCA_candidate_plus_LCX_not_ground_truth_RCA,581,-32.1729423273451,184.44614787274097,106.36307784325079,-0.58114299224415,0.802912169853609,0.1326833450983398,11.362116697935992,1.4140417544034087,-8.099691790275505,-31.022193077665616,183.93632729812725,114.48837047347129,54.461243456888305,36.72807859856528,1.4828231025136103,0.5469858005267114,0.7383759903249727,12.211589586061875,36.24848851630116,-69.28711744576447,212.24935164858815,130.3535782154598,0.8326438747688831,0.5506032922264533,0.059499515958125734,4.247955115058263,28.479190906729603,13.082314550463904,-53.51509113994125,190.07910478816706,114.79933091590719,63.96967969967486,42.06131777890533,1.5208672261751404,-24.155555296820946,0.753437445606566,4.373657061027362,10.027687252697215,88.05704437205658,-1.7538794909706699,-100.48989260717256,2.6913566799084463,154.2033789230956,1.7966607813533342,102.94107998822284,-1.0046109856247383,-57.55996952877532,-0.9081449526319489,-52.032872971918735,2.4220240991783015,138.7717587618918,-1.7538794909706699,-3.59182862727114,-105.30672846973182,105.30672846973182,-0.9081449526319489,-3.8611612080012856,-169.19536826618952,169.19536826618952,13.446469324919686,8.297995439031633,15.791610165772077,30.327512280942983,36.24848851630116,3.6688468864413184,2.384134493169666,4.373657061027362,7.86202133997789,10.027687252697215,0.0,0.0,"{""lad"": ""08d27e78d80e95a25ba7b7889b9aa0a1fb81868ac19a9101a531994b66fcd907"", ""lcx"": ""9cf203079d2b7e4b9d1405a12f52d3a11ab310684999c21b22484365ae234b85"", ""lmca"": ""53748854ed37619d97540268a38d72c5e561a785e8248579c9d16ac6d1c999ef"", ""rca"": ""12b0c0b7c90adbd989ae17fea17a0712a0ef221db43ffbdc1049e61495625d3d""}"
143.label,inferred_RCA_candidate_plus_LCX_not_ground_truth_RCA,494,-31.075879301619434,163.3315726214575,-131.11984110843798,-0.538794282995645,0.4412779152416426,0.717617253228487,8.130112404307232,-7.138405906679042,20.703816042817007,-37.08953919217235,178.95315215403406,-145.24099492997317,60.509112509322854,44.632452211805386,1.3557200985098026,56.632423570689475,0.6752211092958343,9.067345036778638,24.461109910557013,-54.256138392857146,195.5,-138.88654151329627,-0.8568449636300401,-0.4832873948496182,0.17958285631235643,2.4717084562490177,12.061972571475419,-7.387374325751015,-48.037297088408046,183.23883996206982,-142.21136468124558,44.00444854282112,29.531037334024052,1.4901084592826543,28.80048314604203,0.7413739993954706,3.2463988273334783,8.191499924695103,67.83526382676419,-1.8487363458473483,-105.92479004949116,2.175529537578222,124.64866070927975,-0.6338080761675299,-36.31452778570568,-0.5363051572372389,-30.72802204079379,-0.06033841049139977,-3.4571362636850944,-2.3154546019360187,-132.66577634507792,-1.8487363458473483,-4.107655769601365,-129.42654924122914,129.42654924122914,-0.06033841049139967,3.9677307052435675,230.79135991860713,230.79135991860713,5.597547058261649,2.121408007569301,5.984793416365873,8.935515619618773,10.483564822737735,2.9544600278772544,1.3473152055246083,3.2463988273334783,5.521715777388536,8.191499924695103,0.0,0.0,"{""lad"": ""cac4f84a3c4523265a5331074d9d7c9aaae3022a92438be5ff9a40062c9c14a8"", ""lcx"": ""d005e3336b24b57877e2334e22e1dbfc917dd52faf039094195fb74c07fda3a4"", ""lmca"": ""1eed46c8f0535e869e01740490c6d0ce7fcb9835114278b7c94a8c3faddca220"", ""rca"": ""6bf5dee2ceea877fe172f0a854230172e53ad5181de45cbfa57da87a9e7b76a2""}"
144.label,inferred_RCA_candidate_plus_LCX_not_ground_truth_RCA,329,-26.396525930851062,160.72163516337386,-208.0971155137639,-0.7306843520511166,0.4990301792654212,0.46590691972749415,5.809834203475007,-6.480121123221106,3.2898211729192783,-30.820604701573675,159.50572730094075,-213.73307046584782,50.990563391316975,34.99951801143656,1.4568933027779163,35.566377213144285,0.7272316931587787,6.0928286067843755,12.808628028539488,-58.73444185513448,167.11710154339852,-196.24804706153776,-0.7974505071701978,-0.596277469234029,0.0923356285398859,3.9027619172362455,7.353980653389233,-7.3128285661555275,-54.29716492855287,160.20266076211266,-202.57731046633623,42.01317042888099,31.324360518825078,1.3412299479707568,22.33687164199807,0.6664113163688418,4.209795076850633,12.65868095476781,70.84383973991876,-2.194140711708995,-125.71500243875609,2.5267712477772446,144.7733282926409,-1.0804466674644035,-61.905034034685045,0.6288201540949552,36.028740902407,0.22603508564307795,12.950856429226473,-1.8615783314996708,-106.6605816279368,-2.194140711708995,-3.7564140594023416,-89.511669268603,89.511669268603,0.22603508564307784,4.421606975679915,240.3885619428367,240.3885619428367,5.865216821050364,2.9836882426043156,6.575941952742976,10.67277057266926,12.808628028539488,3.454819823854276,2.4084803099915577,4.209795076850633,9.086808537160628,12.65868095476781,0.0,0.0,"{""lad"": ""813bbfd7da8ac0e9a8317dde4b28e2ea5d3ec4b4c55ffee0925069118d8ceaed"", ""lcx"": ""7767643d35056fc9584ac4c8dd148f86597713c1d209344c9b4aef2812bed5f4"", ""lmca"": ""3ca841a433b6b95d255b642e21a048ac242dc795995a9c3e23b0a0af8ef8691c"", ""rca"": ""beba18b1ca204129091fc99b26d17d4b24ca7c23908c4618931e4faa848a575d""}"
145.label,inferred_RCA_candidate_plus_LCX_not_ground_truth_RCA,508,-28.01150344488189,194.54850901205708,37.52381870690293,-0.5458985579307378,0.8371629893068907,0.03395428962431462,16.311020533935363,-15.932049754473162,-14.690474718332037,-41.36019169665753,185.26303286774248,51.8497641053481,57.42828263291784,38.961587523083224,1.4739718344098227,-9.347598773561682,0.7346567242204348,16.421882799946953,36.44888839147914,-47.40031774720149,149.90896105410448,72.87537294359349,-0.39745067349890656,-0.42249767100884095,0.8145726978774644,1.0915313588363884,-4.922756511443593,1.965887007823857,-51.91755500640069,152.55492295032167,72.04368995930191,27.8535155182022,7.918715739678351,3.517428385342391,54.17686105614719,0.9587357824080892,1.4081142086932887,3.081208857759214,83.73809457022145,-1.5989962644653495,-91.61573741104894,-2.1476790214863177,-123.05294367995245,1.1982420649746985,68.65421315809078,1.9944107090503607,114.27131624427965,0.439306494817562,25.170408065732076,3.0384751439398654,174.0918019031596,-1.5989962644653495,-2.1476790214863177,-31.43720626890352,31.43720626890352,0.4393064948175624,-3.24471016323972,-211.07860616257244,211.07860616257244,7.539027347802602,4.350248624164489,8.693552889919856,15.699744719629779,17.873961826184598,1.277574573497872,0.5943272163929552,1.4081142086932887,2.3692189229852207,3.081208857759214,0.0,0.0,"{""lad"": ""30c4b72dbb403af56b8bece9a391197c8f91899e91976ff1bb44f0a55fd92780"", ""lcx"": ""3b4d201d8d14769bd214815522796ad6cd9116d6ab0494bd0ac7366c9c890612"", ""lmca"": ""c89b18bedbb9d9b4e9156fa00e9f7c1d9b1c8c2bee4bf3e24da2adec7e89f5db"", ""rca"": ""c01616705b2038ea309e9fde1d7e523f30a2a25ea2cbaa4552dee2b50fc0d3f3""}"
146.label,inferred_RCA_candidate_plus_LCX_not_ground_truth_RCA,317,-31.69874741226341,173.05494935429812,153.03517044981947,0.7359479160322717,-0.593298918009277,0.32615496129413335,2.6912540333109742,-8.835809781699563,-2.8743352838820098,-37.680927774988504,165.97186098007643,153.64894159066796,49.487251902342855,29.896715834000947,1.655273849379201,2.210412412073673,0.7968860484563491,2.8770715799513136,10.450754122528547,-71.5570068359375,195.00714518229168,165.73333028157552,-0.8668844552385307,-0.49841048433760393,0.009916167009026701,3.18813510120861,314.1461461122911,-310.4784053967322,85.04771155469305,-83.44330969076482,-139.2665839703498,451.1953823616422,139.62371016574653,3.231509761673219,-44.85807727303114,0.9509147782730623,3.28701415459678,6.725592298500122,70.18153042728692,1.9253327378487382,110.31344003710043,-3.076905300169902,-176.2936876611691,1.174325184525829,67.28387684925161,-1.4157125460368065,-81.11435389162928,2.833039152223433,162.32118661772347,-2.7907513197150178,-159.89827229023518,1.9253327378487382,3.2062800070096844,73.39287230173049,73.39287230173049,2.833039152223433,3.4924339874645685,37.780541092041354,37.780541092041354,3.7565508474016744,2.2803041792034926,4.3890990677515145,8.408115450828312,10.450754122528547,2.9674796234895546,1.4166470178732165,3.28701415459678,5.365609992204827,6.725592298500122,0.0,0.0,"{""lad"": ""60d5ac9fc886937b563b3ac81d32de84c92f137febda509935aba77bb25da808"", ""lcx"": ""68cd1c29bfaca711ba577f6b4573481bd016de9d41629c918329269c112bb55e"", ""lmca"": ""38700ef30a246a4175b6f7fc738282b8e1ea6dfee5ff5141dc78bcc0a5dfe116"", ""rca"": ""6a5d4669fee51686e33e1180243be23f2e73321b91fe59e4429dd037112ed729""}"
147.label,inferred_RCA_candidate_plus_LCX_not_ground_truth_RCA,646,-45.23305679179567,164.8537272639319,-246.17460079606474,0.9463263885542982,0.31641227559800306,0.06595178675875957,14.260597292105379,-1.249034586960767,6.013206931963558,-45.63676047244335,167.23785258603775,-251.8201047410429,53.6908743635264,40.9434366283931,1.311342642065696,-81.77435956169198,0.6468972208196928,14.595756959030421,39.15593267706135,-14.48328125,149.44859375,-283.1999877929687,-0.013842732686811734,0.7415355701033767,0.6707707335768472,1.0129577268034078,150.01816282827727,40.67615119299838,135.52050755584244,178.27564583542045,-311.97259396974476,164.59203061197707,19.116279486357005,8.61004520934337,13.436787086213815,0.9932324544671083,2.5911110339982386,6.453487045268229,74.58730397912358,1.8763840185361322,107.50888500791761,1.793819207425889,102.77826979500581,0.7306765081893569,41.86468010860629,-3.0660012770054905,-175.66893315413543,-2.5661614264970103,-147.0302192875495,-3.0387093755439936,-174.10522238550473,1.876384018536132,1.793819207425889,-4.730615212911776,4.730615212911776,-2.5661614264970103,-3.0387093755439936,-27.075003097955214,27.075003097955214,17.356460970010303,9.696818591244588,19.868235436754976,35.69539538372167,39.15593267706135,2.0753159795748264,1.5592409366140085,2.5911110339982386,5.047352575457477,6.453487045268229,0.0,0.0,"{""lad"": ""4ce1bd069d832ba453d0d54f5aa9b79ffb90c0b67208dcad1051493cce5a7efb"", ""lcx"": ""45fbcc479779c71da8b7d843bca561af0a16527b586119abfe85d14a4ba672d9"", ""lmca"": ""0a01c5706c5fc31e7113f4f0e9cf6b721e63f7521b8936e34d4346239fe0d342"", ""rca"": ""8bd4e3f2a94af674b773ce0cf63bc3a020b79670642c0f5fe57e3e7377618664""}"
148.label,inferred_RCA_candidate_plus_LCX_not_ground_truth_RCA,634,-26.65281508773659,167.83323269913248,107.31672000584166,-0.5312228250469663,0.839095871963859,0.11713422984905503,12.537662296648305,3.8770337249089457,-4.654205771125315,-23.36806748273204,169.22955468856512,112.21097581620765,60.42469586769199,32.85041003480858,1.8393893958603698,3.943913660153931,0.8393064077791313,13.152870832837683,38.30832864059369,-62.94204949476048,202.96377362462576,124.04580914617299,-0.9361940799834012,-0.3201447863243947,0.14507915216646608,4.512454820265634,22.6983996256831,-22.98893672676181,-54.96393674909487,174.11938468161054,111.87783885874305,62.21991432729041,37.9068209568626,1.6413909886586306,-7.212576821961348,0.7929863799850592,4.632222870264086,12.084945971286427,75.77743126810725,-1.7560991829976198,-100.61707159213563,2.478914807396046,142.03135623627878,-1.1421995879980682,-65.44321575387079,1.8653764869414724,106.8781999046867,1.0210103045127135,58.499581287945475,-2.3714611885247674,-135.8747173815472,-1.7560991829976198,-3.80427049978354,-117.35157217158557,117.35157217158557,1.0210103045127132,3.911724118654819,165.62570133050733,165.62570133050733,13.718189337286784,9.391087474690858,16.61470555483145,34.36020947781907,38.30832864059369,3.9220337797949574,2.4684779547036007,4.632222870264086,7.611126357059146,12.084945971286427,0.0,0.0,"{""lad"": ""965fc12756668b490348c5378426bbca028acfe4c0fe097dde717896fe7bf14f"", ""lcx"": ""48e35dbd782f1ccf2547bd485978104e4d85fc7d196759d4de61976b505e807e"", ""lmca"": ""bfd3e473d75d863f362687e470b120fddff7b40484514fb29df55f160bca0822"", ""rca"": ""115399683041de6301fc7d817899f26b221dca5a6eaffc370105f008d159f5cf""}"
150.label,inferred_RCA_candidate_plus_LCX_not_ground_truth_RCA,362,-27.41759107389503,175.48636049723757,36.382320251254086,-0.13535429960617867,0.07907524549297001,0.987636734395976,13.723642497238933,-5.568275024772802,10.44139341033604,-32.934622720230806,185.83429530558377,34.79770985230282,56.793471664817886,51.347684004841696,1.1060571234227954,2.9721144570211986,0.4272946330323633,14.420575839605304,28.81648740439574,-40.36270942252852,165.9985221601711,15.866349619151068,0.22957064203517002,0.6373361862943485,0.7355949333399023,2.232213121538922,-393.6351158355526,117.32053712989479,-423.48461920142677,313.8417119128896,7.339548200837186,430.3100977440207,102.28847297518114,4.206828836406908,-19.343455028398093,0.9713364776968308,4.597452341049313,8.152060951701417,41.77001490851643,-1.8930216722191633,-108.46215234495557,2.9631873747137565,169.77813047754864,0.13918389350156884,7.97464967383822,-0.1493777638961067,-8.5587154243486,-0.2710248653370094,-15.52858092691212,0.5290128513990963,30.310203693349603,-1.8930216722191633,-3.319997932465829,-81.75971717749573,81.75971717749573,-0.27102486533700937,0.5290128513990963,45.83878462026172,45.83878462026172,3.849021057641067,3.014818183997045,4.884181149536126,11.262160191324602,14.485604117212496,4.156744987150071,1.967934064000027,4.597452341049313,7.5239229558479215,8.152060951701417,0.0,0.0,"{""lad"": ""cc9e8fef71f3477d10bfa2960d0990c8191b51f99b12c3e4141e4d323febf8d6"", ""lcx"": ""2f47356c987a379d56343a9600185a4aa7c1cbb7d56057228b3c7c6c0526b653"", ""lmca"": ""c8dac925f0624d20b505f56c68678e303cfca6762b58c4143241c0eeea1f8733"", ""rca"": ""b1e074db4a7bc2fbb9191e12ce71407acb90da12abe47e19b562c919a6ffc37d""}"
151.label,inferred_RCA_candidate_plus_LCX_not_ground_truth_RCA,573,-19.95281311354712,201.34063965695898,151.52591317860868,-0.5936040303923917,0.8034845469008727,0.045241993693998235,13.276496848191801,1.7261182195135174,-5.392665394159154,-18.563706936647055,202.06048407603922,156.96765299255748,60.46502163728342,34.03438404185314,1.7765863358340115,12.404168442797022,0.826540513913546,14.53249640426543,37.363924547217906,-54.92863434436274,239.77336090686273,171.72123877830754,-0.8423036089089726,-0.4938659790764163,0.21591902447402236,4.482552401294848,14.782948130545638,-14.777153608182559,-46.960575517094256,222.4447962718291,163.16958920615622,50.91303084791427,37.33134240790436,1.3638146277090264,20.337558784424736,0.679972645620847,4.518517050595957,9.138010804640802,83.51461662209621,-1.6504360214626126,-94.56301838617065,2.553686195212567,146.31544118650135,-0.9798524227572556,-56.141408369659246,1.6754195871014317,95.99447125446305,0.19836941314299456,11.36573015758055,-2.461619987119017,-141.04043602696774,-1.6504360214626126,-3.7294991119670193,-119.121540427328,119.121540427328,0.19836941314299456,3.8215653200605693,207.59383381545172,207.59383381545172,14.113118022770022,9.571785177825546,17.043134014738992,34.58948008226252,37.363924547217906,3.971060604800668,2.1593777541152015,4.518517050595957,7.5557333418431245,9.138010804640802,0.0,0.0,"{""lad"": ""410f7da1f74287f1034ed7a13882bee24244e7b19319831068683eb30e2d0722"", ""lcx"": ""812ab62644283358922b5b1213db8953cff7361e0e46cfffa8f3baed6337b73a"", ""lmca"": ""fe333678412e1758a958870e2c3073395577d6f7be33028a448860d639592306"", ""rca"": ""6a323ef91549d1050b28b954a3f3e0b013a4376074829805d8b6e1654f91bbfb""}"
152.label,inferred_RCA_candidate_plus_LCX_not_ground_truth_RCA,517,-51.77812008885397,189.14125778227756,342.0467240058707,-0.2910980467999823,0.8337098938744296,0.4692437959154312,10.212371928234983,10.274761801301851,-1.5900884474178052,-41.94832508297436,190.9678165336268,344.8994287950764,54.8799240952517,30.336587976558167,1.8090341648724233,-63.53549609432855,0.8333264616450209,13.557947342615055,26.62950476479168,-11.465123197115384,152.28618088942306,315.86539682241585,0.34445068244527366,-0.4629892375839844,0.8166974306586168,6.319607135657572,-15.285890495005537,11.807089340507936,-25.815584662629995,159.96091280653096,326.2686921007083,52.140709302111084,26.051512705315684,2.001446514523206,23.80855768871463,0.8662339387734681,6.616452612577165,14.669617333147157,84.08589395014754,1.30210340770105,74.6050297508725,1.2776132781835694,73.2018486897921,-0.5817109822789065,-33.329584180990764,-2.522343413412957,-144.51963207118425,0.6271012560541818,35.93025529925738,-2.5396185663862463,-145.5094254269966,1.30210340770105,1.2776132781835694,-1.4031810610804,1.4031810610804,0.6271012560541818,-2.5396185663862463,-181.43968072625398,181.43968072625398,9.462770651573281,4.6859073656344465,10.551847272297652,20.106083582178904,22.87045790459789,5.5700274265391165,3.576534412865143,6.616452612577165,13.370941940583062,14.669617333147157,0.0,0.0,"{""lad"": ""4ea8a693ccacc76961587e9c3a3c37b424bc2e8017e626d10668754e372ab8b4"", ""lcx"": ""33dc4580b8ef02a8e5cee9ac163721169c20784c82c67b00b76bd664259cee8b"", ""lmca"": ""db1ce5a192013a134e20f24dcd2c49126d542d11c1006e0306353b5df1121a82"", ""rca"": ""3f4eca3ab390e1b26045a30dffc857249d949511350c87e4ca9cc4fb14e365c3""}"
153.label,inferred_RCA_candidate_plus_LCX_not_ground_truth_RCA,661,0.6831313232791225,173.47652261015506,-242.81625103048765,0.7677181434081245,-0.5900871576872813,0.24981192648576256,7.922750929626935,-5.413324154015581,-1.845815424120847,-2.7856601085522805,168.92984632106334,-242.89583558322843,49.63734740017487,37.33560384338574,1.329490949400259,7.258991184818915,0.6589718661139333,9.53804904129244,27.97369743495032,-45.18788649452417,201.89565532949396,-244.95633220384488,-0.9157537595388573,-0.24995774441509455,0.3145094241789383,1.8736703049073087,16.987037839187256,-22.12135713415839,-38.36351339946456,174.89883376871194,-246.5417196901337,61.56107633461811,33.78281138186762,1.8222603097994392,-15.687397860475002,0.8359740219255877,2.2281772796056147,4.392640208967137,61.5119331664373,2.043333669961858,117.07439542579195,-2.353595335895789,-134.85107942850405,-1.77913548430474,-101.93695443262531,0.3058696319631966,17.52503899271095,0.812158090603678,46.533230888994275,-2.312889157303097,-132.51878719503702,2.043333669961858,3.9295899712837983,108.07452514570406,108.07452514570406,0.8121580906036782,3.9702961498764893,180.9479819159687,180.9479819159687,6.459863342560083,3.9316704525095583,7.55772218229885,15.134902681834935,19.802918942995117,1.9888519233899424,1.0061313658358624,2.2281772796056147,3.7644397923572717,4.392640208967137,0.0,0.0,"{""lad"": ""45c9e3ebb4a29d50f6b1b0a003cc950d0cbcb93eba5aa2215022160d5ae98004"", ""lcx"": ""08a2bbddd71ac0b5e1e63f6e9abedd700998db2284f7c372b22223e987d9e4d9"", ""lmca"": ""a509cbfb4134d356b7a7bdf3f0da0e4aeade6a4bc6789695152e0ec44da15c75"", ""rca"": ""da9c9dfdd64006036c6925563a2ee0389984b7c952bf304d0605d40829b2b22b""}"
154.label,inferred_RCA_candidate_plus_LCX_not_ground_truth_RCA,406,-16.2223483682266,171.1913485221675,138.133494485188,0.6605049477787203,-0.7423872439282135,0.11222474777205442,5.32882860092215,-14.684732559333213,4.689144363678447,-27.247964122640767,162.3018515763023,144.21971552028245,55.01853898337043,35.61560817319397,1.5447872942621839,-0.782320721002908,0.7622028006836894,5.627615787835198,14.218815524185414,-52.03257166353384,124.50496358082707,142.95751574523467,-0.7114402505704754,-0.6950858886379324,0.1034812895389064,1.138290467576529,-203.03586737956203,100.3755207464261,-194.71533512833358,282.1587732668279,220.96850156919118,233.1177263563582,65.78419330301523,3.543673862238776,-26.605037208733663,0.959357651814361,1.3373851861727117,3.0861245073665766,86.69068963772209,2.4951193643950194,142.95980896119914,-2.984893410172695,-171.02179469930712,1.0644348341898875,60.987623565788134,-1.4880395086706133,-85.25838359554682,0.41626511487912893,23.850234241102456,-0.3513069008713296,-20.12840273374797,2.4951193643950194,3.2982918970068913,46.018396339493734,46.018396339493734,0.4162651148791287,-0.3513069008713296,-43.97863697485041,43.97863697485041,7.1452844503894966,3.7211466319011217,8.047665735722228,12.155316496930459,14.218815524185414,1.0924255669103193,0.7744124544834554,1.3373851861727117,2.6901027989941584,3.0861245073665766,0.0,0.0,"{""lad"": ""022b2ca212b88aa9416fa1b9d99df4fc6a4c73a867c955278b2ec88939d3f307"", ""lcx"": ""5a051f187c4583d769286fad1b810ddd5ded7394ba1b63fd41db85c33f866c7c"", ""lmca"": ""781fefa347e89c52227b8f906f808a16d2b9a2a492f3d5c234f5665c5e740f80"", ""rca"": ""6227ddd239987cf9f859db3d2815619f29c7e0565d588f1b92e032b6ce364761""}"
155.label,inferred_RCA_candidate_plus_LCX_not_ground_truth_RCA,399,-26.32059886043233,178.90588042371553,-193.21416345276032,0.11704888519273166,-0.8877842990963689,0.4451276185018268,7.604718802772455,-17.179656642869375,-7.819166073890969,-43.382165195401285,173.6036976324193,-199.3026585297978,48.92198004001086,38.453746306084426,1.2722292296464772,-3.325385676214008,0.6181986878038345,8.11263539836248,15.919740815598303,-63.97854521780303,194.75318122632575,-173.68636668812144,-0.22711257565564322,0.7033953068185401,0.6735391008135398,1.6488580895875482,-0.6096346946118261,3.3359679679775303,-64.5722492504935,196.9603742366677,-176.19159148460406,18.983225846772974,3.4463434963842423,5.508222226452288,-76.62308246794595,0.9833823098101526,4.169893600263966,17.584557934002067,69.43708364571143,1.9878511305429416,113.8954800804198,2.6268973974310033,150.51013408669655,1.093158745152494,62.63338243505505,-1.1829460919085089,-67.77781845785233,-0.04751826999603323,-2.722596320535835,-2.851383850319547,-163.3722603950725,1.9878511305429416,2.6268973974310033,36.614654006276744,36.614654006276744,-0.047518269996033195,-2.851383850319547,-160.64966407453664,160.64966407453664,8.535031431954499,4.781468498999706,9.773525745294986,15.604549368986843,15.919740815598303,3.2534416802271875,2.6182173630112495,4.169893600263966,8.341058888717567,17.584557934002067,0.0,0.0,"{""lad"": ""7371ca1c2ad105f524d201e237d46d6053740de637fedcda0fe22a1a85173f4a"", ""lcx"": ""2a70ee864f861eb77f2acd7b11584ffca011408d8d9ae8a7e1886eb7ca0f35c2"", ""lmca"": ""1b7c274909d04e6bf7f6901c0978babd0cf016ed0fa93a8596f5c2a4d12016c9"", ""rca"": ""20a7a4c51160b54880992ae7a3fb69e24525ebe5ce7bec767a6fecae4dc900fb""}"
156.label,inferred_RCA_candidate_plus_LCX_not_ground_truth_RCA,591,-19.120566637584602,172.82716165662015,-109.81227039524343,0.34018747695946217,-0.8835827485914535,0.3217980840706293,12.758123051362338,-6.949777033354369,-5.155200434466659,-25.65584252807611,168.84152493941428,-113.84716337108381,48.27143461464277,35.566157650052574,1.3572293945722702,-6.697063492648079,0.6761160738557945,13.390321375703646,34.42290064421347,-57.05871722341954,129.1975686961207,-102.90824059965053,-0.7452080678486801,-0.19830237125531203,0.6366640441926631,4.537953221201127,-5.8942380395488,299.4078032727437,-60.989183849500286,416.36616400336084,-18.064124692625754,314.8924856609119,74.33173698069004,4.236312757533367,89.9093939333973,0.9717398571150336,4.70486658551005,9.58923766996055,82.72779731458554,1.9843995509440522,113.69771913674998,2.573214051663915,147.4343049441009,1.2863278971034986,73.7011595739689,-1.695271084275039,-97.13187825952663,-2.6279688737409717,-150.57152515710598,2.7379250766105265,156.87155151281576,1.9843995509440522,2.573214051663915,33.73658580735091,33.73658580735091,-2.6279688737409717,-3.5452602305690597,-52.556923330078256,52.556923330078256,19.08585179989397,7.953157772690949,20.669662433812306,31.657560912563,34.42290064421347,4.2536352733970695,2.0144240054038396,4.70486658551005,7.93876509487708,9.58923766996055,0.0,0.0,"{""lad"": ""92cfba8d594876cd6d8235ef6dedca0ef0269725ea1c0a0a123d6e0e2ff2e3fb"", ""lcx"": ""d3ada189f111f85061d3af67ac56571a73cd15540eb7b1511a5c78848a843023"", ""lmca"": ""ec118623bc59fb030a191c6d749b5c3d842f89a5369480c3b7f2ef8eec933260"", ""rca"": ""9c26ac1bfe6d975d22704fba44ee697254e11474745079e1880835ad29d0ceed""}"
157.label,inferred_RCA_candidate_plus_LCX_not_ground_truth_RCA,400,-35.250625,173.0891015625,-198.26123779296876,-0.4997749764305322,0.6017694123538117,0.6229755591427398,5.535872143332688,-1.3711610194764863,11.923410406995139,-36.438263359806584,181.18882421122794,-207.03801433193632,55.33568464768765,41.180175901927,1.3437457086019453,22.020521958647212,0.6679697529443055,6.09462160611048,12.973071685172584,-40.80826518691589,137.9235543224299,-205.0242868583893,0.949839386961482,-0.19778552965688512,0.2422519829330231,2.3697839981512803,16.55195222828403,8.960309624282974,-35.63183857218124,154.8072542673158,-211.53578091150348,39.34811106043783,23.455392139592846,1.6775720834791747,-14.78287534952117,0.8029105186410439,2.525263609713967,4.628841916214542,63.71668073070258,-1.9587609405329327,-112.22873496761267,2.412489515620316,138.2254673646044,0.4049896668842133,23.204198658874542,-0.9885832344779693,-56.64164703297949,2.5696567834422557,147.2304884884038,-1.0637664646821952,-60.94932881384213,-1.9587609405329327,-3.87069579155927,-109.54579766778292,109.54579766778292,2.5696567834422557,5.219418842497391,151.82018269775406,151.82018269775406,6.367844591892796,2.4268836948884176,6.8126217392184385,9.267532439093621,9.726826182721947,2.2415923094256454,1.1655765391392396,2.525263609713967,4.289865357694735,4.628841916214542,0.0,0.0,"{""lad"": ""3c6a88084587f9c8eda108266c43b67063e06bf19a6ca2dcd1565bdb7d48d62c"", ""lcx"": ""37fb906d24935cf48d13e4c0ee50983b4693444314871d4401bd9b07e45c5665"", ""lmca"": ""64e23b4590ebfb76cdc4a055af6ee844281d3ea9037f2a0274710d9c4e187c94"", ""rca"": ""578892a403b5d6ff4579c0b1cffcd092711dc180eea85afb88bed551b808a789""}"
158.label,inferred_RCA_candidate_plus_LCX_not_ground_truth_RCA,428,-48.57113390771028,154.03313011098132,123.25607552929459,0.9193245510825336,-0.05157696078353241,0.3901053535818652,14.720510134972983,19.40581449609702,8.464817129182496,-40.934942950042725,164.76328079115606,106.67924774692885,42.86753090216661,35.41061849035742,1.2105840770287521,34.00694091197058,0.5636004435878599,15.00447691879896,33.631701977006664,-41.82512019230769,165.44951923076923,71.98022054315923,-0.2651914102189508,-0.014063153207818925,0.9640932235359492,0.4803707814656283,4.042549925277528,6.335811148914628,-37.92731058503613,171.76902018579554,73.14456617825014,33.021487250309676,11.390417272247221,2.8990586087453187,-39.73084928249752,0.9386248985429182,0.7844125879731952,2.4728643339358682,82.35549484125055,-1.1099349290059715,-63.594586966194825,-1.2594980747424047,-72.1639239875925,1.1739573004314892,67.26279864329595,-3.002914383298659,-172.05432040214356,0.1896339375471928,10.865224273901582,3.046967210490076,174.5783614758309,-1.1099349290059712,-1.2594980747424047,-8.569337021397692,8.569337021397692,0.18963393754719285,-3.23621809668951,-196.2868627980707,196.2868627980707,9.271425060790184,5.4591824309931996,10.742968667576864,18.209244893626046,18.907440791823873,0.6833476378633537,0.386210651216908,0.7844125879731952,1.5121797946402415,2.4728643339358682,0.0,0.0,"{""lad"": ""70206750afb73cbbd699f129846e0e6baff96d3085c6dddd6497af97d0b3ff1e"", ""lcx"": ""7816eb13d6f3df2b326569ce08a3d781a3d398cd9a3a78ab6f55151b5dc25b5f"", ""lmca"": ""fa2d25ea368cf6d85c4729905b27f0f4a3b58a25eb4bb67c3e8d5d0fbae7a126"", ""rca"": ""c0cfad01f651b493b06893d999c4897747367e166d13345ca278ea3a169aced7""}"
159.label,inferred_RCA_candidate_plus_LCX_not_ground_truth_RCA,385,-46.05642755681818,199.59007203733765,174.10324370148894,-0.15765041711059422,0.7833658048168229,0.6012356957371603,7.711807241699644,426.92389220991953,-368.8552149131772,375.5287751035508,28.40469839303836,507.68931064132727,604.4822086622215,84.73354020584637,7.1339189557491665,-41.107108436455945,0.9901266863398306,9.054686104504565,23.995673505786417,-9.423032734728507,168.436607395362,146.29841323783495,0.7767228567869467,-0.6224558963229951,0.09617827653613387,2.6643104824263864,8.576512155798934,5.626109043554446,-4.021180680213341,175.87917392165986,150.84130456509482,37.069125011018194,7.908836574756965,4.687051585985934,20.053548562929628,0.9769750151885929,7.4225944481479615,20.21617261178361,56.47948450496183,2.634988735376551,150.97373360159048,2.7485013773265967,157.47752890670776,-2.6131918716358236,-149.72486530262506,3.1079141893434787,178.07036613820395,0.5605169420325398,32.11525512404354,-3.0911399107246917,-177.1092707689709,2.634988735376551,2.7485013773265967,6.503795305117273,6.503795305117273,0.5605169420325398,-3.0911399107246917,-209.22452589301446,209.22452589301446,5.615081663255057,2.879296557064991,6.304347937951392,10.022015240462991,11.153304457807579,5.4222339635935395,5.080460550010226,7.4225944481479615,16.115513869775892,20.21617261178361,0.0,0.0,"{""lad"": ""a711f1b61f64ac58115ea712a9fa7c8c97f6d005d74dba7043abc85e45d37590"", ""lcx"": ""e650a881ae877959c8ab35dcd8f090e29840c94353c0a61aa3322bb015357f9b"", ""lmca"": ""dee1038d75a4e2e088eafa7fece4788a410e9499a8a2562a7bb621c0a80c1b44"", ""rca"": ""4b1318af51056e6cadde497a17d43ae3a615de054b1fce1cf12ce3b739e6af50""}"
160.label,inferred_RCA_candidate_plus_LCX_not_ground_truth_RCA,445,-52.79467828300562,171.563555565309,146.93426661116354,0.7832385712065413,0.6172058316778448,0.07479506612869453,6.545827347863525,17.6459129603386,-2.6885930397246938,-41.82383882436525,157.51952847495247,147.94062708096178,55.77636118443617,39.16915678059504,1.4239867734928768,-59.73117934641905,0.7119267669784326,7.011148239777492,18.78334215118306,-13.54354467147436,139.04735076121796,120.93717643542168,0.006095577401982176,-0.9732854477827221,0.22951749621874784,0.24354880376123,-49.24961512247922,14.662649922080254,-62.792244824531956,142.12055755083384,135.27728890751536,55.692622523392544,9.776520880462998,5.696568667355523,-12.877256292572676,0.9844715377012624,0.318028734009494,0.8399766007306879,54.635473863440396,1.5677846892657632,89.82744588015746,1.709642658330397,97.95530879785836,-0.3583634387238529,-20.532712570671862,2.9049534608141094,166.44157298657063,0.12938291749630357,7.413095113627531,-0.6092019866613013,-34.90470270667764,1.5677846892657632,1.709642658330397,8.12786291770091,8.12786291770091,0.12938291749630365,-0.609201986661301,-42.31779782030516,42.31779782030516,5.8512357127546695,3.9955896661311865,7.064026804707705,12.598590808976608,13.594935255753583,0.28188632461961144,0.14917427553359874,0.318028734009494,0.4743355222386773,0.8399766007306879,0.0,0.0,"{""lad"": ""e8c5232380183734e5b3263b9186055c8b0bde8b0d9e6e8d6c78082054b7bae3"", ""lcx"": ""a183e2e0b7aeef67d2d82da43312d62a5a6228dfb7a7d0bbb238cdc3e2681d30"", ""lmca"": ""4debf1b3ca8fb0193d2087f199ee1d586ef9ae0c00819b816c95be2bbd542fa4"", ""rca"": ""c49e239934be07fea89d13655778427001433288b5965e01a0cecaf2c416d94d""}"
161.label,inferred_RCA_candidate_plus_LCX_not_ground_truth_RCA,476,-36.473181460084035,211.9070460215336,146.37541711630942,0.1103311569067496,0.761280454032325,0.6389672183484496,9.04123207773121,471.3960526758102,-468.3355029395592,432.04494253521966,-129.01933001442438,471.66352849281657,704.5866550509471,100.67916913547234,6.998336012317168,-45.39788879623389,0.9897384153006709,10.919953187923273,26.741066243931925,-15.085066829819278,176.37663544804218,109.41535839402532,0.045099566011402484,-0.3745762600338942,0.9260986203232373,5.481337408570131,-77.34663277644043,404.72338155395585,-92.3529991689136,550.2641982586912,264.40333917278326,425.83772511875986,132.596110436335,3.2115400950861415,-81.24297774136238,0.9502864355615133,5.783197916930539,15.699884621231883,71.84643234012823,2.6674104525723408,152.83136116147597,2.8285573801661528,162.06439999410168,-2.638772329830617,-151.19051759519758,-3.126018922976375,-179.10769096457747,0.46234641178171376,26.49049806810984,-0.29003364871372755,-16.617703988076507,2.6674104525723408,2.8285573801661528,9.233038832625693,9.233038832625693,0.4623464117817137,-0.29003364871372755,-43.10820205618634,43.10820205618634,3.6437463287975436,1.4859063737045106,3.9329315689522226,7.033797642306643,8.399902227525832,4.893492174307194,3.086715197652411,5.783197916930539,11.037013115959548,15.699884621231883,0.0,0.0,"{""lad"": ""5879de5d96c02bccc7a61359b1de959084bb04fa9d7603b980e5a5fd90518a1c"", ""lcx"": ""0f62eafe02c0d793136d2746e0f221f5f3252d5b2c175937d35be33a5975f224"", ""lmca"": ""30d98d35284cd567bad536b6a98a8cd533d93cc39bbaa62cdd6a57f07e953386"", ""rca"": ""6ca3e796c5c2c9e025aecd6a5dc15b96ff77cafb2565dc32442e5869cc6eb897""}"
162.label,inferred_RCA_candidate_plus_LCX_not_ground_truth_RCA,394,-11.528558256662437,163.7594334946066,152.2279157299681,0.7587828524045882,-0.606118684976621,0.23847163902436838,9.276691207930643,-13.080261487095346,-13.9320256912825,-20.048303842967904,149.42265759596592,142.89703300590978,50.68699565152006,38.262324941127176,1.324723359845756,9.939525656549979,0.6558691614461453,9.565367371680075,20.411941920505793,-43.28335108901515,149.9490175189394,164.15151209975733,0.8232077565168835,0.5619341703649439,0.08098751623986157,4.70986670572586,7.362919336159201,17.96404969309514,-39.10312543643285,146.512342826327,145.50654915859198,41.8654436874089,26.069822880277428,1.6058967442805803,-59.952465625796485,0.7824566635626635,5.004882244936232,13.820865812628362,72.34105519357466,2.4354250057162967,139.53957414816819,-3.0450603231413496,-174.46910487874197,-0.6305432855495962,-36.127469062304165,1.2109915587610607,69.38470534297761,0.006556711314869706,0.3756718858277067,-2.8320854792113384,-162.26654517909492,2.4354250057162967,3.2381249840382367,45.991320973089834,45.991320973089834,0.006556711314869968,-2.8320854792113384,-162.64221706492265,162.64221706492265,8.037642274421456,3.79055169788045,8.878987874416667,12.874157237709506,15.046744536973286,4.017741987336143,2.988924108780628,5.004882244936232,9.827773851746374,13.820865812628362,0.0,0.0,"{""lad"": ""667cd7c55bc93dfa8d4a1ab4d87ed9c3e710d221683b0de8c5cd3f635fd415c1"", ""lcx"": ""ea53d379f69d0ab0e5ec73c3e63d697c4affd64879eec763a59301148918ae5d"", ""lmca"": ""6a641ce3dc8587e45f65adacfd0017409868079eed7ba0d66f979cd75c23c784"", ""rca"": ""3bff1735789efc258d59cf3646fc36f5eeb2f03aa78ff94117923c3b27cf3d88""}"
163.label,inferred_RCA_candidate_plus_LCX_not_ground_truth_RCA,456,-31.645212273848685,224.57921720805922,73.15504390733284,-0.11029692689180197,0.8407909094501148,0.5300049381885734,10.184845115710258,28.316289243453546,-23.5175861640419,-3.501689746463093,214.68034211443359,94.71527366337662,92.48795395136615,38.03572166222712,2.4316077074255955,-54.71040246421238,0.9115223461406696,10.972943351610171,29.39644243987731,2.778727854330709,183.21099901574803,44.987401622486864,0.6188794135003444,-0.7360637095005735,0.27422342551599255,2.2305995622201533,-381.8934200603609,225.38715450022448,-297.19321082656154,40.421367217152465,338.70480109680443,465.4012496004235,122.87794341741765,3.7875084547879405,-26.79271755868839,0.9645156141468237,2.850309612611097,7.685131856560983,57.19398826024705,1.5633410801551513,89.5728458323135,2.1238950651931265,121.69022336422898,-1.4001436074591425,-80.22231941963071,-2.658041794891153,-152.2945766166411,0.17170931213162427,9.838218888236575,-0.5089131176828245,-29.15857378207043,1.5633410801551513,2.1238950651931265,32.11737753191548,32.11737753191548,0.17170931213162444,-0.5089131176828245,-38.996792670307016,38.996792670307016,3.827700701505496,2.827316724400268,4.752542919346715,10.976444487767207,13.743321307644136,2.4419524278791047,1.4729817569429124,2.850309612611097,4.997079700432766,7.685131856560983,0.0,0.0,"{""lad"": ""0d7818200914e8a175946dc8c4f15a76fb74c2ff32575901e98a0b53c6e7b0d9"", ""lcx"": ""9e8cde7a0c679e4fc42a72c78eae61ab9a956792410a011d1da585e1163b3ff7"", ""lmca"": ""da92ab8db93eb004322efd5f16f8ec36e0f796cd31fed0c51dd30d375ef4a2d5"", ""rca"": ""1a10d2ccb53c9c79c4c24ef8b070834c05bf93647d638f412ab794885726d6a9""}"
164.label,inferred_RCA_candidate_plus_LCX_not_ground_truth_RCA,536,-23.028181844682837,191.39650259444963,188.8221984407795,0.5041144220133137,0.06853133898589772,0.8609135293947836,15.635291677718204,-5.228317836639794,1.0508141197574583,-27.543549915537408,192.65314893390334,191.3661734558793,44.86697606364154,38.78942275138327,1.1566806846085775,2.3900557558407343,0.5025591346806322,15.913327180404037,31.65398621493137,-76.50167174258475,155.14441538665255,196.9177935584117,-0.6752516845237254,0.007121588920240841,0.7375530120059999,2.687766747931165,65.96356256764844,351.35374060918593,-27.84777958479738,506.9118424520095,238.06531669651048,370.7769950175493,96.51907701779125,3.841489231700842,80.24634724056807,0.9655235526358376,3.476064930474239,7.981797007478136,72.8392661377521,-2.250531488003948,-128.94595592392326,2.168589271842925,124.25101277394798,0.9808375868352975,56.197854113458945,-1.3218224981741118,-75.73485041081557,-2.7450801664291453,-157.28150796145962,2.6776387596640205,153.41739998939295,-2.2505314880039475,-4.114596035336661,-106.80303130212877,106.80303130212877,-2.7450801664291453,-3.6055465475155657,-49.301092049147414,49.301092049147414,13.3620176382534,7.41767388661701,15.274844010271796,26.03161621108511,31.65398621493137,3.0447726568168543,1.679866902735212,3.476064930474239,6.471897117337415,7.981797007478136,0.0,0.0,"{""lad"": ""b8266a4f193c52fdaebb1c39c1ec8c97f22c6f47da1a77a0fb20360de322061a"", ""lcx"": ""2716ed0259344454e34d07a000fbe37181c67f4616c90e743c44f639dd3db839"", ""lmca"": ""95ea2fd5141a6402521eb9a8cf008ba714664fe0df66a816346e21a5b7c88271"", ""rca"": ""9a4d76d801ed2255984179b35c4150b45d4528409deaa991d17f5e49e028768e""}"
166.label,inferred_RCA_candidate_plus_LCX_not_ground_truth_RCA,453,-35.53170917839404,167.5670422012969,-179.21115095462756,0.4971619976396597,-0.6088097005083054,0.618207648504878,11.725539815196544,-18.095911556012233,-6.627249896182437,-51.232766843103114,156.53246803730818,-177.45120281380636,61.3153525175528,35.59852461095986,1.7224127456865275,8.251621072445968,0.8142025420597037,11.878840482199816,34.08315600709467,-69.84072730654762,129.53362165178572,-151.0261935279483,-0.8146138695835616,0.502140412623361,0.29027443823481414,1.5136534097397358,289.4911063396217,200.50284088163195,98.06517337599564,434.04436347428924,-206.58972907092567,367.1120626136394,89.11079013917461,4.119726264802255,31.395757988713306,0.9700927412218364,1.7995702373743196,2.863586667994465,57.909836725327125,1.7665319297406823,101.21482394924196,1.6437192391112063,94.17817510552712,-1.745600394961695,-100.0155353476747,1.0604678587114391,60.76033261344115,-2.6448123925719917,-151.53658769827257,3.023454742140895,173.23119627348788,1.766531929740682,1.6437192391112063,-7.0366488437148345,7.0366488437148345,-2.6448123925719917,-3.2597305650386907,-35.23221602823951,35.23221602823951,17.380539077567366,9.684433002185012,19.88036709866164,32.135518176601394,34.08315600709467,1.6423701100083181,0.7380917582552203,1.7995702373743196,2.666917456225595,2.863586667994465,0.0,0.0,"{""lad"": ""0a8ff935f24c02c2dbb721bef2505dd06fa4f3cff7ab935daf865fb92f1e49e3"", ""lcx"": ""765c9dbadee2d50820e85f72c290f3efd99ffecc92892c2f40d58db385766089"", ""lmca"": ""4321b27b66c5ba85c0591b92b36f4730000c5ef16d3cf95cfca502167127a79d"", ""rca"": ""7997c5e9b7fabe5444a553d1d9d39c7e311ef396a1a26e66341975ff5f4f322f""}"
167.label,inferred_RCA_candidate_plus_LCX_not_ground_truth_RCA,564,-40.92397357047872,156.8377659574468,58.30283668869776,0.5152897561059876,0.7332273412030169,0.4436824690751107,16.683085544421,6.755858201126923,11.107658877839057,-35.13409482891206,159.6098780820932,46.99733341345549,46.12805176111703,38.51911422490307,1.1975366695035445,-87.43620336767032,0.5501778581249757,17.853195803391994,44.22702330863916,-27.78173828125,150.58576171875,22.724999809265135,-0.10937396152552034,-0.10413575739966176,0.9885307686516454,1.2071388088397794,-230.13031808809114,400.5404775329131,-256.5314291782777,551.5590425229946,39.65557691741069,476.33171321213985,137.92136459571944,3.4536470445197684,-57.388440276553816,0.9571631964629704,1.9040391335659315,5.247561814021528,72.18892714214594,1.941716944540972,111.25218593123543,2.1004365079638014,120.34614704152256,-0.08418223394186462,-4.823286714851791,-2.5275789144246157,-144.81960418278877,0.19960958374193444,11.436786698776018,-0.4542762828070872,-26.0281137377375,1.9417169445409717,2.1004365079638014,9.093961110287141,9.093961110287141,0.19960958374193447,-0.4542762828070872,-37.46490043651352,37.46490043651352,13.084839262129602,8.119358060971999,15.38046531652265,28.084962985143704,29.306663116162103,1.5296230504762207,1.1357456020212864,1.9040391335659315,4.216388556133822,5.247561814021528,0.0,0.0,"{""lad"": ""bb4dec2073d50c4a633a8444c180625022b596b6cf943d737f00643d69b849d3"", ""lcx"": ""abe21e4217dd250d29a379e2a7f36e49334f8df663fc9d68525232f6f983db95"", ""lmca"": ""8cbd4b7f9b5dd47bea84b1e05f57d82b2d9b2a86b09c4b46c91773f63dc934f7"", ""rca"": ""ca65038581d76cda1bf2be8cc60957f20e303ffc5c0fd1e293962fffee9d22f6""}"
168.label,inferred_RCA_candidate_plus_LCX_not_ground_truth_RCA,629,-26.378718389805247,157.6496345265302,-16.026950587528876,0.3507234450836776,-0.9264250414239017,0.13685652228285966,9.030013795731886,1.9133927097007477,3.1934648510468486,-24.586866147602684,158.78019273029727,-12.96584080406533,56.02938212653635,35.81480972787451,1.5644193715464283,1.6797901660330778,0.7690282519453929,9.353784590924295,28.258371340318668,-49.92678362472467,189.9770142139317,6.419159943836902,0.9525935261109972,0.2933331294355996,0.08075425181954693,1.7904935731132408,326.94871590004533,343.89853029896324,49.54602610714936,-19.02204424825939,-407.81050540672624,484.0227822854987,146.3071941026657,3.308263720414551,48.44723707591921,0.9532212828639733,2.422916298442409,4.274990202736693,85.79084955364989,1.8155046212701285,104.02075248527531,-2.8625421728800684,-164.01158518423597,1.090779950969884,62.49708756806121,-1.600278487243784,-91.68920336464878,-2.980682156182391,-170.78050761920508,2.758676009272434,158.06049237530323,1.8155046212701285,3.4206431342995174,91.96766233048868,91.96766233048868,-2.980682156182391,-3.5245092979071524,-31.15900000549171,31.15900000549171,10.444520012380119,6.330603683134288,12.207053657175981,24.444061944639945,28.258371340318668,2.18541112062139,1.0484963283951758,2.422916298442409,4.045918755147145,4.274990202736693,0.0,0.0,"{""lad"": ""5f14e2dc7f3e5605364e653be8940362b047a69481e1c99450971683a3abba25"", ""lcx"": ""93146eaf8e103b49e9e9396006371dc3eb73eb9b7f587b7ca86f724aaed72c1b"", ""lmca"": ""9394ce4c0196d012d505f9dec8b5aa5fcee67216354f44bf14826d7450f17162"", ""rca"": ""435499e966ad717c94289a20e2411f9cefc27771ed56505d07da7b50239d4e4a""}"
169.label,inferred_RCA_candidate_plus_LCX_not_ground_truth_RCA,440,-52.29002130681818,176.41981534090908,-185.73521506569602,0.825939426749494,0.5636459734849916,0.011281840048207425,7.066415167206349,7.917126333467574,7.771827488167049,-47.826671112559524,170.03758644535216,-193.63634481112132,59.19450689108344,39.525269826944836,1.4976370091907598,-45.845950934795695,0.7444138290409678,7.303653221080139,20.795530833308774,-37.487473060344826,156.56107219827587,-221.34998779296876,-0.1730393278486224,0.1353903188798759,0.9755648889598798,0.3375079843979246,-17.224248304387295,225.94233612513264,-54.45189212573909,379.948777533391,-255.3610973635057,233.6185040531869,81.36889332332471,2.8711033726965933,-82.12743892572077,0.9373838045588448,0.8798194642816866,2.36028325147495,86.81261761270937,1.4313858079471817,82.01236565029693,1.2358916784226528,70.81137710895756,-0.4535381462164005,-25.985821626386972,-2.939078081971432,-168.39676975636806,0.13914459158840364,7.972397840087065,-0.4727457131276266,-27.08633414511536,1.431385807947182,1.2358916784226526,-11.200988541339392,11.200988541339392,0.1391445915884037,-0.4727457131276266,-35.05873198520243,35.05873198520243,10.509783590849217,5.672962888073671,11.93206889048762,19.224304605403393,20.795530833308774,0.7550449493512608,0.45321739523340215,0.8798194642816866,1.5631661789421802,2.36028325147495,0.0,0.0,"{""lad"": ""2ed699bc68c1bc897dc207653c2710205578f04f22ac5c795dab0e9cfb1840df"", ""lcx"": ""181c0181eb33c7c0ba68971e9aa4661a85ffbc509ceef415ead5d69b4e8a645f"", ""lmca"": ""6de341055600aaa5cfc1b7fd508c73d20693ab0bb5682429558f8e12c5ee69f3"", ""rca"": ""cc54ee137c8e2ff254ffcbd07d2fcfdc32cc5d2a6ea6fa0f81cc0c0b0afee55f""}"
170.label,inferred_RCA_candidate_plus_LCX_not_ground_truth_RCA,541,-48.07343713897874,159.963632523683,98.80767174260673,-0.2182156418244849,0.9141219294905657,0.3417060603612022,11.785647254677935,460.24391433774105,-263.55765649115915,401.0788638283646,161.75503441732621,380.8468541180955,559.6030189091784,76.25997411887533,7.3380961031649425,-30.35954329954667,0.9906710296353474,15.918719963275114,36.75687079981272,-15.276946390086207,136.89606681034482,76.12413869397393,0.5094349376023712,-0.528084867662301,0.6794132887250279,2.6811223210186523,-369.32221049642607,195.43369665129254,-333.0820979314268,175.73747314844599,344.6096238886487,435.3902528505651,122.41494156638866,3.556675739737556,-24.395712850926515,0.9596604900354462,2.7629673260210943,8.532605038861222,68.79284515298122,2.612901216046652,149.70821196407366,2.6658243315381447,152.7404831204196,-2.625543905355329,-150.432584703156,-3.0403362731971963,-174.198436754733,0.16318384143940848,9.349745399210134,-0.5143110159738217,-29.467850572385448,2.612901216046652,2.665824331538145,3.0322711563459794,3.0322711563459794,0.16318384143940845,-0.5143110159738216,-38.81759597159557,38.81759597159557,4.255002113699949,1.3444261974969383,4.460299025422254,6.4524788436540135,8.16665177253378,2.2648081579935764,1.5853387651928599,2.7629673260210943,5.854856157625328,8.532605038861222,0.0,0.0,"{""lad"": ""ca4274aefe2c3b1fa3ce4fbec4968ed0296d6a07d2a9ad40a34805efaaa16de3"", ""lcx"": ""44a4c7f06a208c081af0cbca321fd009c5d4c060c16eb506125f5147c7f9c9f7"", ""lmca"": ""68b56733860e6dd66361fdb637cf7efae586b62c68b6c6afcaed704f020b6818"", ""rca"": ""596a67e407b51d225b8d2c591bff81393182a5b24b80f0732767d065fa06559e""}"
172.label,inferred_RCA_candidate_plus_LCX_not_ground_truth_RCA,610,-33.63849577356557,176.12784964139345,-215.3729386126409,0.6026818840296879,-0.7979749917914352,0.0032340590416476142,12.078532844739085,2.526142710379507,6.844498390422446,-31.62268050985212,177.67803696424525,-208.53466666014089,57.77317837585764,32.01487634964927,1.8045729036992066,-1.6832976388816634,0.8324183323004656,13.150219567080363,34.87724287739413,-65.22609479765326,217.96370255627394,-194.53466212247068,-0.8634615119323845,-0.39832186611958287,0.30947359884561054,3.7756540631818365,8.167205314123956,-28.920613857400568,-61.10643615394368,194.65122083389807,-213.0457873485374,55.61974441878031,41.36540761443986,1.3445955842428237,18.96857751158557,0.6684934320456309,3.8745421962963773,8.792152288831483,78.3729207788909,1.5295671606650543,87.63774278791631,2.7727076389157403,158.86444553355534,0.03446640841341958,1.9747797370631337,-2.1595638264982124,-123.73389284746995,0.19550117278930004,11.201392090684745,2.919273293515045,167.2620389636677,1.5295671606650543,2.7727076389157403,71.22670274563902,71.22670274563902,0.19550117278929996,2.919273293515045,156.06064687298294,156.06064687298294,9.68948494107986,6.09394481763046,11.437910395980905,23.53070015607435,28.315364264341696,3.4690887915463366,1.7288586151116703,3.8745421962963773,6.4154796560005805,8.792152288831483,0.0,0.0,"{""lad"": ""81309c5017d8e6ed6490d9265ff86cc56ad196479b2b006274f9b0f9419cb417"", ""lcx"": ""b370561ff4b3cf530f463c70bfaf8a725d3488d43cc1011a8c3abfdacd145ac5"", ""lmca"": ""5fb82bd96c87b913ba11ecd6b4ef0153ba8527b83d8a8554fef749c346ba270d"", ""rca"": ""0c7ac66ce57871e8ba407497b27a16d88fb01d180c74c612a1d9d189447c3e6c""}"
173.label,inferred_RCA_candidate_plus_LCX_not_ground_truth_RCA,307,-49.65056557919381,159.3651675743078,-160.61026363807704,-0.6782741319879391,0.6403263261257299,0.360453045411373,2.513880019208214,-3.786886664918921,11.527316015582207,-52.433203816083164,162.7814946461958,-171.91535801700752,50.60485574513536,34.73243337145204,1.4569913718377558,8.138570084507425,0.72727529643328,2.7499230581521763,7.873326451417317,-12.339196134868422,155.4094418174342,-201.60000305175782,0.46824450822186686,-0.6974098032721696,0.54255566241625,2.0104441108483733,-387.0246554050508,148.76312659866826,-354.3137700360627,103.71874940266959,27.091961935183832,443.2489969624471,81.7346750260252,5.423022686776596,-19.301628663448067,0.9828514669609287,3.4587379876841533,10.105194602456175,55.34719290761403,-0.174642668780014,-10.006287843995947,0.8710933922073656,49.90997493521616,-1.3177559226788031,-75.50185279786307,3.037280098004431,174.02333081473495,0.46033267734349553,26.375119583739785,-0.5727204781734474,-32.814466240052916,-0.174642668780014,0.8710933922073658,59.916262779212126,59.916262779212126,0.46033267734349564,-0.5727204781734475,-59.18958582379272,59.18958582379272,2.5582121565351774,1.8390446767370279,3.1459696952271416,7.017392342377789,7.873326451417317,2.7857722677686865,2.0526639548285983,3.4587379876841533,7.616101067266185,10.105194602456175,0.0,0.0,"{""lad"": ""3b3e76a24262b899a36d0f3631f498de9592c497acd0ea6af377430a8419bba2"", ""lcx"": ""a37fca96ebb0a561a5782ba38a10fbd3376cdac6a44868136a67ebf8e27ea9ff"", ""lmca"": ""482232315b18a87af82e7462d0b68106e57b6035d3f82b7bee35d70c6a7c6e20"", ""rca"": ""73e4c2f3b75cb2b5ca3354ed32669d15d099902a81d4882ef5408dffa6c7ecc8""}"
174.label,inferred_RCA_candidate_plus_LCX_not_ground_truth_RCA,464,-56.395861395474135,210.22282462284483,-269.02843606883084,-0.09731542391398115,0.8704074666667401,0.4826184313090726,10.737762952298654,23.658351217715268,-11.957022758141246,-32.84980241421954,206.43814006669663,-257.4548780661589,67.03405100291853,47.653915833101074,1.4066850505568682,-28.33514195665616,0.7033020159422371,11.608086852814758,32.81695310333003,-16.86745028409091,172.16254971590908,-293.8536241566051,0.7989361402065854,-0.5554509855186944,0.23059758575950987,2.954501372591607,-473.852397912481,453.1436233726791,-301.84980052894014,-3.735020942035561,269.81324829225906,674.5101977115339,189.80380552324175,3.5537232557170153,-40.83560111331351,0.95959202108731,4.585965479048366,9.821542042615834,63.26100923012062,1.1564032669384807,66.25702661071527,2.017364460638368,115.58646933426418,-1.3059035097148803,-74.82275955798414,2.9343151357892534,168.12387304208127,0.14216465773897186,8.145434884364944,-0.41959220936344266,-24.040862713094885,1.1564032669384807,2.017364460638368,49.32944272354891,49.32944272354891,0.1421646577389719,-0.4195922093634426,-32.18629759745983,32.18629759745983,6.8871821426907625,3.04878982969406,7.527738054020971,11.889335719325853,12.329624228272582,3.938137213957803,2.354210803684466,4.585965479048366,7.834182513806636,9.821542042615834,0.0,0.0,"{""lad"": ""b19191272d5472bb2e095155b8acbc2940b1fa7335afc2ea63e5dc77c6813499"", ""lcx"": ""532df22723a3439a11009b11c46d1f3d872581292460cf723724a3baa9c9d74c"", ""lmca"": ""d50e8f495f67977396df918b81749a641d9a8e79e106dadacb2d33635f4a4952"", ""rca"": ""1719d95ea1871593b85462387b7c0b8782f4c4505a332c54bb27c3e30febd65a""}"
175.label,inferred_RCA_candidate_plus_LCX_not_ground_truth_RCA,489,-18.8330078125,159.56087239583334,92.58803757275541,0.6162748871573751,-0.7225244663882964,0.3133108024461847,3.9013290634056155,-7.305821310677898,-2.0183084883096076,-24.586569444817293,154.6271653616581,92.52755929902091,49.81171007481084,36.793246157546896,1.353827543824742,10.298011748226372,0.6740929630075145,5.390829048423748,15.496355545936769,-64.65760736045597,185.71602299528303,87.97515799564385,-0.969549222174586,-0.13873616952227716,0.20180827794454154,1.782680610809238,-33.232433384783505,1.660847434575955,-60.4822559050753,152.8049679398163,85.40962915443022,59.54024824291311,38.94580329087987,1.5287975394477469,36.304054853677854,0.7564004314537196,2.0532800391260873,6.6754798728518,64.2757864136172,1.9874261470228127,113.8711303183538,-2.598718234448073,-148.89558697756337,1.1432299582677623,65.50225162166001,-1.3309418816768281,-76.25735259728245,-2.11085715823545,-120.94320632186985,0.6072995540396638,34.7957013466498,1.9874261470228127,3.6844670727315134,97.23328270408284,97.23328270408284,-2.11085715823545,0.6072995540396638,155.73890766851966,155.73890766851966,5.279860614956481,3.6077124814275674,6.38916223169777,14.367903852560465,15.496355545936769,1.7185223022173173,1.1254435158585188,2.0532800391260873,3.565392934051044,6.6754798728518,0.0,0.0,"{""lad"": ""b10522581a79313bbd2ec2ac66202d7224a69805c49655dd266a6bc76c4abd38"", ""lcx"": ""b3aa97d3ec55c3f0edc4239e2546a9d88bcb5784f246537be609956b0c96e3d2"", ""lmca"": ""99c58bc063435a3160fa37be95129fb619b0031cb79f72d241333f6c42544e6d"", ""rca"": ""7579b9f8aba0c3548c2bbeae6e4dc7e34863fdc3743f0f6727315598886d8c94""}"
177.label,inferred_RCA_candidate_plus_LCX_not_ground_truth_RCA,576,-26.787397596571182,189.74318101671008,-212.61596001519098,0.48989515964889885,-0.6392487915207573,0.5927594074258388,7.988453926273815,-21.26131039278902,1.7875422709011517,-45.322611599711614,183.321027836823,-204.22308104664685,71.29395895223172,36.307656238168,1.9636067523765077,5.456730283792434,0.8606086130967096,9.563739370339704,16.139935849376354,-68.37408511513158,222.20264185855262,-200.50788252981084,-0.7795452034407332,-0.1285268331589251,0.6130172338121367,1.1874498413683212,57.147555302257885,-367.1788735111267,-32.5799440806043,-146.30413075927098,-232.25227151937338,385.2773903069405,108.14643807196674,3.562552749546455,-79.00277294824858,0.9597962587994838,1.5483500110660835,2.8444170991190805,86.35140688540292,1.593061327792499,91.27569058801718,2.2021645687578095,126.17473558306948,-2.2788360853342837,-130.56768989176877,1.0378448308302104,59.464128596039956,2.652587325124017,151.9820585195025,-2.858630132111303,-163.78744175890262,1.593061327792499,2.2021645687578095,34.899044995052286,34.899044995052286,2.652587325124017,3.424555175068283,44.230499721594896,44.230499721594896,9.565981894771394,4.7209873391446715,10.658340618449651,15.676924503622951,16.139935849376354,1.4044187662388452,0.6536393043772285,1.5483500110660835,2.4076116530685274,2.8444170991190805,0.0,0.0,"{""lad"": ""60aa7024de5ac4f61777fb8a7f668f1b1ec458028d65e42fb405d7432233d4c3"", ""lcx"": ""bd25c776c62597baa757849ac7a3e01f7a29300e2d0abab965aa9f6cd36bb015"", ""lmca"": ""fd5a7394cd8f7b18f34a875cfec2390b8f93a35f3cdff76941581e13c90a2f73"", ""rca"": ""46068fde0b6651a17790d8f36579c08869515ff7029ee45b1aa1e282879a84d5""}"
178.label,inferred_RCA_candidate_plus_LCX_not_ground_truth_RCA,521,-39.85542938759597,139.65584700395874,-170.6795615930246,-0.31666723390322515,0.9382665275980833,0.13920411689715073,7.547242951305298,28.27283362123409,-13.41774002786722,-13.037609208184296,146.5428453435895,-156.09317605293694,75.27543303029633,39.11680800979803,1.9243756548704394,-14.252419321078472,0.8543798069458879,8.049050425037239,19.72631521049933,-57.381072370113166,168.98212850437244,-141.02531169373313,0.4655740309215967,0.8119978744370144,0.3519947068368881,1.3055111743920114,320.36276188324615,332.44822759230476,226.14283555078376,164.35893963893588,-505.36985054769156,469.6026542813774,159.78330031648628,2.9389970876257103,47.90317285577546,0.9403342450743357,2.627154208041946,5.582180794097839,48.43743414142432,-1.6478779360348066,-94.41645088752345,-3.0854960749372133,-176.7859027980835,1.2271810986726006,70.31229765216744,2.3289646543017115,133.43984532663285,-2.9651939973736274,-169.89310148703456,2.784215552123465,159.5238003913608,-1.6478779360348066,-3.0854960749372133,-82.36945191056006,82.36945191056006,-2.965193997373628,-3.4989697550561223,-30.583098121604657,30.583098121604657,5.969404824654216,2.9689801667939766,6.664336262411865,11.334227279855027,13.449292390836298,2.3548163831588185,1.1672127309856701,2.627154208041946,4.794581187649577,5.582180794097839,0.0,0.0,"{""lad"": ""6fac5109593faec0062e570fa8c504c3554fcae0437bcfc7568270ced94ea647"", ""lcx"": ""00e0e5bd708e8bb19920b1adf3e28102dbce7d5224547871eb0745cc91ad8711"", ""lmca"": ""765b9d297d2e730236b70f902ec4dac948dc317c5de70bd83a15fe0ab8775464"", ""rca"": ""ec2961cb8c227e02eaa75a10f1804b30e5c45bdcd14bd831c30f8cacf3eedd59""}"
179.label,inferred_RCA_candidate_plus_LCX_not_ground_truth_RCA,457,-11.658448868298686,199.13822098946937,-215.11563330719196,0.6313029956198053,-0.5150655627234633,0.5797965106982125,11.618860794079149,-52.63501113201267,-26.215463235899335,-52.478809807235265,157.47084443526433,-207.68443061550667,92.39353699570916,42.67667609243628,2.164965631240535,20.365430097731068,0.8869314385036269,11.940192987466064,36.064377683185015,-67.78878021240234,217.19252014160156,-206.97381591796875,-0.892245500429336,-0.01726116263719574,0.4512205882138094,1.966401692447687,-7.178342265755937,-32.41922834058661,-71.03016514917273,185.0418211285328,-214.61324917876564,55.120422107579046,39.95184600297085,1.3796714700862696,-45.48764022908235,0.6889485654385159,2.2234032303829214,4.4782188822458275,72.97610491395777,1.4235719948701715,81.5646671390801,1.6612785141002064,95.18424745370645,-1.165179538746904,-66.75986994519756,0.5589994068475308,32.028306762679925,0.895399705719762,51.30262411499828,-2.980781923303651,-170.78622385418745,1.4235719948701715,1.6612785141002064,13.619580314626345,13.619580314626345,0.8953997057197621,3.302403383875935,137.91115203081426,137.91115203081426,8.271667301688915,3.6693890867604204,9.041870972249491,13.224648933547913,15.052257944984593,2.03706775563134,0.8927430349916199,2.2234032303829214,3.3726259097462377,4.4782188822458275,0.0,0.0,"{""lad"": ""8617fa5b6afac9c75aa424b1ed0a2657fc81a7f138eddcd0081bb322a67bc96f"", ""lcx"": ""bf622bf55529c23dfd2bbc344ece1fdea35aaff305611870a1599eea3aaf6069"", ""lmca"": ""33234aaa0cc25f1fcfa299c4e37558d86d1f8a7b539c06efdc87639d585c8c35"", ""rca"": ""e22a3318a78cc54d6330df02763d244fa514b670b6af7ea572b67113559d229f""}"
180.label,inferred_RCA_candidate_plus_LCX_not_ground_truth_RCA,494,-55.34919819078947,193.05894562879556,158.82246658386973,0.9303057086695171,0.3626818269281015,0.054709970142581464,11.557504514371614,11.69322456134094,-0.22622252967446865,-51.06029798811066,182.26862435205905,157.4235459030775,57.39334880990021,36.872680338195295,1.5565277132958566,-35.50260709260267,0.7663228806583104,11.860000816200516,30.326787305534832,-39.4513671875,185.80400390625,121.08571123395647,-0.1124933131700695,-0.013414659067225639,0.9935619263106507,0.6581436100688866,-84.83763454850336,219.2592277509795,-123.75049330259435,405.17209257129804,114.5029913237402,252.69521576727317,46.497616886472436,5.434584236526536,-65.31407961528818,0.9829249861226613,1.2512961016824848,3.758313381953471,86.8379208462168,1.5350980007042458,87.95463657932396,1.2655086312217259,72.50830350638262,-1.8046854907858016,-103.40086197052206,2.5481994239465973,146.00107234980763,0.07985947525289233,4.575610886120173,-0.6143073661600152,-35.197219404766564,1.5350980007042458,1.2655086312217259,-15.44633307294135,15.44633307294135,0.07985947525289235,-0.6143073661600152,-39.77283029088674,39.77283029088674,15.039654184480066,7.897120516988605,16.974685476679443,27.840129144786236,30.326787305534832,1.0779718937596712,0.6376699618208503,1.2512961016824848,2.1559189263247576,3.758313381953471,0.0,0.0,"{""lad"": ""a7566cc700cfb79eb34c9bb69e238477d332f0ccea829cbf2acd4751db330311"", ""lcx"": ""554c7c7d5649e4e7d0c20ab36802a8c26952e1ba3bdd12f8795c64ec433ab551"", ""lmca"": ""c6cb2b4dc87259bbcf60ae4c1975cea8af643b50defc7468281bb80c65dac512"", ""rca"": ""fa551a6d437a9e6c27bc291ed79c5de7b7a7e2f85b97b843c9c2f81aae468c04""}"
181.label,inferred_RCA_candidate_plus_LCX_not_ground_truth_RCA,603,-13.832173766583749,183.48923999792703,-174.50439774495848,0.8418255129258343,-0.4584385243092449,0.28489283110727437,13.628070959615387,-15.674248040703533,2.7256947677935814,-22.29234541910403,173.72071854752437,-165.22469150544902,57.43839713482734,39.58677979004823,1.4509489642617217,21.002580841589502,0.724567239702438,13.890534283225398,39.99510453219135,-77.40279447115384,207.1560997596154,-163.09395909571387,0.7677502406138325,0.6389552261713354,0.047914371390431754,2.4832232775690213,20.636085727180138,9.340730841369744,-64.18023855537487,192.05558629150545,-173.59328263792233,58.67748097852959,36.86657743299725,1.5916172605165835,-66.03395737670654,0.7779778095149601,2.7609943472454557,5.89400908536169,68.46678675409032,1.8836373757795946,107.92447176526865,-2.723350540864407,-156.03649212620056,-0.4357544812795145,-24.96689268122862,-1.5860662514805652,-90.87490223797144,0.21156264793223886,12.12164682912942,2.9785928353565723,170.6607983538369,1.8836373757795943,3.5598347663151793,96.03903610853082,96.03903610853082,0.21156264793223892,-3.304592471823015,-201.46084847529258,201.46084847529258,3.2906431044551376,1.3722687932703774,3.5637857098444097,5.720368515749943,5.967512447710513,2.415688727575626,1.3388286310889046,2.7609943472454557,5.240569720262205,5.89400908536169,0.0,0.0,"{""lad"": ""b04030a2b948cfd6337ec476e159a520194648b006241aecd4164a637114778d"", ""lcx"": ""4e4aad9aa373a58368084e5f7c46f08000f189a13ffeee17106a0d5d89459614"", ""lmca"": ""8d18cb26c32044e2b673d40ed6b385f41f8cef8293b1b868b69c5ac5a0bdf3d3"", ""rca"": ""4b1b9082900167e491e726f4cd27ccdea9792df0da6492db2227c8caa5dbd0b1""}"
182.label,inferred_RCA_candidate_plus_LCX_not_ground_truth_RCA,415,-53.14487010542169,201.44884224397592,44.9283140159515,-0.8635491322594889,-0.4908732558738863,0.11543978015248467,8.545218175195544,2.6212535918722706,-4.373888335292129,-51.823064427179816,198.2440726336148,41.18877513315042,52.22263701439805,35.21528896513195,1.482953528114046,26.163293708774315,0.7384301584771537,8.740287805194864,26.066729257937215,-33.57421875,190.1442555147059,17.479412527645337,-0.2612970883205041,-0.5690712397539005,0.7796677213532606,0.35803212410437274,76.368812736224,131.39416533806812,40.14142133292678,284.51069633019074,111.06147009537581,160.89478680876377,79.17974648911333,2.0320194739558266,49.0450543751258,0.8705266553311584,0.44741780047051793,1.6156672206231653,53.488123795953165,-1.3396242833572856,-76.75481756960995,-1.63553958336708,-93.70951535351874,0.5497039807568044,31.49571807890551,-3.0880236153503935,-176.93072019630748,-2.605301192282114,-149.27276267816652,-2.950011518760225,-169.02320953993896,-1.3396242833572853,-1.63553958336708,-16.954697783908806,16.954697783908806,-2.605301192282114,-2.9500115187602254,-19.750446861772488,19.750446861772488,12.514822915093749,6.595691375127113,14.135289035239985,23.449343207436666,26.066729257937215,0.37001966570766304,0.2530243609868276,0.44741780047051793,0.6896241333875557,1.6156672206231653,0.0,0.0,"{""lad"": ""a2d9057f0e314bd3eaf7f45d8e0efabe51c75ad07db8a4b292891361ab69a115"", ""lcx"": ""fe9c6e4b8f9612e1713414a4f0cc6f525312f6ad7f75da1b9f5539f6c2477c67"", ""lmca"": ""95e15d7651c1465da58374a312609e1ed37ed809539e998ed1c14a49619fe5a7"", ""rca"": ""a907ad64594ef9ee94a0b25903db60a147e626ab8e443d16a749c8f3a47255b8""}"
183.label,inferred_RCA_candidate_plus_LCX_not_ground_truth_RCA,498,-28.852174322289155,188.74678401104418,165.60561943820204,-0.5298905822528561,0.8349602593978589,0.14851712381402168,10.530546579256038,-1.166128377623718,-1.614812638500278,-29.84112817194523,187.85561949366337,167.08726424610015,58.99109225194001,30.40814026531478,1.9399769843612744,10.867682508828171,0.8569076059632104,11.51631417192942,32.15527451098645,-54.32507581751055,218.48449037447259,187.75168471195528,-0.9578196443559405,-0.2873652347663038,0.0016585335591952357,2.7171920913474046,7.595835473888256,-10.308102534281728,-52.142260418972675,211.14967870712746,177.4857434913887,44.057772146484304,18.22798074671977,2.4170407440447157,37.77807670740927,0.9104000566811516,2.8607958063857795,6.245221287054895,74.46378659350279,-1.7935180851941952,-102.7610167620122,2.5953171645661683,148.70072002750118,-1.1175314609882927,-64.02983618771798,1.4471712202857911,82.91680315517297,-0.14856907700014818,-8.51238107826264,-3.098834951657722,-177.55016413761396,-1.7935180851941952,-3.6878681426134174,-108.53826321048659,108.53826321048659,-0.1485690770001481,3.184350355521864,190.9622169406487,190.9622169406487,12.368967735377776,7.7169991610862505,14.569948049226872,27.756253626071395,32.15527451098645,2.591476301815875,1.2143414966623256,2.8607958063857795,5.006842288834832,6.245221287054895,0.0,0.0,"{""lad"": ""d0f8bc35ad8f2f8b9ac6c718ebed70ef8d73739e55296eac51ed3e49dde4ddb4"", ""lcx"": ""e32b73c7d1bd099a16679ecfbc396c4d1a2e243a6af0e9c79f055405896f0452"", ""lmca"": ""f20cda8d5e518d646af9793fe589a97ca6b4d8fdd11d19b81674f9d1a16f3ed7"", ""rca"": ""da6ca889ef239db89a29ee6d2e6e3394e45378bdb6e5013be29e67e9bf71c555""}"
184.label,inferred_RCA_candidate_plus_LCX_not_ground_truth_RCA,423,-22.58766206781915,165.32182928856383,157.17340120356133,0.7125315323249948,-0.6387312436892015,0.2903811525871486,3.1052780237547397,-4.954580197772786,-0.30827744409600133,-26.063994162098616,161.98047598297674,158.35381349434172,43.45620019699053,34.84408990338567,1.2471612924167106,-6.192310268291742,0.5975644160889979,3.999392106364703,13.968398702238222,-66.45365377286585,188.4835889862805,175.20365548482755,-0.8752493855775888,-0.4793058011196147,0.06484182337918776,2.3506632052933822,315.9250290299608,-266.0721450551099,86.35040729930823,-121.20356862908689,-51.39686011426576,422.42187378236684,157.58092206194746,2.6806663411723557,-36.60424119887396,0.9278146267658126,2.914371567535599,5.739002200554677,72.62248126279034,2.2454418877832225,128.65434331186685,-2.4298870092463933,-139.22227032348437,-1.8147786576919098,-103.97915783616317,1.0918030643310057,62.55570764561694,2.7472406879924347,157.40529672858312,-3.0256692113084607,-173.35807601065125,2.2454418877832225,3.853298297933193,92.12338636464877,92.12338636464877,2.7472406879924347,3.2575160958711256,29.236627260765623,29.236627260765623,2.8002187874360156,0.9943534932770071,2.9702048739466043,4.570609974690562,5.714246946384589,2.5803024207256864,1.3581601877635694,2.914371567535599,4.860732807550177,5.739002200554677,0.0,0.0,"{""lad"": ""a7c347adb0523d8f110c3ae48f873f1cbfba41b0c7076236bf3f690f1c15b6f6"", ""lcx"": ""fd2773f105150accda04cbedebdad495e68d0a913bc38b0cf4b899453c431781"", ""lmca"": ""5f331cc8496d667fde3081b376cc0b4f654799bef32dbe5bf4902c10e4aace17"", ""rca"": ""1eaffb2d3fc81362096c932ff2bc29364f6aa1314c329a691a428615508c4e0c""}"
185.label,inferred_RCA_candidate_plus_LCX_not_ground_truth_RCA,504,-22.21106150793651,178.28534226190476,358.7853296673487,-0.0006000575034287462,-0.8478502858658828,0.5302353559393541,7.763940000609312,-14.300788749418512,-3.0815752412127444,-36.511847682719385,176.6586574780895,356.16806464064746,55.8866948393449,32.99722745124905,1.6936785044111153,7.256319424599832,0.8070882470647883,8.402761541397691,16.91589277239936,-59.336061507936506,199.28364748677248,347.42620268322173,-0.9566836908502305,0.11668768721963856,0.2667213889295581,1.3829251164668641,-94.4658691761702,-301.3102238838216,-86.8378513937422,-112.98785701000551,385.3973823926246,324.60149306038613,118.24194788487058,2.7452312725467194,75.26687914176574,0.9312941527866357,1.510895887426024,3.881916668613259,87.53176601314482,1.80054926058467,103.16387343690266,-3.071925364344177,-176.00835835610903,0.917605267176586,52.57490906819267,-1.623164410029761,-93.00047015054754,-0.4545708391222686,-26.044990571426318,0.2108894155082929,12.083073452605953,1.80054926058467,3.211259942835409,80.82776820698827,80.82776820698827,-0.45457083912226853,0.21088941550829318,38.128064024032284,38.128064024032284,6.4781947186919195,3.11055583157135,7.181903375751291,12.528736977001063,13.064889263724094,1.2638713375132538,0.830109365703149,1.510895887426024,3.155105992246108,3.881916668613259,0.0,0.0,"{""lad"": ""17790646048f6b9b20753444492bd5a64f7c24f98de51dbc7977cf252b36a2c7"", ""lcx"": ""e8cf9b90a61b33cc496ea6d6ec8b2242ba90a9488419f2576ffcf2d549c8091f"", ""lmca"": ""b4c3bff32684f4699937b1f4e46c2dc16bf649174bd8564779d80f5e66849c05"", ""rca"": ""150b9f9019d46ee52d5a7e2abbe47b20eee23eb5b6e4362e0674937d96c6b83e""}"
186.label,inferred_RCA_candidate_plus_LCX_not_ground_truth_RCA,452,-19.970279659845133,167.51194776686947,71.88805386028459,0.3587769339958819,-0.8471707292050324,0.39189394893354546,6.140463868910916,-13.605254280116108,6.5210320934387,-32.66974140560721,165.8195749125734,79.8558860046161,62.353042769414,34.81061233025085,1.791207870113461,-2.576331502972015,0.8296509235953828,6.526336876206136,18.16724195378193,-58.35763417119565,129.5650475543478,64.59130511076555,0.7687076308714924,0.4840721267907464,0.4180463542529957,0.40189153342594125,-76.92779000166131,78.74551414767593,-107.56067380812333,225.78899813538393,43.6448710947625,111.0389383974068,62.10880718189332,1.7878130886045764,-48.39455289506745,0.8289365893417718,0.446013954409926,1.030488088889518,88.30765676340039,-2.2907811498144115,-131.25209167249173,-2.8382031698083408,-162.61706303067004,-1.2633867981983313,-72.38673142931063,1.28039365689801,73.36115265557757,-0.09214884783083115,-5.279740067699875,0.2692455350373466,15.426632810381692,-2.290781149814412,-2.8382031698083408,-31.364971358178288,31.364971358178288,-0.09214884783083123,0.26924553503734655,20.70637287808157,20.70637287808157,8.981215660193449,5.223095957472858,10.3799728655587,17.133106960613166,18.16724195378193,0.4059615097877377,0.1867672469837521,0.446013954409926,0.7531108536084373,1.030488088889518,0.0,0.0,"{""lad"": ""3bb818e54357a73342171a986b1ffebf2f97e13cf50a5bd981682aaadbdb6271"", ""lcx"": ""c0fd4b2acd149146dfe37df7634601fb85486d8eeae980fcf6db3d6480450ddf"", ""lmca"": ""fb848438318ffa1df5171c829641e7e96bf9900cdc3a636c39c40546a2199f49"", ""rca"": ""e46b009bae705822b95db35621addd00e93f04846d0ec3b2a86fa652b674c8bb""}"
187.label,inferred_RCA_candidate_plus_LCX_not_ground_truth_RCA,594,-36.39739846380471,156.54581294718014,523.8237495807687,-0.7202504268682178,0.6718991364806097,0.17260032732518527,12.887674067490206,10.201169251633118,0.8311146753632306,-29.320703002358577,163.86894457211125,524.8468479406299,50.139468716824325,36.39491251329109,1.377650480641047,37.54871799770226,0.687828203023909,14.234405723245132,26.916895007390618,-69.67273334703947,186.58267372532896,532.6460648386102,0.7886726532397573,0.5758489304751853,0.21539140025160453,4.451351209116491,22.80974291925523,3.027145656532999,-55.648999062849505,170.793869669514,523.5084214836801,49.043737715574906,34.29535128944131,1.430040395319533,-74.03834787896069,0.7148469479605665,4.76557737529969,9.156527107060214,81.72335772405029,-2.2920070406412334,-131.3223300430124,1.413026700019807,80.96046625043317,-0.3933714912874645,-22.538526231538953,-0.12578243264059916,-7.206802527194898,-0.2874215087839304,-16.46803939460153,2.9205732002321043,167.3365181323159,-2.2920070406412334,-4.870158607159779,-147.71720370655441,147.71720370655441,-0.2874215087839305,-3.362612106947482,-176.19544247308258,176.19544247308258,14.295436881922214,5.256236552617136,15.228977553850054,22.20854020461283,26.916895007390618,4.103144032046561,2.4270224400862763,4.76557737529969,8.589424505392632,9.156527107060214,0.0,0.0,"{""lad"": ""f23af50d2e5dd11e1af433c6b06c5c41601f90a496b9d25884cfa9596edb0443"", ""lcx"": ""a2dac0063b17426c0d74eeba4789845d06f87f87d018832e03da77b5caba97c8"", ""lmca"": ""311ec7196ea866cc54d09b3d2c1af058bf3de41eb90d26302281f9925a673a27"", ""rca"": ""8139bb5d90add24d53c9fb18f9f5a26a3b4e02101d37a6218bf62a8aa655f828""}"
188.label,inferred_RCA_candidate_plus_LCX_not_ground_truth_RCA,558,-26.953461021505376,191.53736839157705,346.79051399914596,0.16610484459868796,0.9787095090807743,0.12056897376902365,13.707756582423366,-6.052343264875025,39.93237242867044,-32.92172572582999,197.41758059395826,307.28066525668686,72.17838787751232,48.554460089452576,1.486544958888165,83.0250064635034,0.739914602076415,14.336116075045052,30.986900074648972,-50.003689236111114,143.3519603587963,339.48241961443864,-0.7144322147128025,-0.5819091873555078,0.38854640424512066,3.3201554352600087,-220.33698062670007,331.2841355971954,-204.17450124936315,458.2290709826966,527.5816738883201,414.37504759370216,97.49973066700161,4.250012228330655,-58.78225337977829,0.9719243781220972,3.8127171896254954,8.861267211952521,50.10788372795952,-2.970741930367065,-170.2109746325799,1.6284578791265196,93.30376358877473,-1.5143955619881897,-86.76847421526571,-3.0076981579834334,-172.32841050172266,0.5021900087464012,28.773368014806685,-0.25232192075430043,-14.456981137855829,-2.970741930367065,-4.654727428053066,-96.48526177864532,96.48526177864532,0.5021900087464012,-0.25232192075430093,-43.23034915266254,43.23034915266254,12.723354339486015,6.890797949746481,14.46221995574739,22.421714885213543,22.74862534706273,3.151117666323767,2.1514411409579286,3.8127171896254954,6.9261691014985765,8.861267211952521,0.0,0.0,"{""lad"": ""aaf01468d2839f939324672539e8711c7afa81dbb5706d1c23f48fe97c1c7477"", ""lcx"": ""6bac4695bc71087bc4ca0185189de24a9e2d492534c1f29ad61504c18ecf82b2"", ""lmca"": ""2c2031d7c5ddb6e8e86e12ef7eac496cfdd733cd53581cd7098eb167c8e4f033"", ""rca"": ""92995aeae902003314cc70b0fae5765f59ce1665bf8b86b49458f8349c31a262""}"
189.label,inferred_RCA_candidate_plus_LCX_not_ground_truth_RCA,436,-31.90526447821101,136.12436389048165,58.13807320376055,0.6727364249330318,-0.5636349224361757,0.4793134431441388,2.0536912315409652,0.5319260342982458,6.2083336947525,-31.511701861965648,140.41887485115274,62.63569887150274,49.6527447333199,33.97276195641031,1.4615457170373203,-3.3029278382091767,0.7292877372124333,3.59145325851132,10.017953863736631,-74.91160999644886,171.38240744850853,54.44431799108332,-0.9387060022033876,-0.342036728457643,0.042917569983938315,3.4272367219469753,387.0964593971919,31.654908933367796,58.52781155522929,-185.2191487353208,131.09256024520397,404.3566153784171,113.10477000298124,3.5750624431468183,6.6058124497872,0.9600829642991411,3.7216792848517537,7.607761207123046,65.28235086035744,2.2433042262532865,128.53186432817404,-2.431397856818734,-139.3088355128671,0.39061891608176974,22.380815289460287,-1.6753366464370925,-95.98971910444641,2.6148147643010673,149.81785020294626,-2.8483263830329335,-163.19708042355023,2.243304226253286,3.851787450360852,92.15930015895889,92.15930015895889,2.6148147643010673,3.4348589241466523,46.98506937350347,46.98506937350347,3.3747329707805913,2.099122434889023,3.971344160221791,6.709029475013617,7.873921821227895,3.2911975614161793,1.7399759220589406,3.7216792848517537,6.517833399510812,7.607761207123046,0.0,0.0,"{""lad"": ""dbb48e8622c114b1212a0b23aaf651610428410b3ead59c522ea467dee1db73e"", ""lcx"": ""4676f5d88932c45bab1ca72e853658964afb084da0b55c67f2e4731664daf9f4"", ""lmca"": ""e9b967cd3b9e8f39b305abc9318dd3b0ea98d4fe5e4de065727ed502cbbd6375"", ""rca"": ""65807463bb209d51440c4d41da17b49bdbb2c3764b6459059113e100b3b25efd""}"
190.label,inferred_RCA_candidate_plus_LCX_not_ground_truth_RCA,671,-24.235456350130402,141.42419342632266,66.00961232789405,0.5280933732376432,-0.7855286617730091,0.3225865940729601,10.28723294574987,2.563412011235447,6.2995589045894205,-22.058641963222613,145.06949455575528,71.32268886907492,53.71859617550965,35.75844745454838,1.502263101433303,4.932602544525892,0.7462530561118484,12.102229294905952,33.46262558913556,-56.93190535579819,179.41678040286143,55.33704800203622,0.9726108994627709,0.23081818370061497,0.027404458019980427,1.5006665444793552,-40.56562603556656,19.681579889867514,-48.1266674683861,139.94655205155536,75.27453686750043,71.37086748127622,35.838793423012106,1.9914416938894197,-43.112283504115815,0.8647812505666962,1.7535409458843398,4.914820115461048,70.05271814710656,1.975458470873197,113.18543298440146,-2.674395751262932,-153.23158929508512,1.2079866472358327,69.21253659477183,-1.69273433362001,-96.98653315331643,1.7844975173070652,102.24417629326841,-0.8005659962677838,-45.86905280783002,1.9754584708731968,3.608789555916654,93.58297772051343,93.58297772051343,1.7844975173070652,-0.8005659962677838,-148.11322910109845,148.11322910109845,13.621843173311762,7.828873496640542,15.705505807803533,27.709270033829164,33.46262558913556,1.4712215815174468,0.9555958346164565,1.7535409458843398,3.5985991704414135,4.914820115461048,0.0,0.0,"{""lad"": ""1664fed14aafc20fa8471f99b9b0621221df51c4f6e5c1f9395e9d92d437ff78"", ""lcx"": ""48bcc78be7126ea7bde76308bda2c5a80b68bf991dfad56573b9da2ba639f585"", ""lmca"": ""9e78a098cfbbb4263273f93cf604f07ced41454874c9e34cc859c57142079494"", ""rca"": ""5c52e7bf4e780fb43a35e2e4a32ff06dffd971cb086b88cd0e1cd63c9fbc4e7b""}"
191.label,inferred_RCA_candidate_plus_LCX_not_ground_truth_RCA,358,-42.77948236731844,166.9780900837989,349.66649265395864,-0.18963594830127709,0.976218640314979,0.10504938559291623,7.946866284305304,28.35156572850114,5.245002101831544,-14.942370726350315,172.8848721444026,345.02683022199824,87.53666290403795,47.12879313582727,1.8573924151156047,-49.041910874828204,0.8426963147336881,8.199560027895528,21.62939971809761,9.949708806818181,145.85902698863637,321.0463758433949,0.3131199707841261,-0.6436110536517561,0.6983700276453911,3.3835677567143003,-331.78328038325463,84.90098181836365,-305.1493781656049,137.88699662468355,454.9767083921385,366.4377913712144,87.28710557725994,4.198074720748661,-10.133754729979463,0.9712150375015565,4.498897833070074,11.12277730311841,52.097431877683135,1.2262404531070696,70.25840263124482,1.5209831171207233,87.14591332166962,-1.1299629949773962,-64.74211061816703,-2.4798753450184394,-142.08639098810545,0.20637111201576078,11.824193731924643,-0.5983496409793547,-34.28290910128508,1.2262404531070696,1.5209831171207233,16.887510690424804,16.887510690424804,0.2063711120157608,-0.5983496409793547,-46.107102833209716,46.107102833209716,4.112080617983664,1.6222295909557707,4.415989435023541,6.352075762686992,6.550334580967015,3.7214361035100363,2.5326507535209664,4.498897833070074,9.770202278290869,11.12277730311841,0.0,0.0,"{""lad"": ""572eb771420b64f90478ed11004f9fb61599e3d479936b20d91f0070faed8ba3"", ""lcx"": ""239cbeedb784ba78bc377ca547a6965dd542619547a8705fc076668bc79d5ca9"", ""lmca"": ""31e5681800603995acf44e378da730a5e07305f63d6e54455f63a58c6ea9bba5"", ""rca"": ""2173b815a005dff87639eeb54aa6c1e9831127fb3c9133180bf14b319a6d7981""}"
192.label,inferred_RCA_candidate_plus_LCX_not_ground_truth_RCA,467,-16.1358927495985,184.95312290885974,158.3600611880709,0.5502408018246747,-0.8100613219341386,0.20257273931517789,5.2659323072577555,-8.034112102343771,-4.766234671515911,-22.844424752022718,179.50819896829256,154.80867387170065,60.04125689880507,33.882963064657396,1.7720190759064054,5.202003045258645,0.8255506625021081,5.648906275496588,18.92858390215496,-55.69271385063559,213.91719081038136,162.141522371971,-0.9764724579302154,-0.21171913029344755,0.04094568074302874,4.261251843728525,-13.23062774043507,12.596267466247937,-53.42172228521413,200.98649408401067,149.4389579077521,50.47258486016809,28.45719250767158,1.773631915606627,60.245847661464445,0.825901218570812,4.305752391444572,10.479944691910525,69.05356323421181,1.8034529654177562,103.33024346879024,-3.064135361663672,-175.56202408012052,1.165447660215557,66.77523217374824,-1.3912886628285965,-79.7149684644784,3.034595596147788,173.86952018825426,0.14364176930220762,8.230067142808325,1.8034529654177562,3.2190499455159145,81.10773245108926,81.10773245108926,3.034595596147788,6.426827076481794,194.36054695455405,194.36054695455405,5.873314399866829,4.033819665475433,7.118529838216173,15.981728858509191,18.92858390215496,3.6595962141176224,2.272524043850077,4.305752391444572,7.245157367349925,10.479944691910525,0.0,0.0,"{""lad"": ""4526bac907a1e2948b2d4e9de22cffd6ff599478374cc89601f412571d3780d4"", ""lcx"": ""35985e6ee0123df68842836dec0749fcdf5b3e594fb2539230ff4d02bb63cce7"", ""lmca"": ""68bad470a67e8080b9220ee53a98847f49f7967d6039e2907f8ba445653c26ed"", ""rca"": ""abbd146a70edce1b00b1f29cab3f4bc13e3328ff3a7351d95234b86f06a2bc86""}"
193.label,inferred_RCA_candidate_plus_LCX_not_ground_truth_RCA,422,-25.766041543246445,178.63909304650474,104.32440834587784,0.375896107920773,-0.8679661004745047,0.32455656591277976,9.306432258702138,-11.344396079065715,-9.738503420227284,-36.27846018357471,171.23404471917456,96.69629685843327,49.025321295854226,35.74317736238951,1.3715994187870033,-12.983157630636867,0.6844329169631607,9.550215292291407,27.317163888216236,-69.5949609375,187.20087239583333,107.89000076293945,-0.9388288856405965,-0.15804654081565842,0.3059764932524068,2.4084559806106016,187.7193933147409,-367.1815844209667,-4.9474097424918755,-219.910069601241,95.96265423953088,432.2479429975825,110.64654510215613,3.9065652036265837,-59.29779604264746,0.9666822514138936,2.649798328449887,6.295344594475827,83.31467216742664,2.2322939678666405,127.90102299127071,2.959139569717027,169.54620833494405,-1.1071548223441392,-63.43529858787563,1.3738122432028395,78.71364337892292,2.6244340573158498,150.36899509459298,-2.99168474257377,-171.41090938315915,2.2322939678666405,2.959139569717027,41.64518534367336,41.64518534367336,2.6244340573158498,3.2915005646058164,38.22009552224785,38.22009552224785,13.366121738241704,7.39939772176273,15.263785073217086,24.308785167923194,27.317163888216236,2.3100724336638305,1.3009684233799672,2.649798328449887,4.152706304264202,6.295344594475827,0.0,0.0,"{""lad"": ""7a4e991102b9948107209ca18d7e49a451cfc94dc26a1b2fc29d2165ebe319bf"", ""lcx"": ""b9dfc5cad915ff1f4ebd548075107d4021109818f560aa949403477bd2a09ff8"", ""lmca"": ""011901a8439cd9092ccdb73da3b439bc25e31ab5d5117a4737257368bd224383"", ""rca"": ""05fe920e3919eca91f0204ca0782890e63118469da1193e1c5e2f9550d9f8c6a""}"
194.label,inferred_RCA_candidate_plus_LCX_not_ground_truth_RCA,586,-8.141998186860068,167.09464990401023,75.04044444894627,0.004969090473993952,-0.7409950011490345,0.6714921566273159,8.243317924042419,-8.744309010213104,6.868696325211974,-16.88619923977921,171.67478499063807,80.15935447046871,58.320477221850716,39.68671321259218,1.4695214720715706,2.689989186393639,0.7327539971616676,8.529238043502113,21.090401615444797,-34.96427283653846,206.12173978365385,73.10576999370869,-0.9973492313228925,0.06598034606857281,0.030677430014699483,1.368274268097568,-19.032286609597605,-6.59645143160161,-36.01663196724667,187.13092599629806,79.73771066242249,45.407776637120946,26.194769015191792,1.7334673426891634,69.29479845198227,0.8168299842439899,1.5943396999170378,4.464470240040394,88.09471480799441,1.8772939030159785,107.56101754845726,2.9092735653242463,166.6890967420569,0.8895452519005462,50.96718861980297,-2.2027690755133107,-126.20937126884684,-2.6125221961070553,-149.68649572118346,0.34575334751143855,19.810207564925513,1.8772939030159785,2.9092735653242463,59.12807919359966,59.12807919359966,-2.6125221961070553,0.3457533475114386,169.49670328610895,169.49670328610895,9.074619539208294,4.856295966247617,10.284438959099194,17.912189186174455,21.090401615444797,1.32064780345015,0.8949239071063096,1.5943396999170378,3.339197737487316,4.464470240040394,0.0,0.0,"{""lad"": ""c777b3cc257d7f5e267c4e5fbf9a0d9d156e576457ddf6a0687fab8dd3a384b2"", ""lcx"": ""b060f5f2550572106b5978866ed076c5d2338e1935bf85cd02fde1e78a901ab4"", ""lmca"": ""8c4c375aa9c837911a942e1266d29e95580bd7584f13a568911fbf786259296b"", ""rca"": ""92ab933b7056d04bf0ac8b083d1f463a0df9583e2c74875b258195b5e66d0085""}"
195.label,inferred_RCA_candidate_plus_LCX_not_ground_truth_RCA,460,-30.104623811141305,181.7316745923913,-126.46956826914912,0.11951737372088923,-0.9871831000825219,0.10575974796832274,10.455740473842415,-4.41479129985903,-1.9939136857519981,-34.48777036977038,180.99463426103318,-128.39593059308243,39.91153422272665,32.689383111687626,1.2209326216516103,-28.28986201411152,0.573727830155707,10.734686947762684,26.04479987074726,-55.97724883910642,140.6079983998494,-125.56807534091443,-0.7626494342796537,-0.39450900664162986,0.5125704674203913,2.9409124253279164,-110.2118694792185,282.46060989019435,-127.26361512497516,415.7120840438107,-19.89571207879274,319.21584005818494,74.21610578323593,4.301166663076116,-69.2455203299719,0.9725975772266507,3.0055737457071126,7.324814950997228,69.35895703397212,2.07424204529241,118.84531488383885,-2.963809275747368,-169.8137627820494,1.5745498447711361,90.21506073836501,-1.489305968262254,-85.33094638507168,0.505219713684811,28.94695732094751,-0.4435461948066864,-25.413324981510563,2.07424204529241,3.3193760314322183,71.34092233411174,71.34092233411174,0.5052197136848112,-0.4435461948066866,-54.3602823024581,54.3602823024581,14.007653629513497,7.058570481566247,15.676355010562151,24.912341085880374,26.04479987074726,2.6835038211523807,1.3563439872344822,3.0055737457071126,4.881717568544384,7.324814950997228,0.0,0.0,"{""lad"": ""52951fc898fabe7042d40c7d52e99c43f50314b9b21137a9f80808e267f47936"", ""lcx"": ""95105eb64ac138fc9ef91370c1e90e2f18908c9c4e3c6c4d4951688d5c0473c0"", ""lmca"": ""0eb951dc242826fd02eca8263d95c5d00d9f66cdcd54b26e212a95b6cea37ce2"", ""rca"": ""6262d38391230bd9f535956e1ab8584f957f925515437748998beff562548fe9""}"
196.label,inferred_RCA_candidate_plus_LCX_not_ground_truth_RCA,493,-30.385310360674442,154.01395117583672,204.79786713079798,0.6309054047592279,-0.7283124470323459,0.267431018663414,10.24445547245258,23.895234420907897,-37.954227253951295,-11.845959470629166,155.08325933220803,163.97318534248254,72.20689736566523,44.99902525373677,1.604632477226139,-78.3052924797869,0.7820659601459494,10.836096519998922,29.904028600782965,8.892008463541666,166.19615885416667,160.44583028157552,0.47140457687198717,-0.7056494495162281,0.5289958216296108,2.203175899729489,-255.75193816563882,78.48040026285419,-216.6599924395847,116.80472066616346,295.5569246565945,283.5378338634879,71.67538005535607,3.955860905718351,-14.169587239712559,0.967521308046862,2.241202109851896,6.528109104226823,17.671071731503346,1.9651512165961527,112.59487081595864,2.6686234027847444,152.9008580894062,-2.6434733498456935,-151.45986620146797,-1.5435631671584988,-88.43965489002838,0.359541027106898,20.600183415023984,-0.5622901509431846,-32.216852510818484,1.9651512165961527,2.6686234027847444,40.30598727344755,40.30598727344755,0.359541027106898,-0.5622901509431848,-52.817035925842475,52.817035925842475,4.764034700422677,3.4984980356642548,5.902778306408665,12.004873019330592,12.414641065073887,1.9354330181874289,1.1324439876151402,2.241202109851896,3.640621327436422,6.528109104226823,0.0,0.0,"{""lad"": ""75a8445d351cbd370163f4ca468dbc29a00e22579a4d3c9dd727e339b7256a61"", ""lcx"": ""df60174488086f84629b0201a7e122716f587e652a2c7c0ddcbf7f92d0758f9d"", ""lmca"": ""ce16b350315e0f47027dac6e9b37537334a66954f7fee13f14beb40e7729d6ff"", ""rca"": ""c078bac430b78b241578f3a670b27be5fbe72e3cab04315978fac55ca07c55b1""}"
197.label,inferred_RCA_candidate_plus_LCX_not_ground_truth_RCA,568,-18.9950380996919,182.26980289942782,-109.30352417851837,-0.578726881750902,0.7103646444744689,0.4005711774697962,11.037891384088043,7.2220543581458,-17.912938841343433,-13.105298030560528,177.11191380739547,-91.64740373494173,49.21959371167284,36.487390379879685,1.3489480392879536,-21.398264817884062,0.6711535086732341,13.264507372076345,30.55257952675814,-41.8303031287114,201.86419750222683,-83.90273464320674,-0.9433995823502778,-0.23132389630154693,0.2376688516006943,5.815787320052475,-11.214090948985838,-12.803714206196707,-45.5495494699529,200.06782075166905,-100.41428122459355,49.03122884730793,25.019873129061715,1.9596913459307648,7.20588850543703,0.8600056923246944,6.130839964961784,14.513130178145119,61.52014948243576,-1.8012030454174537,-103.20133254853083,-3.103522535039093,-177.81874288148217,0.8984003899591724,51.47455065756792,2.3981046443318985,137.40127495093915,-0.39908288353217886,-22.865764902304832,-2.780382379402799,-159.30417577232197,-1.801203045417454,-3.103522535039093,-74.61741033295134,74.61741033295134,-0.39908288353217886,3.502802927776787,223.56158912998285,223.56158912998285,6.158443785534514,3.4045082419336117,7.0319059280725345,10.956024022569855,11.760144684182222,4.903141667703729,3.6849224953632866,6.130839964961784,12.56092531110199,14.513130178145119,0.0,0.0,"{""lad"": ""16101be98c9b46790931063de7a3fe2a1a510bef59454fda0e7e508670a6f6d4"", ""lcx"": ""2e2d4ae931245245bb74c0f41a1de96454a0743d67672b61b2c0b7f541b725cb"", ""lmca"": ""faaf45b132f7aff3a7cba05e26e6a2259bbfd89c93a5426e70851258fb5175b4"", ""rca"": ""141587b2eea11f9ec0dd06e9390b52d97450da591557b2c0c3368079c4ce3a6f""}"
198.label,inferred_RCA_candidate_plus_LCX_not_ground_truth_RCA,355,-30.399070202464788,184.19103763204225,43.01197259392537,0.699533953979404,-0.5820388164191236,0.41458782352038165,3.7731614537095632,-16.681841164344057,-14.905871461840896,-42.319903244508446,166.03834424104326,37.64147067088055,54.01537241082807,41.438985828472,1.3034916596273227,56.511260346218506,0.6414435547024243,8.648808340183969,17.927348824544097,-62.29440334623894,130.32136684181415,22.480974214266887,0.6425713977696993,0.7632703274292254,0.06723396488664146,0.749229354099117,-209.69349729640547,-83.62486993113392,-222.9669741023456,257.2068536638653,117.60657497427087,231.7929548141333,70.17230675944108,3.3031970234176113,22.920270999606505,0.9530741319541479,0.7845836839592357,1.708035352603498,88.10190570783645,2.2483391407869155,128.82034368116007,2.5306918262611617,144.99796089301915,-1.7606555387473917,-100.87813154655773,0.29001911917413564,16.61687150677962,-0.4136243131303089,-23.6989274463643,0.3112827992099299,17.83519062974722,2.2483391407869155,2.5306918262611617,16.17761721185909,16.17761721185909,-0.4136243131303089,0.3112827992099299,41.534118076111525,41.534118076111525,6.763385067561689,3.118710522350903,7.438048360418037,11.37139574326494,12.382013302265499,0.6912603073870383,0.3727740379331602,0.7845836839592357,1.454122405522808,1.708035352603498,0.0,0.0,"{""lad"": ""cf5f3e0e64ff1d642adfe632fe882ee0b04923d94abe9470ee2e6b32c8d25688"", ""lcx"": ""653372075bbdcdac650318a66cb93ec6be692198a72570865c99e73411779aed"", ""lmca"": ""ddc45e4faa3870022569f6e4163cdad502f76ac99204fc0dce0e37c9163510c7"", ""rca"": ""5a93c8e90d77904bde86a3f6c0573893d881f8f36ba79f3b28f7ab74a737d432""}"
199.label,inferred_RCA_candidate_plus_LCX_not_ground_truth_RCA,226,-29.347932798672566,150.64264726216814,-111.57212694556313,-0.2703087691907423,0.8553136056129355,0.4420088294955046,2.440572444837887,-3.7015373703743935,19.31433833445773,-32.91167557439353,158.62096793754753,-129.19004909408824,43.72033145696616,35.072988419833614,1.2465527868233353,46.57124927493659,0.5970388577437425,3.1162777334869274,6.928331032793655,-56.00547691896388,162.0229585016635,-131.35608670194793,-0.9266922187419164,-0.3757279608572105,0.008368461822021335,1.9285833431953658,40.010630245780504,3.48341257215353,-40.96863611733875,125.03217755414649,-127.04792707029584,59.80092326256457,34.58684654080885,1.7290076790321358,29.484406851845357,0.8157770968974436,2.1174637668048844,4.994909678244148,86.14835483325011,-2.4920156248960605,-142.78197778720076,2.508514617551126,143.72730043255336,-1.6437599016106799,-94.1805048951314,-0.5171316749930075,-29.629462429630305,1.4369411721355163,82.33066457194661,-2.535118209358747,-145.25157396301884,-2.4920156248960605,-3.77467068962846,-73.49072178024589,73.49072178024589,1.4369411721355163,3.7480670978208392,132.41776146503454,132.41776146503454,2.4310412623448032,0.9702982383447128,2.615947573198208,4.050047322553854,4.279810502201974,1.868416110856029,0.9982298696395154,2.1174637668048844,3.7983861473135536,4.994909678244148,0.0,0.0,"{""lad"": ""385b4f7d63faf7f9da3efaff2c759eafcc0001b7d6e37a23165a5f3978540911"", ""lcx"": ""1386b767295e90d6b9442cd9b81625a15fbb310512ff572facae5d48fed03112"", ""lmca"": ""71bda4311ef67157968d8677146b113f98fc1aaef972539ff277477d1536bce4"", ""rca"": ""13ba2c672f5d986302fb377ebe03e5da533347afebc43aa50c70ba1826329082""}"
200.label,inferred_RCA_candidate_plus_LCX_not_ground_truth_RCA,311,-12.295107139268488,150.61844666901126,-196.71397493123243,0.44339187692933457,-0.7437553496462589,0.5002315697211172,3.623647183619552,-18.06071671293956,-0.23625469415384193,-28.483430810065673,143.8417340467414,-192.44084408485762,48.530645354509716,30.95978441523314,1.5675382200216867,-3.754402825292387,0.7700836038969893,3.7059486545928735,11.649830759982287,-59.24026175525701,159.8149733498832,-171.00325882100614,-0.6784182004914968,-0.06516120297980312,0.7317805428324152,0.7097779640209838,28.33127073657256,-156.66498868015526,-38.425958632986166,2.0626762222198067,-165.75377159063936,169.31973162328288,46.10991712574538,3.672089263607536,-74.93871636736947,0.9622054602908869,0.7896251940928327,1.2606564206838122,83.47027840458523,2.1331894743412665,122.22275378148518,2.5138725669599435,144.03428832052322,-1.325095923435509,-75.92240386284514,1.2216540364672934,69.99562031469708,2.5595213439098496,146.6497705796869,-3.0611660845506714,-175.3918970333408,2.1331894743412665,2.5138725669599435,21.811534539038018,21.811534539038018,2.5595213439098496,3.222019222628915,37.95833238697231,37.95833238697231,4.816982911490205,2.805062193829412,5.563655261089951,10.170962112637346,11.649830759982287,0.7336464376426042,0.29338591254088114,0.7896251940928327,1.1708321883106894,1.2606564206838122,0.0,0.0,"{""lad"": ""76c6b9ac872cda54412a564257b7e7573b014f54046282d30ff8cc2b8a94f7c4"", ""lcx"": ""00d5a82522e29ee945b8e3fe589c891fab5f8e38a602c4c0e8571f8b0765c8f4"", ""lmca"": ""8098d2294ef3eba76f6eaaf46b22631c7a49a62d1423416e16d46d2c6b7300f8"", ""rca"": ""7693db33c4afbe3a7d20be5f3023373dc8d93c428d43766924fbbbe9217370fa""}"
