case_id,statistics_eligible,frame_pass,ellipsoid_valid,assignment_resolution_status,assignment_resolved,anatomical_role_gate_pass,anatomical_role_gate_failures,scaffold_anatomical_role_gate_pass,scaffold_anatomical_role_gate_failures,has_rca,source_archive_hash_match,source_array_hashes_match,max_source_coordinate_change_mm,max_source_segment_length_change_mm,LMCA_to_LAD_source_continuity_mm,LMCA_to_LCX_source_continuity_mm,exclusion_flags,LAD_length_mm,LCX_length_mm,LAD_minus_LCX_length_mm,LAD_inferior_displacement_mm,LCX_inferior_displacement_mm,LAD_minus_LCX_inferior_displacement_mm,LCX_to_LAD_inferior_displacement_ratio,LAD_inferior_displacement_to_length_ratio,LCX_inferior_span_to_length_ratio,LAD_descending_segment_fraction,LAD_horizontal_path_fraction,LCX_horizontal_path_fraction,LAD_terminal_lateral_fraction,LCX_terminal_lateral_fraction,LAD_terminal_lateral_displacement_mm,LCX_terminal_lateral_displacement_mm,LCX_to_LAD_lateral_displacement_ratio,LAD_initial_inferior_direction_fraction,LCX_initial_horizontal_direction_fraction
1.label,False,True,True,unresolved_manual_review,False,False,lad_has_longitudinal_course;lad_descent_is_sustained;lcx_has_substantial_absolute_lateral_reach,False,lad_has_longitudinal_course;lad_descent_is_sustained;lcx_has_substantial_absolute_lateral_reach,True,True,True,0.0,0.0,0.0,0.0,assignment:unresolved_manual_review;anatomy:lad_has_longitudinal_course;anatomy:lad_descent_is_sustained;anatomy:lcx_has_substantial_absolute_lateral_reach;scaffold_anatomy:lad_has_longitudinal_course;scaffold_anatomy:lad_descent_is_sustained;scaffold_anatomy:lcx_has_substantial_absolute_lateral_reach,204.60975264942678,59.058343769160864,145.5514088802659,32.35534446831218,-9.110229386061913,41.4655738543741,-0.28156799242190694,0.1581319758679784,0.16030009798808323,0.620253164556962,0.8509767236467823,0.9271945448138128,0.5182627718683717,0.6759905022526094,106.04161755939383,39.922879466722314,0.37648312413153767,0.807582520479343,0.8880678655367809
2.label,False,True,True,unresolved_manual_review,False,False,lcx_has_substantial_absolute_lateral_reach,False,lcx_has_substantial_absolute_lateral_reach,True,True,True,0.0,0.0,0.0,0.0,assignment:unresolved_manual_review;anatomy:lcx_has_substantial_absolute_lateral_reach;scaffold_anatomy:lcx_has_substantial_absolute_lateral_reach,164.1959455003199,56.91226030984418,107.28368519047572,77.45363141471746,10.459759049844912,66.99387236487254,0.13504543116692894,0.4717146405698949,0.1840582682596028,0.8354430379746836,0.6357091007755693,0.9452517590740721,0.45949066529052535,0.8157645138583891,75.44650423594884,46.42700236424213,0.6153632011769279,0.9839433042596708,0.9648236711331659
3.label,False,True,False,unresolved_manual_review,False,False,lad_descent_is_sustained;lcx_has_substantial_absolute_lateral_reach,False,lad_descent_is_sustained;lcx_has_substantial_absolute_lateral_reach,True,True,True,0.0,0.0,0.0,0.0,assignment:unresolved_manual_review;anatomy:lad_descent_is_sustained;anatomy:lcx_has_substantial_absolute_lateral_reach;scaffold_anatomy:lad_descent_is_sustained;scaffold_anatomy:lcx_has_substantial_absolute_lateral_reach;ellipsoid:underconstrained_crown_axis_ratio_gt_4;ellipsoid:underconstrained_crown_major_axis_gt_250mm,119.41889533697915,58.61754195904256,60.801353377936586,31.854927802969804,-21.932820901411162,53.78774870438097,-0.688522072222885,0.26674947639635077,0.3741682125930175,0.6582278481012658,0.7772002187375083,0.8520622226008069,0.5351202418529971,0.6235982068927562,63.903468154542026,36.55379405811984,0.5720158093723389,0.881763802827341,0.9303893375563402
4.label,False,True,True,unresolved_manual_review,False,False,lcx_is_not_apex_descending_branch,False,lcx_is_not_apex_descending_branch,True,True,True,0.0,0.0,0.0,0.0,assignment:unresolved_manual_review;anatomy:lcx_is_not_apex_descending_branch;scaffold_anatomy:lcx_is_not_apex_descending_branch,116.85672099166263,106.29540378255959,10.561317209103038,63.16800345561604,41.385776263943654,21.782227191672384,0.6551699278104095,0.5405594382553561,0.41241613118157017,0.9367088607594937,0.6794661733346832,0.7968807798332276,0.5031832697679471,0.6072429898598162,58.80034696294551,64.5471388012779,1.097733978371826,0.7760372036159455,0.9750646856468291
5.label,False,True,True,absent_from_assignment_map,False,False,lcx_has_substantial_absolute_lateral_reach,False,lcx_has_substantial_absolute_lateral_reach,True,True,True,0.0,0.0,0.0,0.0,assignment:absent_from_assignment_map;anatomy:lcx_has_substantial_absolute_lateral_reach;scaffold_anatomy:lcx_has_substantial_absolute_lateral_reach,163.0536582315336,77.42985680225581,85.62380142927779,67.71397662560796,8.038035992044124,59.67594063356383,0.1187057147224804,0.4152864606659434,0.2189863881676628,0.759493670886076,0.6201669006368294,0.8325893473578904,0.42503872587559505,0.5659297238887379,69.30411914408577,43.819857480845144,0.6322835932701499,0.9312442856139646,0.8623979595006018
6.label,False,True,True,unresolved_manual_review,False,True,,True,,True,True,True,0.0,0.0,0.0,0.0,assignment:unresolved_manual_review,171.42077589537627,77.4817456313364,93.93903026403987,54.125999257404764,8.609158102734941,45.51684115466982,0.1590577212587379,0.31574935403652377,0.16507040561493996,0.7721518987341772,0.6791523384502375,0.9209757391025486,0.4550438527646758,0.7789143626154276,78.00397030734209,60.35164451276308,0.7736996498379841,0.9997361315847146,0.9969484024590055
7.label,False,True,True,absent_from_assignment_map,False,False,lad_has_longitudinal_course;lad_descent_is_sustained;lcx_has_substantial_absolute_lateral_reach,False,lad_descent_is_sustained;lcx_has_substantial_absolute_lateral_reach,True,True,True,0.0,0.0,0.0,0.0,assignment:absent_from_assignment_map;anatomy:lad_has_longitudinal_course;anatomy:lad_descent_is_sustained;anatomy:lcx_has_substantial_absolute_lateral_reach;scaffold_anatomy:lad_descent_is_sustained;scaffold_anatomy:lcx_has_substantial_absolute_lateral_reach,216.3792688682659,81.13197199781521,135.2472968704507,44.28530872032651,0.30291032918224037,43.98239839114427,0.0068399732989375675,0.20466521100636448,0.17659100435551822,0.620253164556962,0.8094700483119102,0.8463361230662226,0.45510281278210807,0.6676261326845674,98.47481388968384,54.16582470197398,0.5500474950138328,0.8339902094799638,0.3573314017700611
8.label,False,True,False,absent_from_assignment_map,False,False,lad_has_minimum_inferior_reach;lad_is_dominant_descending_branch;lcx_is_not_apex_descending_branch;lcx_inferior_span_is_limited;lcx_is_more_lateral_than_lad;lcx_has_substantial_absolute_lateral_reach,False,lad_has_minimum_inferior_reach;lad_is_dominant_descending_branch;lcx_is_not_apex_descending_branch;lcx_inferior_span_is_limited;lcx_is_more_lateral_than_lad;lcx_has_substantial_absolute_lateral_reach,True,True,True,0.0,0.0,0.0,0.0,assignment:absent_from_assignment_map;anatomy:lad_has_minimum_inferior_reach;anatomy:lad_is_dominant_descending_branch;anatomy:lcx_is_not_apex_descending_branch;anatomy:lcx_inferior_span_is_limited;anatomy:lcx_is_more_lateral_than_lad;anatomy:lcx_has_substantial_absolute_lateral_reach;scaffold_anatomy:lad_has_minimum_inferior_reach;scaffold_anatomy:lad_is_dominant_descending_branch;scaffold_anatomy:lcx_is_not_apex_descending_branch;scaffold_anatomy:lcx_inferior_span_is_limited;scaffold_anatomy:lcx_is_more_lateral_than_lad;scaffold_anatomy:lcx_has_substantial_absolute_lateral_reach;ellipsoid:c_axis_above_3x_observed_lad_z_extent,75.99969505511118,49.13789222948118,26.861802825629994,23.87478122559766,27.324777745742125,-3.4499965201444667,1.1445037961832927,0.3141431187096851,0.556083635377183,0.8607594936708861,0.8474665625784252,0.6845101341681138,0.5437722132316365,0.47078223905019645,41.32652238504726,23.1332469260024,0.5597675679183801,0.8465587134435023,0.6518491201958152
9.label,False,True,False,unresolved_manual_review,False,False,lcx_is_not_apex_descending_branch;lcx_is_more_lateral_than_lad;lcx_has_substantial_absolute_lateral_reach,False,lcx_is_not_apex_descending_branch;lcx_inferior_span_is_limited;lcx_is_more_lateral_than_lad;lcx_has_substantial_absolute_lateral_reach,True,True,True,0.0,0.0,0.0,0.0,assignment:unresolved_manual_review;anatomy:lcx_is_not_apex_descending_branch;anatomy:lcx_is_more_lateral_than_lad;anatomy:lcx_has_substantial_absolute_lateral_reach;scaffold_anatomy:lcx_is_not_apex_descending_branch;scaffold_anatomy:lcx_inferior_span_is_limited;scaffold_anatomy:lcx_is_more_lateral_than_lad;scaffold_anatomy:lcx_has_substantial_absolute_lateral_reach;ellipsoid:c_axis_above_3x_observed_lad_z_extent;ellipsoid:underconstrained_crown_axis_ratio_gt_4;ellipsoid:underconstrained_crown_major_axis_gt_250mm,178.94826971378077,85.44224959912503,93.50602011465574,62.21263839573238,40.960119877133224,21.252518518599153,0.658389049771324,0.3476571106009492,0.47938952999609075,0.8227848101265823,0.7185627494316789,0.7408151502141479,0.3796266010300632,0.19185476176383176,67.9335233916536,16.392502441405984,0.24130210863492454,-0.28231370471937695,0.9351578170137366
10.label,False,True,True,unresolved_manual_review,False,True,,True,,True,True,True,0.0,0.0,0.0,0.0,assignment:unresolved_manual_review,96.11571616248574,73.07938668765051,23.036329474835227,65.3091811202681,-5.24505341737847,70.55423453764656,-0.0803111190097393,0.6794849346995603,0.19052530408825816,1.0,0.5570540311622854,0.8746343422328205,0.346104592807618,0.6948324585468799,33.266090804829716,50.77792992127833,1.5264171020030453,0.9738035327324264,0.9485951326562672
11.label,False,True,True,absent_from_assignment_map,False,False,lcx_is_more_lateral_than_lad,False,lcx_has_horizontal_crown_course;lcx_is_more_lateral_than_lad,True,True,True,0.0,0.0,0.0,0.0,assignment:absent_from_assignment_map;anatomy:lcx_is_more_lateral_than_lad;scaffold_anatomy:lcx_has_horizontal_crown_course;scaffold_anatomy:lcx_is_more_lateral_than_lad,51.89936859813113,102.09662820192773,-50.197259603796596,30.194383804618937,-6.725356756719227,36.919740561338166,-0.2227353537080769,0.5817871126414093,0.2592205632026506,0.9620253164556962,0.6738228665071101,0.6585788947179355,0.5315073603505821,0.48488028091130325,27.584896407454572,49.5046417626476,1.7946285181360846,0.7659751699825013,0.12718565938281823
12.label,False,True,False,unresolved_manual_review,False,False,lad_has_longitudinal_course;lad_descent_is_sustained;lcx_is_more_lateral_than_lad;lcx_has_substantial_absolute_lateral_reach,False,lad_has_longitudinal_course;lad_descent_is_sustained;lcx_is_more_lateral_than_lad;lcx_has_substantial_absolute_lateral_reach,True,True,True,0.0,0.0,0.0,0.0,assignment:unresolved_manual_review;anatomy:lad_has_longitudinal_course;anatomy:lad_descent_is_sustained;anatomy:lcx_is_more_lateral_than_lad;anatomy:lcx_has_substantial_absolute_lateral_reach;scaffold_anatomy:lad_has_longitudinal_course;scaffold_anatomy:lad_descent_is_sustained;scaffold_anatomy:lcx_is_more_lateral_than_lad;scaffold_anatomy:lcx_has_substantial_absolute_lateral_reach;ellipsoid:underconstrained_crown_axis_ratio_gt_4;ellipsoid:underconstrained_crown_major_axis_gt_250mm,146.0145957803574,46.09263667915587,99.92195910120154,29.715977285610172,-16.485147298223616,46.20112458383379,-0.5547570298556688,0.2035137455046649,0.38540724834831497,0.6582278481012658,0.7856275113667713,0.7305877766506453,0.5606112261468593,0.49602670229873574,81.8574215757642,22.86317857221544,0.27930489541567255,0.8827529928673119,0.8147034538227083
13.label,False,True,True,unresolved_manual_review,False,False,lcx_has_substantial_absolute_lateral_reach,False,lcx_has_substantial_absolute_lateral_reach,True,True,True,0.0,0.0,0.0,0.0,assignment:unresolved_manual_review;anatomy:lcx_has_substantial_absolute_lateral_reach;scaffold_anatomy:lcx_has_substantial_absolute_lateral_reach,142.0956745301379,45.933257408033285,96.16241712210461,57.11939719990576,-0.5177044992437294,57.63710169914949,-0.009063549768073945,0.4019784373365354,0.12640943362377874,0.7721518987341772,0.7324223262347028,0.8816358281414403,0.41140540913599283,0.7211119753052306,58.45892911652626,33.1230219817105,0.5666032970889073,-0.08633380972417475,0.8662016908649901
14.label,False,True,True,absent_from_assignment_map,False,False,lad_has_minimum_inferior_reach;lad_has_longitudinal_course;lad_descent_is_sustained;lcx_is_more_lateral_than_lad,False,lad_has_minimum_inferior_reach;lad_has_longitudinal_course;lad_descent_is_sustained;lcx_is_more_lateral_than_lad,True,True,True,0.0,0.0,0.0,0.0,assignment:absent_from_assignment_map;anatomy:lad_has_minimum_inferior_reach;anatomy:lad_has_longitudinal_course;anatomy:lad_descent_is_sustained;anatomy:lcx_is_more_lateral_than_lad;scaffold_anatomy:lad_has_minimum_inferior_reach;scaffold_anatomy:lad_has_longitudinal_course;scaffold_anatomy:lad_descent_is_sustained;scaffold_anatomy:lcx_is_more_lateral_than_lad,86.09616992932642,156.44734447315994,-70.35117454383352,13.668850538212041,-60.36414190430388,74.03299244251592,-4.4161827459852985,0.15876258548356287,0.3943235977295496,0.6582278481012658,0.919477910019031,0.7740625729123667,0.6430350120798448,0.33219502777749754,55.36285167053279,51.9710299429771,0.9387346997994142,0.9871302746210023,0.9948112242219441
15.label,False,True,False,absent_from_assignment_map,False,False,lad_has_minimum_inferior_reach;lad_has_longitudinal_course;lad_descent_is_sustained;lcx_is_more_lateral_than_lad,False,lad_has_minimum_inferior_reach;lad_has_longitudinal_course;lcx_is_more_lateral_than_lad,True,True,True,0.0,0.0,0.0,0.0,assignment:absent_from_assignment_map;anatomy:lad_has_minimum_inferior_reach;anatomy:lad_has_longitudinal_course;anatomy:lad_descent_is_sustained;anatomy:lcx_is_more_lateral_than_lad;scaffold_anatomy:lad_has_minimum_inferior_reach;scaffold_anatomy:lad_has_longitudinal_course;scaffold_anatomy:lcx_is_more_lateral_than_lad;ellipsoid:c_axis_above_3x_observed_lad_z_extent,85.1313951816995,165.086206113193,-79.95481093149348,11.788347533413795,-1.0421150195892466,12.830462553003041,-0.0884021290206618,0.13847238739895465,0.26562625024904346,0.6835443037974683,0.9289724322239814,0.7575224909085694,0.6788195556879846,0.5557224444551012,57.78885585233949,91.74211000704229,1.587539823274218,-0.29375791551225255,0.7821861755752334
16.label,False,True,True,absent_from_assignment_map,False,False,lcx_has_horizontal_crown_course;lcx_is_more_lateral_than_lad;lcx_has_substantial_absolute_lateral_reach,False,lcx_has_horizontal_crown_course;lcx_is_more_lateral_than_lad;lcx_has_substantial_absolute_lateral_reach,True,True,True,0.0,0.0,0.0,0.0,assignment:absent_from_assignment_map;anatomy:lcx_has_horizontal_crown_course;anatomy:lcx_is_more_lateral_than_lad;anatomy:lcx_has_substantial_absolute_lateral_reach;scaffold_anatomy:lcx_has_horizontal_crown_course;scaffold_anatomy:lcx_is_more_lateral_than_lad;scaffold_anatomy:lcx_has_substantial_absolute_lateral_reach,164.13663994966078,170.51457973971435,-6.377939790053574,66.66266132995305,43.03689519527343,23.625766134679623,0.6455922151421214,0.4061412573718939,0.37034330604099797,0.8227848101265823,0.7361422702011886,0.6404646441462915,0.4006185345205226,0.23065175566459414,65.75618015775576,39.32948718337555,0.5981108861405895,0.9506743741059785,0.97025272476436
17.label,False,True,False,absent_from_assignment_map,False,False,lad_has_minimum_inferior_reach;lad_is_dominant_descending_branch;lcx_is_not_apex_descending_branch;lcx_has_horizontal_crown_course;lcx_inferior_span_is_limited;lcx_is_more_lateral_than_lad;lcx_has_substantial_absolute_lateral_reach,False,lad_has_minimum_inferior_reach;lad_is_dominant_descending_branch;lcx_is_not_apex_descending_branch;lcx_has_horizontal_crown_course;lcx_inferior_span_is_limited;lcx_is_more_lateral_than_lad;lcx_has_substantial_absolute_lateral_reach,True,True,True,0.0,0.0,0.0,0.0,assignment:absent_from_assignment_map;anatomy:lad_has_minimum_inferior_reach;anatomy:lad_is_dominant_descending_branch;anatomy:lcx_is_not_apex_descending_branch;anatomy:lcx_has_horizontal_crown_course;anatomy:lcx_inferior_span_is_limited;anatomy:lcx_is_more_lateral_than_lad;anatomy:lcx_has_substantial_absolute_lateral_reach;scaffold_anatomy:lad_has_minimum_inferior_reach;scaffold_anatomy:lad_is_dominant_descending_branch;scaffold_anatomy:lcx_is_not_apex_descending_branch;scaffold_anatomy:lcx_has_horizontal_crown_course;scaffold_anatomy:lcx_inferior_span_is_limited;scaffold_anatomy:lcx_is_more_lateral_than_lad;scaffold_anatomy:lcx_has_substantial_absolute_lateral_reach;ellipsoid:c_axis_above_3x_observed_lad_z_extent,38.72053867454539,35.76883233045269,2.951706344092699,18.885460025654247,22.498801150619734,-3.613341124965487,1.191329261773718,0.48773753341581005,0.6320086423890481,0.8860759493670886,0.7760590092356447,0.5754997081282153,0.6818746435844749,0.4318222742568306,26.402553508104514,15.44577852444733,0.585010783888994,0.1445694552244606,0.7149159842322456
18.label,False,True,True,unresolved_manual_review,False,False,lad_has_minimum_inferior_reach;lad_is_dominant_descending_branch;lcx_is_not_apex_descending_branch;lad_has_longitudinal_course;lad_descent_is_sustained;lcx_has_horizontal_crown_course;lcx_inferior_span_is_limited;lcx_is_more_lateral_than_lad;lcx_has_substantial_absolute_lateral_reach,False,lad_has_minimum_inferior_reach;lad_is_dominant_descending_branch;lcx_is_not_apex_descending_branch;lad_has_longitudinal_course;lad_descent_is_sustained;lcx_has_horizontal_crown_course;lcx_inferior_span_is_limited;lcx_is_more_lateral_than_lad;lcx_has_substantial_absolute_lateral_reach,True,True,True,0.0,0.0,0.0,0.0,assignment:unresolved_manual_review;anatomy:lad_has_minimum_inferior_reach;anatomy:lad_is_dominant_descending_branch;anatomy:lcx_is_not_apex_descending_branch;anatomy:lad_has_longitudinal_course;anatomy:lad_descent_is_sustained;anatomy:lcx_has_horizontal_crown_course;anatomy:lcx_inferior_span_is_limited;anatomy:lcx_is_more_lateral_than_lad;anatomy:lcx_has_substantial_absolute_lateral_reach;scaffold_anatomy:lad_has_minimum_inferior_reach;scaffold_anatomy:lad_is_dominant_descending_branch;scaffold_anatomy:lcx_is_not_apex_descending_branch;scaffold_anatomy:lad_has_longitudinal_course;scaffold_anatomy:lad_descent_is_sustained;scaffold_anatomy:lcx_has_horizontal_crown_course;scaffold_anatomy:lcx_inferior_span_is_limited;scaffold_anatomy:lcx_is_more_lateral_than_lad;scaffold_anatomy:lcx_has_substantial_absolute_lateral_reach,107.50148846563494,101.67985289073061,5.82163557490432,16.44637512021105,73.06292089968824,-56.616545779477185,4.442493884862249,0.1529874177088113,0.7185584835395531,0.569620253164557,0.7867673149210307,0.5361639812212544,0.6384887443070901,0.25662396997382575,68.63849038156638,26.093487515173873,0.3801582373114308,-0.36503616240964687,0.33654369335394413
19.label,False,True,True,absent_from_assignment_map,False,False,lcx_has_substantial_absolute_lateral_reach,False,lcx_has_substantial_absolute_lateral_reach,True,True,True,0.0,0.0,0.0,0.0,assignment:absent_from_assignment_map;anatomy:lcx_has_substantial_absolute_lateral_reach;scaffold_anatomy:lcx_has_substantial_absolute_lateral_reach,140.0590921189808,71.54255865002796,68.51653346895284,47.06680147314647,5.432971653714483,41.63382981943199,0.11543107846013745,0.3360495970740908,0.18226681145827273,0.810126582278481,0.8150264576728317,0.9031778673558956,0.4759417915327132,0.5529100623074537,66.65997522355303,39.556600560821614,0.5934085698076443,0.7198973232869033,0.9722290064165082
20.label,False,True,True,resolved_existing_assignment,True,False,lcx_is_not_apex_descending_branch;lcx_inferior_span_is_limited,False,lcx_is_not_apex_descending_branch;lcx_inferior_span_is_limited,True,True,True,0.0,0.0,0.0,0.0,anatomy:lcx_is_not_apex_descending_branch;anatomy:lcx_inferior_span_is_limited;scaffold_anatomy:lcx_is_not_apex_descending_branch;scaffold_anatomy:lcx_inferior_span_is_limited,182.97493763118484,143.6938239806401,39.28111365054474,88.10313459276836,73.29148816711074,14.811646425657614,0.8318828666639362,0.48150383726515744,0.5301531107961541,0.8481012658227848,0.6076702363342062,0.6952124455687257,0.1647848731047475,0.3231580137837132,30.151501878903883,46.435810750570155,1.5400828435368894,0.5238685122527845,0.9410373149744974
21.label,False,True,True,unresolved_manual_review,False,False,lcx_has_horizontal_crown_course;lcx_inferior_span_is_limited;lcx_has_substantial_absolute_lateral_reach,False,lcx_has_horizontal_crown_course;lcx_inferior_span_is_limited;lcx_has_substantial_absolute_lateral_reach,True,True,True,0.0,0.0,0.0,0.0,assignment:unresolved_manual_review;anatomy:lcx_has_horizontal_crown_course;anatomy:lcx_inferior_span_is_limited;anatomy:lcx_has_substantial_absolute_lateral_reach;scaffold_anatomy:lcx_has_horizontal_crown_course;scaffold_anatomy:lcx_inferior_span_is_limited;scaffold_anatomy:lcx_has_substantial_absolute_lateral_reach,123.14034237932113,69.52954394268224,53.61079843663889,80.76298342854406,46.3295425173754,34.43344091116866,0.5736482302980545,0.6558612869514526,0.666410771906625,0.9746835443037974,0.5858780269806791,0.5933758136055267,0.11566786886525357,0.2963159012238569,14.243380974353743,20.60270947505965,1.4464760517293154,0.8588840464200392,0.7964892324201807
22.label,False,True,True,unresolved_manual_review,False,False,lcx_is_more_lateral_than_lad,False,lcx_is_more_lateral_than_lad,True,True,True,0.0,0.0,0.0,0.0,assignment:unresolved_manual_review;anatomy:lcx_is_more_lateral_than_lad;scaffold_anatomy:lcx_is_more_lateral_than_lad,129.56206992350283,123.53967162576512,6.022398297737709,41.54069746518057,3.358189751492425,38.182507713688146,0.08084095733605005,0.3206239101436662,0.18796008934226013,0.7848101265822784,0.8450964392638048,0.8321730139381154,0.6221413465517915,0.6087053120352187,80.60592064424543,75.19925436568981,0.932924700377557,0.6300388046673422,0.9720183018346696
23.label,False,True,True,unresolved_manual_review,False,False,lad_is_dominant_descending_branch;lcx_is_not_apex_descending_branch;lcx_has_horizontal_crown_course;lcx_inferior_span_is_limited;lcx_is_more_lateral_than_lad;lcx_has_substantial_absolute_lateral_reach,False,lad_is_dominant_descending_branch;lcx_is_not_apex_descending_branch;lcx_has_horizontal_crown_course;lcx_inferior_span_is_limited;lcx_is_more_lateral_than_lad;lcx_has_substantial_absolute_lateral_reach,True,True,True,0.0,0.0,0.0,0.0,assignment:unresolved_manual_review;anatomy:lad_is_dominant_descending_branch;anatomy:lcx_is_not_apex_descending_branch;anatomy:lcx_has_horizontal_crown_course;anatomy:lcx_inferior_span_is_limited;anatomy:lcx_is_more_lateral_than_lad;anatomy:lcx_has_substantial_absolute_lateral_reach;scaffold_anatomy:lad_is_dominant_descending_branch;scaffold_anatomy:lcx_is_not_apex_descending_branch;scaffold_anatomy:lcx_has_horizontal_crown_course;scaffold_anatomy:lcx_inferior_span_is_limited;scaffold_anatomy:lcx_is_more_lateral_than_lad;scaffold_anatomy:lcx_has_substantial_absolute_lateral_reach,162.4122339697883,70.44340284110667,91.96883112868163,52.14933365499374,46.95184850514097,5.197485149852767,0.9003345817563468,0.32109239790824184,0.6665187457091809,0.7341772151898734,0.6088643532952435,0.5719912383881022,0.3560172082213082,0.2802216286823148,57.82155011890995,19.739765074059314,0.3413911428085984,0.9773998654805272,0.8756307322334981
24.label,False,True,False,unresolved_manual_review,False,True,,True,,True,True,True,0.0,0.0,0.0,0.0,assignment:unresolved_manual_review;ellipsoid:c_axis_above_3x_observed_lad_z_extent,109.54794559279424,71.67911192060521,37.86883367218903,48.97124215122454,21.40120279156842,27.570039359656118,0.4370157229314486,0.4470302193822769,0.33098244312352715,0.9367088607594937,0.7891260188747521,0.8697784081992175,0.6607959445024769,0.7459525171334457,72.38883817629642,53.46921396306543,0.7386389298422781,0.6462530824888912,0.912581215077697
25.label,False,True,False,unresolved_manual_review,False,False,lad_has_minimum_inferior_reach;lad_is_dominant_descending_branch;lcx_is_not_apex_descending_branch;lad_has_longitudinal_course;lad_descent_is_sustained;lcx_is_more_lateral_than_lad,False,lad_has_minimum_inferior_reach;lad_is_dominant_descending_branch;lcx_is_not_apex_descending_branch;lad_has_longitudinal_course;lad_descent_is_sustained;lcx_inferior_span_is_limited;lcx_is_more_lateral_than_lad,True,True,True,0.0,0.0,0.0,0.0,assignment:unresolved_manual_review;anatomy:lad_has_minimum_inferior_reach;anatomy:lad_is_dominant_descending_branch;anatomy:lcx_is_not_apex_descending_branch;anatomy:lad_has_longitudinal_course;anatomy:lad_descent_is_sustained;anatomy:lcx_is_more_lateral_than_lad;scaffold_anatomy:lad_has_minimum_inferior_reach;scaffold_anatomy:lad_is_dominant_descending_branch;scaffold_anatomy:lcx_is_not_apex_descending_branch;scaffold_anatomy:lad_has_longitudinal_course;scaffold_anatomy:lad_descent_is_sustained;scaffold_anatomy:lcx_inferior_span_is_limited;scaffold_anatomy:lcx_is_more_lateral_than_lad;ellipsoid:c_axis_above_3x_observed_lad_z_extent,93.41003237242037,102.98515582319425,-9.575123450773873,7.026313250748043,50.63631756830719,-43.610004317559145,7.20666952372445,0.07522011364619316,0.49168559452626387,0.620253164556962,0.944965884813976,0.75872127225859,0.7732986279159295,0.5899034504073829,72.23384986717524,60.751298760844264,0.8410364236788531,-0.24466368415660789,0.29376277727853534
26.label,False,True,False,unresolved_manual_review,False,False,lad_has_minimum_inferior_reach;lad_has_longitudinal_course;lad_descent_is_sustained,False,lad_has_minimum_inferior_reach;lad_has_longitudinal_course;lad_descent_is_sustained;lcx_is_more_lateral_than_lad,True,True,True,0.0,0.0,0.0,0.0,assignment:unresolved_manual_review;anatomy:lad_has_minimum_inferior_reach;anatomy:lad_has_longitudinal_course;anatomy:lad_descent_is_sustained;scaffold_anatomy:lad_has_minimum_inferior_reach;scaffold_anatomy:lad_has_longitudinal_course;scaffold_anatomy:lad_descent_is_sustained;scaffold_anatomy:lcx_is_more_lateral_than_lad;ellipsoid:underconstrained_crown_axis_ratio_gt_4;ellipsoid:underconstrained_crown_major_axis_gt_250mm,172.99043422300934,143.72374607262216,29.266688150387182,17.075159170227842,-5.907966276773317,22.983125447001157,-0.34599772792012484,0.09870579981443094,0.25638881557367565,0.5189873417721519,0.7964888365053552,0.766834537059865,0.5081139627256075,0.5542059250215222,87.89885504667683,79.65255163973593,0.9061841772277708,-0.8675592261587683,0.9370474009117558
27.label,False,True,False,unresolved_manual_review,False,False,lad_has_minimum_inferior_reach;lcx_has_substantial_absolute_lateral_reach,False,lad_has_minimum_inferior_reach;lcx_has_substantial_absolute_lateral_reach,True,True,True,0.0,0.0,0.0,0.0,assignment:unresolved_manual_review;anatomy:lad_has_minimum_inferior_reach;anatomy:lcx_has_substantial_absolute_lateral_reach;scaffold_anatomy:lad_has_minimum_inferior_reach;scaffold_anatomy:lcx_has_substantial_absolute_lateral_reach;ellipsoid:underconstrained_crown_axis_ratio_gt_4;ellipsoid:underconstrained_crown_major_axis_gt_250mm,73.35851535638542,37.625509074761595,35.73300628162383,23.497657315859847,-5.626137532851868,29.123794848711714,-0.23943397663964067,0.3203126072236482,0.15699248876084623,0.8860759493670886,0.8777133223036709,0.8984554189966537,0.6053155308038489,0.6362572495366144,44.405048661932746,23.939502916322738,0.53911669140553,0.6822997705557159,0.9968759546917989
28.label,False,True,True,unresolved_manual_review,False,False,lcx_has_substantial_absolute_lateral_reach,False,lcx_has_substantial_absolute_lateral_reach,True,True,True,0.0,0.0,0.0,0.0,assignment:unresolved_manual_review;anatomy:lcx_has_substantial_absolute_lateral_reach;scaffold_anatomy:lcx_has_substantial_absolute_lateral_reach,154.7681012695902,61.19861834204369,93.56948292754652,72.69479633202351,7.200954002388809,65.4938423296347,0.09905735163627721,0.4697014160908818,0.1556292797822524,0.9113924050632911,0.6796558064248313,0.9414310124764713,0.4774782237149879,0.7952581184230839,73.89839808194529,48.66869807278609,0.65858935154207,0.8903147040901183,0.9823152806428654
29.label,False,True,True,unresolved_manual_review,False,False,lad_is_dominant_descending_branch;lcx_is_not_apex_descending_branch;lcx_has_horizontal_crown_course;lcx_inferior_span_is_limited;lcx_is_more_lateral_than_lad;lcx_has_substantial_absolute_lateral_reach,False,lad_is_dominant_descending_branch;lcx_is_not_apex_descending_branch;lcx_has_horizontal_crown_course;lcx_inferior_span_is_limited;lcx_is_more_lateral_than_lad;lcx_has_substantial_absolute_lateral_reach,True,True,True,0.0,0.0,0.0,0.0,assignment:unresolved_manual_review;anatomy:lad_is_dominant_descending_branch;anatomy:lcx_is_not_apex_descending_branch;anatomy:lcx_has_horizontal_crown_course;anatomy:lcx_inferior_span_is_limited;anatomy:lcx_is_more_lateral_than_lad;anatomy:lcx_has_substantial_absolute_lateral_reach;scaffold_anatomy:lad_is_dominant_descending_branch;scaffold_anatomy:lcx_is_not_apex_descending_branch;scaffold_anatomy:lcx_has_horizontal_crown_course;scaffold_anatomy:lcx_inferior_span_is_limited;scaffold_anatomy:lcx_is_more_lateral_than_lad;scaffold_anatomy:lcx_has_substantial_absolute_lateral_reach,131.86974023016373,99.31228429793785,32.55745593222588,38.54383851501364,66.44294744660625,-27.899108931592615,1.7238279840946646,0.29228721045282813,0.66903050228184,0.7974683544303798,0.7760832320040657,0.5865012551643396,0.4035355711741101,0.11891048841319835,53.21413094436065,11.809272231298198,0.22191985515361842,0.3296317379468641,0.9597244250825664
30.label,False,True,True,absent_from_assignment_map,False,False,lcx_has_horizontal_crown_course;lcx_inferior_span_is_limited;lcx_has_substantial_absolute_lateral_reach,False,lcx_has_horizontal_crown_course;lcx_inferior_span_is_limited;lcx_has_substantial_absolute_lateral_reach,True,True,True,0.0,0.0,0.0,0.0,assignment:absent_from_assignment_map;anatomy:lcx_has_horizontal_crown_course;anatomy:lcx_inferior_span_is_limited;anatomy:lcx_has_substantial_absolute_lateral_reach;scaffold_anatomy:lcx_has_horizontal_crown_course;scaffold_anatomy:lcx_inferior_span_is_limited;scaffold_anatomy:lcx_has_substantial_absolute_lateral_reach,133.08804975908663,57.33778632766694,75.75026343141968,72.01812735040268,41.08552111047776,30.932606239924922,0.5704886064390015,0.5411314350219157,0.7165522728011728,0.8987341772151899,0.6304380633772811,0.5425480540553516,0.10472108673919814,0.3411562955892073,13.937125202772028,19.561146780832352,1.403528094656259,0.02976150341983627,0.9036966927704204
31.label,False,True,False,unresolved_manual_review,False,False,lad_is_dominant_descending_branch;lcx_is_not_apex_descending_branch;lcx_has_horizontal_crown_course;lcx_inferior_span_is_limited;lcx_is_more_lateral_than_lad;lcx_has_substantial_absolute_lateral_reach,False,lad_is_dominant_descending_branch;lcx_is_not_apex_descending_branch;lcx_has_horizontal_crown_course;lcx_inferior_span_is_limited;lcx_is_more_lateral_than_lad;lcx_has_substantial_absolute_lateral_reach,True,True,True,0.0,0.0,0.0,0.0,assignment:unresolved_manual_review;anatomy:lad_is_dominant_descending_branch;anatomy:lcx_is_not_apex_descending_branch;anatomy:lcx_has_horizontal_crown_course;anatomy:lcx_inferior_span_is_limited;anatomy:lcx_is_more_lateral_than_lad;anatomy:lcx_has_substantial_absolute_lateral_reach;scaffold_anatomy:lad_is_dominant_descending_branch;scaffold_anatomy:lcx_is_not_apex_descending_branch;scaffold_anatomy:lcx_has_horizontal_crown_course;scaffold_anatomy:lcx_inferior_span_is_limited;scaffold_anatomy:lcx_is_more_lateral_than_lad;scaffold_anatomy:lcx_has_substantial_absolute_lateral_reach;ellipsoid:c_axis_above_3x_observed_lad_z_extent,58.64512927734469,50.78061451740784,7.864514759936846,37.594129600793764,36.16301253416866,1.4311170666251058,0.9619324324882125,0.6410443640255871,0.712142081734198,0.9620253164556962,0.5776775648163363,0.5674346169192558,0.3271224200493751,0.28330069377666617,19.184136613313452,14.386183323187089,0.7498999623054879,0.20937143949359774,0.722144283512676
32.label,False,True,True,unresolved_manual_review,False,False,lad_is_dominant_descending_branch;lcx_is_not_apex_descending_branch;lad_descent_is_sustained;lcx_has_horizontal_crown_course;lcx_inferior_span_is_limited;lcx_is_more_lateral_than_lad;lcx_has_substantial_absolute_lateral_reach,False,lad_is_dominant_descending_branch;lcx_is_not_apex_descending_branch;lad_descent_is_sustained;lcx_has_horizontal_crown_course;lcx_inferior_span_is_limited;lcx_is_more_lateral_than_lad;lcx_has_substantial_absolute_lateral_reach,True,True,True,0.0,0.0,0.0,0.0,assignment:unresolved_manual_review;anatomy:lad_is_dominant_descending_branch;anatomy:lcx_is_not_apex_descending_branch;anatomy:lad_descent_is_sustained;anatomy:lcx_has_horizontal_crown_course;anatomy:lcx_inferior_span_is_limited;anatomy:lcx_is_more_lateral_than_lad;anatomy:lcx_has_substantial_absolute_lateral_reach;scaffold_anatomy:lad_is_dominant_descending_branch;scaffold_anatomy:lcx_is_not_apex_descending_branch;scaffold_anatomy:lad_descent_is_sustained;scaffold_anatomy:lcx_has_horizontal_crown_course;scaffold_anatomy:lcx_inferior_span_is_limited;scaffold_anatomy:lcx_is_more_lateral_than_lad;scaffold_anatomy:lcx_has_substantial_absolute_lateral_reach,179.52840884843187,81.62714478979711,97.90126405863475,50.82531303120679,41.81560004288363,9.009712988323159,0.8227317757434924,0.28310457023053337,0.5122756670047134,0.6835443037974683,0.6545971340353952,0.6386087843894062,0.32922036418552114,0.3472511124032124,59.10440814272788,28.34511683055513,0.47957703530515217,0.9317165634138449,0.9451793553294322
33.label,False,True,True,unresolved_manual_review,False,False,lad_has_minimum_inferior_reach;lad_is_dominant_descending_branch;lcx_is_not_apex_descending_branch;lcx_has_horizontal_crown_course;lcx_inferior_span_is_limited;lcx_is_more_lateral_than_lad;lcx_has_substantial_absolute_lateral_reach,False,lad_has_minimum_inferior_reach;lad_is_dominant_descending_branch;lcx_is_not_apex_descending_branch;lcx_has_horizontal_crown_course;lcx_inferior_span_is_limited;lcx_is_more_lateral_than_lad;lcx_has_substantial_absolute_lateral_reach,True,True,True,0.0,0.0,0.0,0.0,assignment:unresolved_manual_review;anatomy:lad_has_minimum_inferior_reach;anatomy:lad_is_dominant_descending_branch;anatomy:lcx_is_not_apex_descending_branch;anatomy:lcx_has_horizontal_crown_course;anatomy:lcx_inferior_span_is_limited;anatomy:lcx_is_more_lateral_than_lad;anatomy:lcx_has_substantial_absolute_lateral_reach;scaffold_anatomy:lad_has_minimum_inferior_reach;scaffold_anatomy:lad_is_dominant_descending_branch;scaffold_anatomy:lcx_is_not_apex_descending_branch;scaffold_anatomy:lcx_has_horizontal_crown_course;scaffold_anatomy:lcx_inferior_span_is_limited;scaffold_anatomy:lcx_is_more_lateral_than_lad;scaffold_anatomy:lcx_has_substantial_absolute_lateral_reach,28.546779485938526,67.65107082928613,-39.1042913433476,18.31317373597561,45.2725598911947,-26.959386155219093,2.4721307482743033,0.6415145268837156,0.6741877906335201,0.9873417721518988,0.6510969620760448,0.5769945477422803,0.44034068035778706,0.06881795078907067,12.570308300861889,4.6556080631577474,0.3703654637363615,0.6352166574819655,0.7674421480102047
34.label,False,True,False,unresolved_manual_review,False,False,lcx_has_horizontal_crown_course;lcx_inferior_span_is_limited;lcx_is_more_lateral_than_lad;lcx_has_substantial_absolute_lateral_reach,False,lcx_has_horizontal_crown_course;lcx_inferior_span_is_limited;lcx_is_more_lateral_than_lad;lcx_has_substantial_absolute_lateral_reach,True,True,True,0.0,0.0,0.0,0.0,assignment:unresolved_manual_review;anatomy:lcx_has_horizontal_crown_course;anatomy:lcx_inferior_span_is_limited;anatomy:lcx_is_more_lateral_than_lad;anatomy:lcx_has_substantial_absolute_lateral_reach;scaffold_anatomy:lcx_has_horizontal_crown_course;scaffold_anatomy:lcx_inferior_span_is_limited;scaffold_anatomy:lcx_is_more_lateral_than_lad;scaffold_anatomy:lcx_has_substantial_absolute_lateral_reach;ellipsoid:underconstrained_crown_axis_ratio_gt_4;ellipsoid:underconstrained_crown_major_axis_gt_250mm,52.41007259738486,28.33266683919911,24.07740575818575,31.432421894286712,18.13280557676991,13.2996163175168,0.5768822280941007,0.5997400945377648,0.6500774949326654,0.8860759493670886,0.5589660761065662,0.5358200550904343,0.26478640829668854,0.13904827502990616,13.877474881630237,3.93960845098766,0.2838851076720421,0.7268279708678262,0.8317333417604343
35.label,False,True,False,absent_from_assignment_map,False,False,lad_has_minimum_inferior_reach;lad_has_longitudinal_course;lad_descent_is_sustained;lcx_is_more_lateral_than_lad,False,lad_has_minimum_inferior_reach;lad_has_longitudinal_course;lad_descent_is_sustained;lcx_is_more_lateral_than_lad,True,True,True,0.0,0.0,0.0,0.0,assignment:absent_from_assignment_map;anatomy:lad_has_minimum_inferior_reach;anatomy:lad_has_longitudinal_course;anatomy:lad_descent_is_sustained;anatomy:lcx_is_more_lateral_than_lad;scaffold_anatomy:lad_has_minimum_inferior_reach;scaffold_anatomy:lad_has_longitudinal_course;scaffold_anatomy:lad_descent_is_sustained;scaffold_anatomy:lcx_is_more_lateral_than_lad;ellipsoid:c_axis_above_3x_observed_lad_z_extent;ellipsoid:underconstrained_crown_axis_ratio_gt_4;ellipsoid:underconstrained_crown_major_axis_gt_250mm,64.0005157192126,72.82887482264928,-8.828359103436682,1.3117544199464115,-17.725252251890947,19.037006671837357,-13.512630094751325,0.02049599765260376,0.2477468776158363,0.4810126582278481,0.8980927102737231,0.8595221874714444,0.7744878262278001,0.6883934528843124,49.567620296831116,50.134920608842904,1.0114449777619858,0.742995688670741,0.9933828564888162
36.label,False,True,True,unresolved_manual_review,False,False,lad_has_minimum_inferior_reach;lad_is_dominant_descending_branch;lcx_is_not_apex_descending_branch;lad_has_longitudinal_course;lad_descent_is_sustained;lcx_inferior_span_is_limited;lcx_has_substantial_absolute_lateral_reach,False,lad_has_minimum_inferior_reach;lad_is_dominant_descending_branch;lcx_is_not_apex_descending_branch;lad_has_longitudinal_course;lad_descent_is_sustained;lcx_inferior_span_is_limited;lcx_has_substantial_absolute_lateral_reach,True,True,True,0.0,0.0,0.0,0.0,assignment:unresolved_manual_review;anatomy:lad_has_minimum_inferior_reach;anatomy:lad_is_dominant_descending_branch;anatomy:lcx_is_not_apex_descending_branch;anatomy:lad_has_longitudinal_course;anatomy:lad_descent_is_sustained;anatomy:lcx_inferior_span_is_limited;anatomy:lcx_has_substantial_absolute_lateral_reach;scaffold_anatomy:lad_has_minimum_inferior_reach;scaffold_anatomy:lad_is_dominant_descending_branch;scaffold_anatomy:lcx_is_not_apex_descending_branch;scaffold_anatomy:lad_has_longitudinal_course;scaffold_anatomy:lad_descent_is_sustained;scaffold_anatomy:lcx_inferior_span_is_limited;scaffold_anatomy:lcx_has_substantial_absolute_lateral_reach,150.73151549553032,44.98487054098208,105.74664495454823,14.04244505190504,23.362357487713144,-9.319912435808105,1.6636958450867314,0.09316197084425548,0.5228714092082191,0.5189873417721519,0.7405136813560353,0.7293672554508134,0.3708184333093422,0.6161000113143705,55.89402442639539,27.715179249274552,0.495852276405174,-0.9390624484928903,0.999999884910331
37.label,True,True,True,resolved_existing_assignment,True,True,,True,,True,True,True,0.0,0.0,0.0,0.0,,154.24175729394148,117.2525551355044,36.98920215843708,82.11893116161399,25.78424167280557,56.334689488808415,0.31398657176943706,0.5324040169298536,0.29858621343443065,0.9367088607594937,0.6909929683375582,0.780224061144667,0.3939874245372625,0.5891351258721292,60.769312712341524,69.07759882858416,1.1367184479372154,0.8519355691674902,0.8334784623425645
38.label,False,True,False,absent_from_assignment_map,False,False,lad_is_dominant_descending_branch;lcx_is_not_apex_descending_branch;lcx_has_horizontal_crown_course;lcx_inferior_span_is_limited;lcx_is_more_lateral_than_lad;lcx_has_substantial_absolute_lateral_reach,False,lad_is_dominant_descending_branch;lcx_is_not_apex_descending_branch;lcx_has_horizontal_crown_course;lcx_inferior_span_is_limited;lcx_is_more_lateral_than_lad;lcx_has_substantial_absolute_lateral_reach,True,True,True,0.0,0.0,0.0,0.0,assignment:absent_from_assignment_map;anatomy:lad_is_dominant_descending_branch;anatomy:lcx_is_not_apex_descending_branch;anatomy:lcx_has_horizontal_crown_course;anatomy:lcx_inferior_span_is_limited;anatomy:lcx_is_more_lateral_than_lad;anatomy:lcx_has_substantial_absolute_lateral_reach;scaffold_anatomy:lad_is_dominant_descending_branch;scaffold_anatomy:lcx_is_not_apex_descending_branch;scaffold_anatomy:lcx_has_horizontal_crown_course;scaffold_anatomy:lcx_inferior_span_is_limited;scaffold_anatomy:lcx_is_more_lateral_than_lad;scaffold_anatomy:lcx_has_substantial_absolute_lateral_reach;ellipsoid:c_axis_above_3x_observed_lad_z_extent,52.5891589851281,106.18375267971521,-53.59459369458711,32.06380355876858,68.68968907370763,-36.62588551493904,2.1422813718219293,0.6097036761480829,0.6476710638387146,1.0,0.6892383445153986,0.6197753489082559,0.5103503613177981,0.2450781422173303,26.838896289459253,26.02331684040907,0.9696120347031374,0.5934024477798283,0.7433905972327034
39.label,False,True,False,absent_from_assignment_map,False,False,lad_has_minimum_inferior_reach;lad_is_dominant_descending_branch;lad_has_longitudinal_course;lad_descent_is_sustained,False,lad_has_minimum_inferior_reach;lad_is_dominant_descending_branch;lad_has_longitudinal_course;lad_descent_is_sustained,False,True,True,0.0,0.0,0.0,0.0,assignment:absent_from_assignment_map;anatomy:lad_has_minimum_inferior_reach;anatomy:lad_is_dominant_descending_branch;anatomy:lad_has_longitudinal_course;anatomy:lad_descent_is_sustained;scaffold_anatomy:lad_has_minimum_inferior_reach;scaffold_anatomy:lad_is_dominant_descending_branch;scaffold_anatomy:lad_has_longitudinal_course;scaffold_anatomy:lad_descent_is_sustained;ellipsoid:underconstrained_crown_major_axis_gt_250mm,280.5313615819791,93.87569031463373,186.65567126734538,5.175930058331845,-0.9643678364471726,6.140297894779017,-0.18631778744668345,0.01845045070591615,0.025877050170104266,0.4936708860759494,0.7790401018206933,0.9675130981315847,0.2905593131050025,0.7218164874095583,81.51099972567094,67.7610210360564,0.8313113722578458,0.5745874174974814,0.9727218657549642
40.label,False,True,True,absent_from_assignment_map,False,False,lad_has_minimum_inferior_reach;lad_has_longitudinal_course;lad_descent_is_sustained;lcx_is_more_lateral_than_lad,False,lad_has_minimum_inferior_reach;lad_has_longitudinal_course;lad_descent_is_sustained;lcx_has_horizontal_crown_course;lcx_inferior_span_is_limited;lcx_is_more_lateral_than_lad,True,True,True,0.0,0.0,0.0,0.0,assignment:absent_from_assignment_map;anatomy:lad_has_minimum_inferior_reach;anatomy:lad_has_longitudinal_course;anatomy:lad_descent_is_sustained;anatomy:lcx_is_more_lateral_than_lad;scaffold_anatomy:lad_has_minimum_inferior_reach;scaffold_anatomy:lad_has_longitudinal_course;scaffold_anatomy:lad_descent_is_sustained;scaffold_anatomy:lcx_has_horizontal_crown_course;scaffold_anatomy:lcx_inferior_span_is_limited;scaffold_anatomy:lcx_is_more_lateral_than_lad,116.4335149736192,134.26977105695153,-17.83625608333233,17.184427808101738,-67.00289649371487,84.1873243018166,-3.8990472794285194,0.14759004580421095,0.49901698622316926,0.6455696202531646,0.8284701788540131,0.6769460857344931,0.5338978311294952,0.41526455817326585,62.16360111519889,55.757477153990536,0.8969473478646001,0.3972227944859155,0.9939652611388924
41.label,False,True,False,absent_from_assignment_map,False,False,lad_has_minimum_inferior_reach;lad_is_dominant_descending_branch;lcx_is_not_apex_descending_branch;lad_has_longitudinal_course;lad_descent_is_sustained;lcx_inferior_span_is_limited;lcx_is_more_lateral_than_lad;lcx_has_substantial_absolute_lateral_reach,False,lad_has_minimum_inferior_reach;lad_is_dominant_descending_branch;lcx_is_not_apex_descending_branch;lad_has_longitudinal_course;lad_descent_is_sustained;lcx_inferior_span_is_limited;lcx_is_more_lateral_than_lad;lcx_has_substantial_absolute_lateral_reach,True,True,True,0.0,0.0,0.0,0.0,assignment:absent_from_assignment_map;anatomy:lad_has_minimum_inferior_reach;anatomy:lad_is_dominant_descending_branch;anatomy:lcx_is_not_apex_descending_branch;anatomy:lad_has_longitudinal_course;anatomy:lad_descent_is_sustained;anatomy:lcx_inferior_span_is_limited;anatomy:lcx_is_more_lateral_than_lad;anatomy:lcx_has_substantial_absolute_lateral_reach;scaffold_anatomy:lad_has_minimum_inferior_reach;scaffold_anatomy:lad_is_dominant_descending_branch;scaffold_anatomy:lcx_is_not_apex_descending_branch;scaffold_anatomy:lad_has_longitudinal_course;scaffold_anatomy:lad_descent_is_sustained;scaffold_anatomy:lcx_inferior_span_is_limited;scaffold_anatomy:lcx_is_more_lateral_than_lad;scaffold_anatomy:lcx_has_substantial_absolute_lateral_reach;ellipsoid:c_axis_above_3x_observed_lad_z_extent,14.443299286423093,17.78221052985383,-3.338911243430738,1.2634571489046467,9.789301267240884,-8.525844118336238,7.748027921427894,0.0874770455038839,0.5505109306183291,0.5316455696202531,0.8240445810112119,0.7375597844130348,0.6803480871028632,0.4562619356577297,9.8264710409721,8.113345796624372,0.8256622100442018,-0.842754160748826,0.9365789449677948
42.label,False,True,True,unresolved_manual_review,False,False,lad_has_longitudinal_course;lad_descent_is_sustained;lcx_has_substantial_absolute_lateral_reach,False,lad_descent_is_sustained;lcx_has_substantial_absolute_lateral_reach,True,True,True,0.0,0.0,0.0,0.0,assignment:unresolved_manual_review;anatomy:lad_has_longitudinal_course;anatomy:lad_descent_is_sustained;anatomy:lcx_has_substantial_absolute_lateral_reach;scaffold_anatomy:lad_descent_is_sustained;scaffold_anatomy:lcx_has_substantial_absolute_lateral_reach,175.04986006646652,65.91688362723876,109.13297643922776,39.74088694969128,2.775095029986782,36.9657919197045,0.069829720546998,0.22702609950445915,0.1013140228695944,0.6582278481012658,0.8666824375600001,0.8822659921477538,0.41913507080680384,0.6838622422663382,73.36953549367955,45.078067840532775,0.6143976179924984,0.6081678216393773,0.7227097164506625
43.label,False,True,True,unresolved_manual_review,False,False,lcx_is_not_apex_descending_branch;lcx_has_horizontal_crown_course;lcx_inferior_span_is_limited;lcx_has_substantial_absolute_lateral_reach,False,lcx_is_not_apex_descending_branch;lcx_has_horizontal_crown_course;lcx_inferior_span_is_limited;lcx_has_substantial_absolute_lateral_reach,True,True,True,0.0,0.0,0.0,0.0,assignment:unresolved_manual_review;anatomy:lcx_is_not_apex_descending_branch;anatomy:lcx_has_horizontal_crown_course;anatomy:lcx_inferior_span_is_limited;anatomy:lcx_has_substantial_absolute_lateral_reach;scaffold_anatomy:lcx_is_not_apex_descending_branch;scaffold_anatomy:lcx_has_horizontal_crown_course;scaffold_anatomy:lcx_inferior_span_is_limited;scaffold_anatomy:lcx_has_substantial_absolute_lateral_reach,264.14907051248247,76.89440114231212,187.25466937017035,66.3228996806798,50.2447746685713,16.078125012108494,0.7575780750009617,0.2510813290086731,0.6587611559268772,0.7215189873417721,0.7745975518649115,0.5679716297283408,0.102637277037771,0.31117988653205003,27.111541329459367,23.927991022414624,0.8825758274545055,-0.030878098057060707,0.9875539303459288
44.label,False,True,True,unresolved_manual_review,False,False,lcx_is_more_lateral_than_lad,True,,True,True,True,0.0,0.0,0.0,0.0,assignment:unresolved_manual_review;anatomy:lcx_is_more_lateral_than_lad,149.23042091074183,131.97315040577442,17.25727050496741,63.97496802393961,6.717781575824158,57.257186448115455,0.10500640771419135,0.4286992399639784,0.24549327739669774,0.8481012658227848,0.6667567044840762,0.7085205763206801,0.4834600789916304,0.5101826414506994,72.1469510814615,67.33041047458843,0.9332398592778414,0.8905263208323614,0.9999999999974004
45.label,False,True,True,unresolved_manual_review,False,False,lad_has_longitudinal_course;lad_descent_is_sustained,False,lad_descent_is_sustained,True,True,True,0.0,0.0,0.0,0.0,assignment:unresolved_manual_review;anatomy:lad_has_longitudinal_course;anatomy:lad_descent_is_sustained;scaffold_anatomy:lad_descent_is_sustained,309.84039222538354,96.91452784733474,212.9258643780488,66.84769785293614,20.345751399582277,46.50194645335386,0.30435979178135053,0.215748816262503,0.24283854037604027,0.6582278481012658,0.8188488949937908,0.8578426233730736,0.13963143540331327,0.6388317351037913,43.263458712355884,61.91207598147756,1.4310477669644959,-0.09883112809183854,0.9963545286083451
46.label,False,True,False,unresolved_manual_review,False,False,lad_is_dominant_descending_branch;lcx_is_not_apex_descending_branch;lcx_inferior_span_is_limited;lcx_is_more_lateral_than_lad;lcx_has_substantial_absolute_lateral_reach,False,lad_is_dominant_descending_branch;lcx_is_not_apex_descending_branch;lcx_inferior_span_is_limited;lcx_is_more_lateral_than_lad;lcx_has_substantial_absolute_lateral_reach,True,True,True,0.0,0.0,0.0,0.0,assignment:unresolved_manual_review;anatomy:lad_is_dominant_descending_branch;anatomy:lcx_is_not_apex_descending_branch;anatomy:lcx_inferior_span_is_limited;anatomy:lcx_is_more_lateral_than_lad;anatomy:lcx_has_substantial_absolute_lateral_reach;scaffold_anatomy:lad_is_dominant_descending_branch;scaffold_anatomy:lcx_is_not_apex_descending_branch;scaffold_anatomy:lcx_inferior_span_is_limited;scaffold_anatomy:lcx_is_more_lateral_than_lad;scaffold_anatomy:lcx_has_substantial_absolute_lateral_reach;ellipsoid:c_axis_above_3x_observed_lad_z_extent,62.460784771020556,45.32626691278775,17.134517858232805,31.92778464901643,24.59669785782322,7.331086791193211,0.7703853595924622,0.5111652818014178,0.5588328429302621,0.9620253164556962,0.7480398313769208,0.7069060630063012,0.5748304032380557,0.34909169679287017,35.90435809649115,15.823023425871604,0.4406992427868513,0.9537252880356476,0.9926304443695668
47.label,False,True,True,unresolved_manual_review,False,False,lcx_has_horizontal_crown_course;lcx_inferior_span_is_limited;lcx_has_substantial_absolute_lateral_reach,False,lcx_has_horizontal_crown_course;lcx_inferior_span_is_limited;lcx_has_substantial_absolute_lateral_reach,True,True,True,0.0,0.0,0.0,0.0,assignment:unresolved_manual_review;anatomy:lcx_has_horizontal_crown_course;anatomy:lcx_inferior_span_is_limited;anatomy:lcx_has_substantial_absolute_lateral_reach;scaffold_anatomy:lcx_has_horizontal_crown_course;scaffold_anatomy:lcx_inferior_span_is_limited;scaffold_anatomy:lcx_has_substantial_absolute_lateral_reach,181.51284527123104,68.67098384324487,112.84186142798617,77.53825773806655,40.339324064696115,37.19893367337043,0.520250586503596,0.42717779902685493,0.6060912615351922,0.8227848101265823,0.6988233123232216,0.6456057460870813,0.3818425181051683,0.5270263322036037,69.30932190680065,36.19141674371828,0.522172425700318,0.953117989567403,0.9592093826408403
48.label,False,True,True,unresolved_manual_review,False,False,lad_descent_is_sustained;lcx_is_more_lateral_than_lad,False,lcx_is_more_lateral_than_lad,True,True,True,0.0,0.0,0.0,0.0,assignment:unresolved_manual_review;anatomy:lad_descent_is_sustained;anatomy:lcx_is_more_lateral_than_lad;scaffold_anatomy:lcx_is_more_lateral_than_lad,169.4476373401236,158.32627929141347,11.121358048710135,43.326568080884606,14.620019414717268,28.706548666167336,0.33743774460565973,0.25569296073404313,0.257482916503016,0.6962025316455697,0.7252136950558185,0.7867817845709902,0.4112505034783447,0.42210654183424295,69.6854261693418,66.83055823318105,0.9590320660560623,0.7967286758128096,0.9487427892218434
49.label,True,True,True,resolved_existing_assignment,True,True,,True,,True,True,True,0.0,0.0,0.0,0.0,,172.48130182283742,118.37227770099256,54.10902412184487,61.07382661078579,36.29025317473143,24.783573436054354,0.5942030357128872,0.3540895503764066,0.3118464116764269,0.7721518987341772,0.728217477799043,0.744164474394545,0.44934678911491066,0.5396637744776924,77.50391915645179,63.88123017763923,0.8242322565480414,0.9155974809884206,0.9848570237741346
50.label,False,True,False,absent_from_assignment_map,False,False,lad_has_minimum_inferior_reach;lad_is_dominant_descending_branch;lcx_is_not_apex_descending_branch;lcx_inferior_span_is_limited;lcx_has_substantial_absolute_lateral_reach,False,lad_has_minimum_inferior_reach;lad_is_dominant_descending_branch;lcx_is_not_apex_descending_branch;lcx_inferior_span_is_limited;lcx_has_substantial_absolute_lateral_reach,True,True,True,0.0,0.0,0.0,0.0,assignment:absent_from_assignment_map;anatomy:lad_has_minimum_inferior_reach;anatomy:lad_is_dominant_descending_branch;anatomy:lcx_is_not_apex_descending_branch;anatomy:lcx_inferior_span_is_limited;anatomy:lcx_has_substantial_absolute_lateral_reach;scaffold_anatomy:lad_has_minimum_inferior_reach;scaffold_anatomy:lad_is_dominant_descending_branch;scaffold_anatomy:lcx_is_not_apex_descending_branch;scaffold_anatomy:lcx_inferior_span_is_limited;scaffold_anatomy:lcx_has_substantial_absolute_lateral_reach;ellipsoid:c_axis_above_3x_observed_lad_z_extent,34.53863287568874,38.74702578157758,-4.208392905888836,23.935005580765257,23.35280697934883,0.582198601416426,0.9756758526981797,0.6929922694656734,0.6026993429377491,1.0,0.5802910156358477,0.6587602773037412,0.382450083066891,0.4616218535690002,13.20930301232401,17.88647386157768,1.3540815775737725,0.22547529042665548,0.37944640430613014
51.label,False,True,True,absent_from_assignment_map,False,False,lcx_has_substantial_absolute_lateral_reach,False,lcx_has_substantial_absolute_lateral_reach,True,True,True,0.0,0.0,0.0,0.0,assignment:absent_from_assignment_map;anatomy:lcx_has_substantial_absolute_lateral_reach;scaffold_anatomy:lcx_has_substantial_absolute_lateral_reach,63.09238710812906,25.958319428549554,37.1340676795795,43.59934977862323,4.104110383870967,39.49523939475226,0.09413237593472584,0.691039787477081,0.16363229891889744,1.0,0.5757646492085526,0.9545027026815899,0.2972626537282449,0.8987648078234117,18.755010421812152,23.330423972619077,1.2439568652804214,0.615411147023206,0.997098557610162
52.label,False,True,True,absent_from_assignment_map,False,False,lad_is_dominant_descending_branch;lcx_is_not_apex_descending_branch,False,lad_is_dominant_descending_branch;lcx_is_not_apex_descending_branch,True,True,True,0.0,0.0,0.0,0.0,assignment:absent_from_assignment_map;anatomy:lad_is_dominant_descending_branch;anatomy:lcx_is_not_apex_descending_branch;scaffold_anatomy:lad_is_dominant_descending_branch;scaffold_anatomy:lcx_is_not_apex_descending_branch,177.30042726485118,137.1123061992825,40.18812106556868,48.531933708445415,45.22692552550833,3.3050081829370868,0.9319003400360708,0.2737271108543267,0.39707500310284816,0.7468354430379747,0.6674601181978339,0.7299214540802458,0.48627743598959816,0.5504405279759633,86.21719717021207,75.472170216335,0.8753725787134558,0.8861698953076643,0.9995500461241724
53.label,False,True,True,unresolved_manual_review,False,True,,True,,True,True,True,0.0,0.0,0.0,0.0,assignment:unresolved_manual_review,146.484270021386,96.41304475794311,50.0712252634429,66.05873908402793,6.06616913656109,59.99256994746685,0.09182992622436845,0.4509613153301967,0.07047106774439421,0.8354430379746836,0.6804016018407856,0.9322122554410107,0.4546417584608208,0.6723282101610152,66.59786610937263,64.82120981828174,0.973322624358968,0.993227413666341,0.957824542194774
54.label,False,True,True,absent_from_assignment_map,False,True,,True,,True,True,True,0.0,0.0,0.0,0.0,assignment:absent_from_assignment_map,114.35361818251455,134.6391353458974,-20.285517163382835,54.74095488629822,22.8639226790848,31.877032207213418,0.41767489673088787,0.4786989319299779,0.3088731750176765,0.9367088607594937,0.7409465714686443,0.7528732475763862,0.5670044467491561,0.6031981857412329,64.8390100113409,81.2140821704136,1.2525496943307517,0.9268819702817586,0.9593357721968515
55.label,False,True,True,unresolved_manual_review,False,False,lcx_has_substantial_absolute_lateral_reach,False,lcx_has_substantial_absolute_lateral_reach,True,True,True,0.0,0.0,0.0,0.0,assignment:unresolved_manual_review;anatomy:lcx_has_substantial_absolute_lateral_reach;scaffold_anatomy:lcx_has_substantial_absolute_lateral_reach,183.75574945363158,53.33726760856478,130.4184818450668,68.02983193892436,4.007182407053825,64.02264953187054,0.0589033118684077,0.37021879392182405,0.1115434954872401,0.810126582278481,0.7780303942717535,0.9127608949601249,0.3408810200977161,0.7505855088038458,62.63884732257427,40.03418014618148,0.6391270251193407,0.81800447481845,0.8423874961188905
56.label,False,True,True,unresolved_manual_review,False,True,,True,,True,True,True,0.0,0.0,0.0,0.0,assignment:unresolved_manual_review,179.68439935201792,76.16205861550554,103.52234073651238,65.01209820406633,27.761097093975685,37.25100111009065,0.4270143228855103,0.36181270293088597,0.37904804623178817,0.759493670886076,0.6474076987665082,0.816989320510873,0.3003061948189126,0.6064923972241104,53.96033823772638,46.19170950724117,0.8560307628862531,0.7921918962110074,0.9928979414340319
57.label,False,True,True,unresolved_manual_review,False,False,lad_has_minimum_inferior_reach;lad_is_dominant_descending_branch;lcx_is_not_apex_descending_branch;lad_has_longitudinal_course;lad_descent_is_sustained;lcx_has_substantial_absolute_lateral_reach,False,lad_has_minimum_inferior_reach;lad_is_dominant_descending_branch;lcx_is_not_apex_descending_branch;lad_has_longitudinal_course;lad_descent_is_sustained;lcx_has_substantial_absolute_lateral_reach,True,True,True,0.0,0.0,0.0,0.0,assignment:unresolved_manual_review;anatomy:lad_has_minimum_inferior_reach;anatomy:lad_is_dominant_descending_branch;anatomy:lcx_is_not_apex_descending_branch;anatomy:lad_has_longitudinal_course;anatomy:lad_descent_is_sustained;anatomy:lcx_has_substantial_absolute_lateral_reach;scaffold_anatomy:lad_has_minimum_inferior_reach;scaffold_anatomy:lad_is_dominant_descending_branch;scaffold_anatomy:lcx_is_not_apex_descending_branch;scaffold_anatomy:lad_has_longitudinal_course;scaffold_anatomy:lad_descent_is_sustained;scaffold_anatomy:lcx_has_substantial_absolute_lateral_reach,189.95252815139742,48.15836035173579,141.79416779966164,5.097760686938715,7.065878906978638,-1.9681182200399228,1.3860750515579436,0.026837024684797345,0.21785101186820569,0.45569620253164556,0.7746896845847833,0.7962531592447226,0.520483308464447,0.5743782005510506,98.86712030342534,27.66111236031906,0.27978070237533476,0.9629321398865349,0.8694870128265793
58.label,False,True,True,unresolved_manual_review,False,True,,True,,True,True,True,0.0,0.0,0.0,0.0,assignment:unresolved_manual_review,156.35323733557524,74.38954288638277,81.96369444919247,54.641456532723794,24.4300175586084,30.211438974115392,0.44709674867429094,0.3494744174400996,0.32840660946016365,0.7468354430379747,0.6379022478293017,0.7956644860054779,0.4217749627563066,0.6220198734761907,65.94588085404021,46.27177405413947,0.7016628401181574,0.8745240566975634,0.9809926381264256
59.label,False,True,True,absent_from_assignment_map,False,False,lcx_is_not_apex_descending_branch;lcx_has_horizontal_crown_course;lcx_inferior_span_is_limited;lcx_is_more_lateral_than_lad;lcx_has_substantial_absolute_lateral_reach,False,lcx_is_not_apex_descending_branch;lcx_has_horizontal_crown_course;lcx_inferior_span_is_limited;lcx_is_more_lateral_than_lad;lcx_has_substantial_absolute_lateral_reach,True,True,True,0.0,0.0,0.0,0.0,assignment:absent_from_assignment_map;anatomy:lcx_is_not_apex_descending_branch;anatomy:lcx_has_horizontal_crown_course;anatomy:lcx_inferior_span_is_limited;anatomy:lcx_is_more_lateral_than_lad;anatomy:lcx_has_substantial_absolute_lateral_reach;scaffold_anatomy:lcx_is_not_apex_descending_branch;scaffold_anatomy:lcx_has_horizontal_crown_course;scaffold_anatomy:lcx_inferior_span_is_limited;scaffold_anatomy:lcx_is_more_lateral_than_lad;scaffold_anatomy:lcx_has_substantial_absolute_lateral_reach,120.45800316167174,100.9165389720962,19.541464189575535,79.3671951584581,66.00128925595011,13.36590590250799,0.8315940751613723,0.6588785558061764,0.6559954839787174,0.9620253164556962,0.5871673876276062,0.5701847365225649,0.2504840932926407,0.16033443387025811,30.172813701793395,16.180396144236884,0.5362574503045158,0.6245925370952915,0.9268862247093759
60.label,False,True,False,absent_from_assignment_map,False,False,lad_is_dominant_descending_branch;lcx_is_not_apex_descending_branch;lcx_inferior_span_is_limited;lcx_is_more_lateral_than_lad;lcx_has_substantial_absolute_lateral_reach,False,lad_is_dominant_descending_branch;lcx_is_not_apex_descending_branch;lcx_has_horizontal_crown_course;lcx_inferior_span_is_limited;lcx_is_more_lateral_than_lad;lcx_has_substantial_absolute_lateral_reach,True,True,True,0.0,0.0,0.0,0.0,assignment:absent_from_assignment_map;anatomy:lad_is_dominant_descending_branch;anatomy:lcx_is_not_apex_descending_branch;anatomy:lcx_inferior_span_is_limited;anatomy:lcx_is_more_lateral_than_lad;anatomy:lcx_has_substantial_absolute_lateral_reach;scaffold_anatomy:lad_is_dominant_descending_branch;scaffold_anatomy:lcx_is_not_apex_descending_branch;scaffold_anatomy:lcx_has_horizontal_crown_course;scaffold_anatomy:lcx_inferior_span_is_limited;scaffold_anatomy:lcx_is_more_lateral_than_lad;scaffold_anatomy:lcx_has_substantial_absolute_lateral_reach;ellipsoid:c_axis_above_3x_observed_lad_z_extent,81.25294474063844,65.86188542847381,15.391059312164629,28.69790236249861,39.25651330958708,-10.558610947088468,1.3679227427049192,0.35319215142421084,0.5960429625450028,0.8734177215189873,0.8302322293620583,0.6606490137091401,0.6850551025458897,0.26380681887580804,55.66274439145358,17.374814480048613,0.3121444095148915,0.59180423531566,0.6429567341978977
61.label,False,True,True,absent_from_assignment_map,False,True,,True,,True,True,True,0.0,0.0,0.0,0.0,assignment:absent_from_assignment_map,132.24404575537864,118.40794265911168,13.836103096266953,76.96954005269018,27.979482873941905,48.99005717874827,0.363513707562606,0.5820265072279042,0.3004930219869898,1.0,0.6468571421350947,0.7953248377091501,0.41821006789544846,0.540521127569485,55.305791354125695,64.00199467928597,1.1572385660206552,0.9073177131542387,0.9274833970505825
62.label,False,True,True,unresolved_manual_review,False,False,lcx_has_horizontal_crown_course;lcx_inferior_span_is_limited;lcx_has_substantial_absolute_lateral_reach,False,lcx_has_horizontal_crown_course;lcx_inferior_span_is_limited;lcx_has_substantial_absolute_lateral_reach,True,True,True,0.0,0.0,0.0,0.0,assignment:unresolved_manual_review;anatomy:lcx_has_horizontal_crown_course;anatomy:lcx_inferior_span_is_limited;anatomy:lcx_has_substantial_absolute_lateral_reach;scaffold_anatomy:lcx_has_horizontal_crown_course;scaffold_anatomy:lcx_inferior_span_is_limited;scaffold_anatomy:lcx_has_substantial_absolute_lateral_reach,134.12671812194654,44.19366919199028,89.93304892995626,73.13711916645521,33.63635237108781,39.5007667953674,0.4599080843550006,0.5452837450325128,0.7611124621710321,0.8987341772151899,0.628160464345542,0.5553019528974247,0.31888134416305586,0.4302784343839981,42.770508162905614,19.01558278961391,0.44459567132536226,-0.2955667724122899,0.5356261220430084
63.label,False,True,True,unresolved_manual_review,False,True,,True,,True,True,True,0.0,0.0,0.0,0.0,assignment:unresolved_manual_review,138.6457555621413,97.38974307758372,41.25601248455757,57.70076658255373,14.105587019844645,43.59517956270909,0.24446099861885676,0.41617405703193083,0.17351501569895733,0.8481012658227848,0.6884288749460175,0.8660273643787882,0.5443562023515486,0.6662562889968558,75.47267696996833,64.88652880922815,0.8597353560818763,0.9766693957467358,0.912121358436706
64.label,False,True,True,unresolved_manual_review,False,False,lcx_has_horizontal_crown_course;lcx_inferior_span_is_limited;lcx_has_substantial_absolute_lateral_reach,False,lcx_has_horizontal_crown_course;lcx_inferior_span_is_limited;lcx_has_substantial_absolute_lateral_reach,True,True,True,0.0,0.0,0.0,0.0,assignment:unresolved_manual_review;anatomy:lcx_has_horizontal_crown_course;anatomy:lcx_inferior_span_is_limited;anatomy:lcx_has_substantial_absolute_lateral_reach;scaffold_anatomy:lcx_has_horizontal_crown_course;scaffold_anatomy:lcx_inferior_span_is_limited;scaffold_anatomy:lcx_has_substantial_absolute_lateral_reach,95.44427302318223,33.54577540328364,61.89849761989859,57.185537856477936,22.945133907564852,34.240403948913084,0.40124015210194697,0.5991510652775183,0.6839947394782491,0.9367088607594937,0.5943477607898182,0.5891808901996362,0.22963742779586133,0.37038331070442815,21.917577354889485,12.424795354015368,0.5668872591542871,0.718931062393258,0.7337977997652636
66.label,False,True,False,unresolved_manual_review,False,False,lcx_is_more_lateral_than_lad;lcx_has_substantial_absolute_lateral_reach,False,lcx_inferior_span_is_limited;lcx_has_substantial_absolute_lateral_reach,True,True,True,0.0,0.0,0.0,0.0,assignment:unresolved_manual_review;anatomy:lcx_is_more_lateral_than_lad;anatomy:lcx_has_substantial_absolute_lateral_reach;scaffold_anatomy:lcx_inferior_span_is_limited;scaffold_anatomy:lcx_has_substantial_absolute_lateral_reach;ellipsoid:c_axis_above_3x_observed_lad_z_extent,95.51747645950093,53.63996851118715,41.87750794831378,40.57516205146436,25.764338793059792,14.810823258404568,0.6349780873427209,0.42479306986997384,0.4803197971245338,0.810126582278481,0.6999028845207068,0.7358685278400342,0.456133144508547,0.48053573036080555,43.56868689299327,25.77592144505393,0.5916157516603793,-0.4015825463809435,0.8361828709772577
67.label,False,True,True,unresolved_manual_review,False,False,lcx_is_not_apex_descending_branch;lcx_inferior_span_is_limited;lcx_has_substantial_absolute_lateral_reach,False,lcx_is_not_apex_descending_branch;lcx_has_horizontal_crown_course;lcx_inferior_span_is_limited;lcx_has_substantial_absolute_lateral_reach,True,True,True,0.0,0.0,0.0,0.0,assignment:unresolved_manual_review;anatomy:lcx_is_not_apex_descending_branch;anatomy:lcx_inferior_span_is_limited;anatomy:lcx_has_substantial_absolute_lateral_reach;scaffold_anatomy:lcx_is_not_apex_descending_branch;scaffold_anatomy:lcx_has_horizontal_crown_course;scaffold_anatomy:lcx_inferior_span_is_limited;scaffold_anatomy:lcx_has_substantial_absolute_lateral_reach,114.13814871292047,89.7840344990214,24.354114213899066,76.04541436731351,52.264146771241656,23.781267596071856,0.6872754551483683,0.6662576467626301,0.5821095817632399,1.0,0.5784394985332845,0.6541876033883827,0.2599043651050778,0.4195628537327588,29.66500307550055,37.670045734049886,1.2698480306297513,0.9311720621351577,0.9797151477054923
68.label,False,True,True,unresolved_manual_review,False,False,lad_has_minimum_inferior_reach;lad_is_dominant_descending_branch;lcx_is_not_apex_descending_branch;lad_has_longitudinal_course;lcx_has_horizontal_crown_course;lcx_inferior_span_is_limited;lcx_is_more_lateral_than_lad;lcx_has_substantial_absolute_lateral_reach,False,lad_has_minimum_inferior_reach;lad_is_dominant_descending_branch;lcx_is_not_apex_descending_branch;lcx_has_horizontal_crown_course;lcx_inferior_span_is_limited;lcx_is_more_lateral_than_lad;lcx_has_substantial_absolute_lateral_reach,True,True,True,0.0,0.0,0.0,0.0,assignment:unresolved_manual_review;anatomy:lad_has_minimum_inferior_reach;anatomy:lad_is_dominant_descending_branch;anatomy:lcx_is_not_apex_descending_branch;anatomy:lad_has_longitudinal_course;anatomy:lcx_has_horizontal_crown_course;anatomy:lcx_inferior_span_is_limited;anatomy:lcx_is_more_lateral_than_lad;anatomy:lcx_has_substantial_absolute_lateral_reach;scaffold_anatomy:lad_has_minimum_inferior_reach;scaffold_anatomy:lad_is_dominant_descending_branch;scaffold_anatomy:lcx_is_not_apex_descending_branch;scaffold_anatomy:lcx_has_horizontal_crown_course;scaffold_anatomy:lcx_inferior_span_is_limited;scaffold_anatomy:lcx_is_more_lateral_than_lad;scaffold_anatomy:lcx_has_substantial_absolute_lateral_reach,52.29509264603216,37.715435534650595,14.579657111381565,12.662208503432597,26.813011152671084,-14.150802649238488,2.117561967598492,0.24212995642131882,0.7109293787164929,0.8354430379746836,0.9415112080293203,0.5602419991274783,0.7963287286513556,0.0322273652985916,41.64408464151965,1.215469118370667,0.02918707732043244,0.0830811179706574,0.658940480515605
69.label,False,True,False,unresolved_manual_review,False,False,lad_is_dominant_descending_branch;lcx_is_not_apex_descending_branch;lcx_is_more_lateral_than_lad;lcx_has_substantial_absolute_lateral_reach,False,lad_is_dominant_descending_branch;lcx_is_not_apex_descending_branch;lcx_inferior_span_is_limited;lcx_is_more_lateral_than_lad;lcx_has_substantial_absolute_lateral_reach,True,True,True,0.0,0.0,0.0,0.0,assignment:unresolved_manual_review;anatomy:lad_is_dominant_descending_branch;anatomy:lcx_is_not_apex_descending_branch;anatomy:lcx_is_more_lateral_than_lad;anatomy:lcx_has_substantial_absolute_lateral_reach;scaffold_anatomy:lad_is_dominant_descending_branch;scaffold_anatomy:lcx_is_not_apex_descending_branch;scaffold_anatomy:lcx_inferior_span_is_limited;scaffold_anatomy:lcx_is_more_lateral_than_lad;scaffold_anatomy:lcx_has_substantial_absolute_lateral_reach;ellipsoid:c_axis_above_3x_observed_lad_z_extent,89.53158987632112,63.073401673308354,26.458188203012767,36.30523316844404,28.91512279285429,7.3901103755897495,0.7964450375156075,0.40550193756858405,0.45843607647200524,0.810126582278481,0.7015690135706458,0.7756920159737687,0.5874539311464014,0.5968899717508552,52.5956844346322,37.647880943011366,0.7157979090433075,-0.5523574420330554,0.808697545274005
70.label,False,True,True,unresolved_manual_review,False,False,lcx_is_not_apex_descending_branch;lcx_has_horizontal_crown_course;lcx_inferior_span_is_limited;lcx_is_more_lateral_than_lad;lcx_has_substantial_absolute_lateral_reach,False,lcx_is_not_apex_descending_branch;lcx_has_horizontal_crown_course;lcx_inferior_span_is_limited;lcx_is_more_lateral_than_lad;lcx_has_substantial_absolute_lateral_reach,True,True,True,0.0,0.0,0.0,0.0,assignment:unresolved_manual_review;anatomy:lcx_is_not_apex_descending_branch;anatomy:lcx_has_horizontal_crown_course;anatomy:lcx_inferior_span_is_limited;anatomy:lcx_is_more_lateral_than_lad;anatomy:lcx_has_substantial_absolute_lateral_reach;scaffold_anatomy:lcx_is_not_apex_descending_branch;scaffold_anatomy:lcx_has_horizontal_crown_course;scaffold_anatomy:lcx_inferior_span_is_limited;scaffold_anatomy:lcx_is_more_lateral_than_lad;scaffold_anatomy:lcx_has_substantial_absolute_lateral_reach,211.67112548735565,98.26727926494104,113.40384622241461,86.75266477941564,66.58477022827275,20.167894551142894,0.7675242068653059,0.4098464756573417,0.6789919740509526,0.8987341772151899,0.7623748280154816,0.5513399429248039,0.1636386414224047,0.11249828053966118,34.63757540310222,11.054899950616567,0.319159173872963,0.18945989749510989,0.8902739902281898
71.label,False,True,False,absent_from_assignment_map,False,False,lad_has_minimum_inferior_reach;lad_is_dominant_descending_branch;lcx_is_not_apex_descending_branch;lad_has_longitudinal_course;lcx_inferior_span_is_limited;lcx_is_more_lateral_than_lad;lcx_has_substantial_absolute_lateral_reach,False,lad_has_minimum_inferior_reach;lad_is_dominant_descending_branch;lcx_is_not_apex_descending_branch;lad_descent_is_sustained;lcx_has_horizontal_crown_course;lcx_inferior_span_is_limited;lcx_is_more_lateral_than_lad;lcx_has_substantial_absolute_lateral_reach,True,True,True,0.0,0.0,0.0,0.0,assignment:absent_from_assignment_map;anatomy:lad_has_minimum_inferior_reach;anatomy:lad_is_dominant_descending_branch;anatomy:lcx_is_not_apex_descending_branch;anatomy:lad_has_longitudinal_course;anatomy:lcx_inferior_span_is_limited;anatomy:lcx_is_more_lateral_than_lad;anatomy:lcx_has_substantial_absolute_lateral_reach;scaffold_anatomy:lad_has_minimum_inferior_reach;scaffold_anatomy:lad_is_dominant_descending_branch;scaffold_anatomy:lcx_is_not_apex_descending_branch;scaffold_anatomy:lad_descent_is_sustained;scaffold_anatomy:lcx_has_horizontal_crown_course;scaffold_anatomy:lcx_inferior_span_is_limited;scaffold_anatomy:lcx_is_more_lateral_than_lad;scaffold_anatomy:lcx_has_substantial_absolute_lateral_reach;ellipsoid:c_axis_above_3x_observed_lad_z_extent,52.567976706347366,80.22202180235003,-27.654045096002662,11.727181058703291,42.11128037151611,-30.38409931281282,3.590912441849216,0.22308602676897935,0.5249341692642618,0.759493670886076,0.8864991149748517,0.6838821179456481,0.7214474845020423,0.2982844706721498,37.92503456015626,23.928983309563638,0.630954818817838,-0.12463346107084784,0.9691327464311412
72.label,False,True,True,unresolved_manual_review,False,False,lcx_has_substantial_absolute_lateral_reach,False,lcx_inferior_span_is_limited;lcx_has_substantial_absolute_lateral_reach,True,True,True,0.0,0.0,0.0,0.0,assignment:unresolved_manual_review;anatomy:lcx_has_substantial_absolute_lateral_reach;scaffold_anatomy:lcx_inferior_span_is_limited;scaffold_anatomy:lcx_has_substantial_absolute_lateral_reach,93.18410361069127,56.27370782203784,36.910395788653425,64.79967279662019,26.169932191770613,38.62974060484957,0.4038590175278722,0.6953940670754657,0.4867021841649979,0.9873417721518988,0.5376898114992149,0.7235619368602958,0.4012802546341467,0.5893601865424473,37.3929408247529,33.1654829394314,0.886945027802599,0.9891719205210223,0.9340860395338314
73.label,False,True,False,unresolved_manual_review,False,False,lad_is_dominant_descending_branch;lcx_is_not_apex_descending_branch;lcx_has_horizontal_crown_course;lcx_inferior_span_is_limited;lcx_is_more_lateral_than_lad;lcx_has_substantial_absolute_lateral_reach,False,lad_is_dominant_descending_branch;lcx_is_not_apex_descending_branch;lcx_has_horizontal_crown_course;lcx_inferior_span_is_limited;lcx_is_more_lateral_than_lad;lcx_has_substantial_absolute_lateral_reach,True,True,True,0.0,0.0,0.0,0.0,assignment:unresolved_manual_review;anatomy:lad_is_dominant_descending_branch;anatomy:lcx_is_not_apex_descending_branch;anatomy:lcx_has_horizontal_crown_course;anatomy:lcx_inferior_span_is_limited;anatomy:lcx_is_more_lateral_than_lad;anatomy:lcx_has_substantial_absolute_lateral_reach;scaffold_anatomy:lad_is_dominant_descending_branch;scaffold_anatomy:lcx_is_not_apex_descending_branch;scaffold_anatomy:lcx_has_horizontal_crown_course;scaffold_anatomy:lcx_inferior_span_is_limited;scaffold_anatomy:lcx_is_more_lateral_than_lad;scaffold_anatomy:lcx_has_substantial_absolute_lateral_reach;ellipsoid:c_axis_above_3x_observed_lad_z_extent,52.67645509307847,105.23113717359594,-52.55468208051747,25.289181331528397,60.085387465917016,-34.79620613438862,2.3759324858415907,0.4800851022879731,0.5722637417357441,0.9493670886075949,0.7631655101467717,0.6268993371133756,0.5926740843604369,0.2755339815039184,31.219969789643955,28.99475420362588,0.9287246079669108,0.5960253141726942,0.5914943625898151
74.label,False,True,True,absent_from_assignment_map,False,False,lad_has_minimum_inferior_reach;lad_is_dominant_descending_branch;lcx_is_not_apex_descending_branch;lad_has_longitudinal_course;lad_descent_is_sustained,False,lad_has_minimum_inferior_reach;lad_is_dominant_descending_branch;lcx_is_not_apex_descending_branch;lad_has_longitudinal_course;lad_descent_is_sustained,True,True,True,0.0,0.0,0.0,0.0,assignment:absent_from_assignment_map;anatomy:lad_has_minimum_inferior_reach;anatomy:lad_is_dominant_descending_branch;anatomy:lcx_is_not_apex_descending_branch;anatomy:lad_has_longitudinal_course;anatomy:lad_descent_is_sustained;scaffold_anatomy:lad_has_minimum_inferior_reach;scaffold_anatomy:lad_is_dominant_descending_branch;scaffold_anatomy:lcx_is_not_apex_descending_branch;scaffold_anatomy:lad_has_longitudinal_course;scaffold_anatomy:lad_descent_is_sustained,113.41984714376025,156.25544684473388,-42.83559970097363,11.652977309774634,15.18965566218193,-3.5366783524072964,1.3034999775929106,0.10274195921816422,0.1708983861009299,0.6075949367088608,0.926198779791009,0.8799465844617907,0.5246803751265378,0.6063174375828743,59.5091679461827,94.74040213926607,1.592030361186445,-0.44962241668190345,0.7431076523102133
76.label,False,True,True,unresolved_manual_review,False,True,,True,,True,True,True,0.0,0.0,0.0,0.0,assignment:unresolved_manual_review,213.05532064092745,145.00907260168412,68.04624803924332,61.48657208766469,18.72623976755252,42.76033232011217,0.3045582007865639,0.2885943984064637,0.1689412117147893,0.7088607594936709,0.6388165279591207,0.9182620184976038,0.392147298032968,0.5781364808988637,83.54906832088733,83.8350349323455,1.0034227384841665,0.9581438642917471,0.9895857769750926
77.label,False,True,True,unresolved_manual_review,False,False,lad_has_minimum_inferior_reach;lad_has_longitudinal_course;lad_descent_is_sustained;lcx_is_more_lateral_than_lad,False,lad_has_minimum_inferior_reach;lad_has_longitudinal_course;lcx_is_more_lateral_than_lad,True,True,True,0.0,0.0,0.0,0.0,assignment:unresolved_manual_review;anatomy:lad_has_minimum_inferior_reach;anatomy:lad_has_longitudinal_course;anatomy:lad_descent_is_sustained;anatomy:lcx_is_more_lateral_than_lad;scaffold_anatomy:lad_has_minimum_inferior_reach;scaffold_anatomy:lad_has_longitudinal_course;scaffold_anatomy:lcx_is_more_lateral_than_lad,168.2516015513227,127.13572314934915,41.115878401973546,20.23289506814136,3.029506151097735,17.203388917043625,0.14973171861440548,0.1202538037176996,0.2670800049485815,0.6329113924050633,0.7845185795538041,0.7516694750101532,0.5762675377736346,0.5805428701933124,96.95793615245137,73.8077376212255,0.7612346193629188,0.7685877765066413,0.7803827617064667
78.label,False,True,False,absent_from_assignment_map,False,False,lad_has_minimum_inferior_reach;lad_is_dominant_descending_branch;lcx_is_not_apex_descending_branch;lcx_has_horizontal_crown_course;lcx_inferior_span_is_limited;lcx_is_more_lateral_than_lad;lcx_has_substantial_absolute_lateral_reach,False,lad_has_minimum_inferior_reach;lad_is_dominant_descending_branch;lcx_is_not_apex_descending_branch;lcx_has_horizontal_crown_course;lcx_inferior_span_is_limited;lcx_is_more_lateral_than_lad;lcx_has_substantial_absolute_lateral_reach,True,True,True,0.0,0.0,0.0,0.0,assignment:absent_from_assignment_map;anatomy:lad_has_minimum_inferior_reach;anatomy:lad_is_dominant_descending_branch;anatomy:lcx_is_not_apex_descending_branch;anatomy:lcx_has_horizontal_crown_course;anatomy:lcx_inferior_span_is_limited;anatomy:lcx_is_more_lateral_than_lad;anatomy:lcx_has_substantial_absolute_lateral_reach;scaffold_anatomy:lad_has_minimum_inferior_reach;scaffold_anatomy:lad_is_dominant_descending_branch;scaffold_anatomy:lcx_is_not_apex_descending_branch;scaffold_anatomy:lcx_has_horizontal_crown_course;scaffold_anatomy:lcx_inferior_span_is_limited;scaffold_anatomy:lcx_is_more_lateral_than_lad;scaffold_anatomy:lcx_has_substantial_absolute_lateral_reach;ellipsoid:c_axis_above_3x_observed_lad_z_extent,36.595185869303315,54.37977426555477,-17.784588396251458,22.634489058288125,39.92212398634519,-17.287634928057066,1.7637740301333116,0.6185100176598456,0.734135522361531,1.0,0.6533580483366402,0.5780613534190485,0.4519197954161156,0.3749827118519237,16.53808891127028,20.391475223993183,1.2330007011932873,0.44314357750466066,0.5852498592851503
79.label,False,True,True,unresolved_manual_review,False,False,lcx_has_substantial_absolute_lateral_reach,False,lcx_has_substantial_absolute_lateral_reach,True,True,True,0.0,0.0,0.0,0.0,assignment:unresolved_manual_review;anatomy:lcx_has_substantial_absolute_lateral_reach;scaffold_anatomy:lcx_has_substantial_absolute_lateral_reach,124.75616081171677,38.578281800532096,86.17787901118467,51.49872157942305,12.0849631234404,39.413758455982645,0.23466530338627078,0.4127950174512458,0.31325820019474576,0.7721518987341772,0.6975680409833673,0.8285431646401538,0.49666335038948256,0.6627596175557988,61.96181281047632,25.568127292080487,0.4126433061325395,0.9100414100395744,0.9900530347206711
81.label,False,True,True,resolved_existing_assignment,True,False,lcx_is_more_lateral_than_lad,False,lcx_is_more_lateral_than_lad,True,True,True,0.0,0.0,0.0,0.0,anatomy:lcx_is_more_lateral_than_lad;scaffold_anatomy:lcx_is_more_lateral_than_lad,128.22597908101153,181.60685831237947,-53.38087923136794,52.76615498252241,18.22544338008284,34.54071160243957,0.34540025488155435,0.41150908233023065,0.2819059415871454,0.8860759493670886,0.7926243990193814,0.6828420417810097,0.6004601171025872,0.3180706946183595,76.99458641457808,57.763819570876535,0.7502322210011845,0.9475568611967792,0.14304122989296547
82.label,False,True,True,unresolved_manual_review,False,True,,True,,True,True,True,0.0,0.0,0.0,0.0,assignment:unresolved_manual_review,94.58354043634449,74.43663121902115,20.14690921732334,67.04617860357604,20.66163541884744,46.3845431847286,0.3081702171426279,0.708856723847197,0.28057992623373995,1.0,0.5704244241532304,0.873194570382146,0.2205513564909839,0.7423665226791262,20.860528144955605,55.25926307801322,2.6489867703266063,0.9282897212040776,0.998581560307722
83.label,False,True,False,unresolved_manual_review,False,False,lad_has_minimum_inferior_reach;lad_is_dominant_descending_branch;lad_has_longitudinal_course;lad_descent_is_sustained;lcx_is_more_lateral_than_lad,False,lad_has_minimum_inferior_reach;lad_is_dominant_descending_branch;lad_has_longitudinal_course;lad_descent_is_sustained;lcx_is_more_lateral_than_lad,True,True,True,0.0,0.0,0.0,0.0,assignment:unresolved_manual_review;anatomy:lad_has_minimum_inferior_reach;anatomy:lad_is_dominant_descending_branch;anatomy:lad_has_longitudinal_course;anatomy:lad_descent_is_sustained;anatomy:lcx_is_more_lateral_than_lad;scaffold_anatomy:lad_has_minimum_inferior_reach;scaffold_anatomy:lad_is_dominant_descending_branch;scaffold_anatomy:lad_has_longitudinal_course;scaffold_anatomy:lad_descent_is_sustained;scaffold_anatomy:lcx_is_more_lateral_than_lad;ellipsoid:c_axis_above_3x_observed_lad_z_extent,140.1468427110381,117.74721901365656,22.39962369738153,2.4839377343827267,-2.2426459019267195,4.726583636309446,-0.9028591461387941,0.017723822287628956,0.09817179272521671,0.46835443037974683,0.8673414592350659,0.8931958425630898,0.6381429266573616,0.6460602160411992,89.43371636941077,76.07179375421336,0.8505941253743132,-0.026514820989898727,0.9983258013371283
84.label,False,True,True,unresolved_manual_review,False,False,lcx_has_substantial_absolute_lateral_reach,False,lcx_has_substantial_absolute_lateral_reach,True,True,True,0.0,0.0,0.0,0.0,assignment:unresolved_manual_review;anatomy:lcx_has_substantial_absolute_lateral_reach;scaffold_anatomy:lcx_has_substantial_absolute_lateral_reach,187.6282746370633,60.300166410792386,127.32810822627091,47.79081986925145,-10.307166847905044,58.097986717156495,-0.21567252614840915,0.25471011744735755,0.19128198569038146,0.759493670886076,0.8105084224197394,0.8419414914654271,0.4917301217498548,0.6061344346521724,92.26247433099833,36.55000727683756,0.39615247197589515,0.615714623553065,0.7041001433829521
85.label,False,True,True,absent_from_assignment_map,False,False,lad_has_minimum_inferior_reach;lad_has_longitudinal_course;lad_descent_is_sustained;lcx_is_more_lateral_than_lad,False,lad_has_minimum_inferior_reach;lad_has_longitudinal_course;lcx_is_more_lateral_than_lad,True,True,True,0.0,0.0,0.0,0.0,assignment:absent_from_assignment_map;anatomy:lad_has_minimum_inferior_reach;anatomy:lad_has_longitudinal_course;anatomy:lad_descent_is_sustained;anatomy:lcx_is_more_lateral_than_lad;scaffold_anatomy:lad_has_minimum_inferior_reach;scaffold_anatomy:lad_has_longitudinal_course;scaffold_anatomy:lcx_is_more_lateral_than_lad,64.7645586911887,126.89802824927789,-62.13346955808919,8.929092466202192,-42.05928129607631,50.9883737622785,-4.7103646261113665,0.1378700426073776,0.3314415667157196,0.6962025316455697,0.9069248925675714,0.8624220237804824,0.7430910606611922,0.42128591988582176,48.125964611089444,53.46035256269403,1.1108422032620495,0.6084399326619331,0.9897012865388628
86.label,False,True,True,unresolved_manual_review,False,True,,True,,True,True,True,0.0,0.0,0.0,0.0,assignment:unresolved_manual_review,121.55716213686648,73.84996760427269,47.70719453259379,80.2641686811804,17.279298167512138,62.984870513668255,0.2152803480236335,0.6602997904048425,0.23397841228724411,1.0,0.5923216755922097,0.8483507238869684,0.3372791361697662,0.6967364033088856,40.99869464077054,51.45396081307868,1.2550146111703533,0.9415748836261114,0.950464278699848
87.label,False,True,True,unresolved_manual_review,False,True,,True,,True,True,True,0.0,0.0,0.0,0.0,assignment:unresolved_manual_review,86.88960122201962,76.40490137323334,10.484699848786278,37.682265290795335,8.943257490648303,28.739007800147032,0.23733332966139054,0.4336798047272643,0.16758851460367946,0.8734177215189873,0.7389311220128719,0.887215659240569,0.5478100340878846,0.6562104560986604,47.598995407317275,50.137695178302614,1.0533351544346894,0.8604058976303935,0.9903754963327042
88.label,False,True,False,unresolved_manual_review,False,False,lad_has_minimum_inferior_reach;lad_is_dominant_descending_branch;lcx_is_not_apex_descending_branch;lcx_inferior_span_is_limited;lcx_is_more_lateral_than_lad;lcx_has_substantial_absolute_lateral_reach,False,lad_has_minimum_inferior_reach;lad_is_dominant_descending_branch;lcx_is_not_apex_descending_branch;lcx_inferior_span_is_limited;lcx_is_more_lateral_than_lad;lcx_has_substantial_absolute_lateral_reach,True,True,True,0.0,0.0,0.0,0.0,assignment:unresolved_manual_review;anatomy:lad_has_minimum_inferior_reach;anatomy:lad_is_dominant_descending_branch;anatomy:lcx_is_not_apex_descending_branch;anatomy:lcx_inferior_span_is_limited;anatomy:lcx_is_more_lateral_than_lad;anatomy:lcx_has_substantial_absolute_lateral_reach;scaffold_anatomy:lad_has_minimum_inferior_reach;scaffold_anatomy:lad_is_dominant_descending_branch;scaffold_anatomy:lcx_is_not_apex_descending_branch;scaffold_anatomy:lcx_inferior_span_is_limited;scaffold_anatomy:lcx_is_more_lateral_than_lad;scaffold_anatomy:lcx_has_substantial_absolute_lateral_reach;ellipsoid:c_axis_above_3x_observed_lad_z_extent,47.32193915836802,45.51612969024341,1.8058094681246075,15.893224021441972,25.637094565832207,-9.743870544390235,1.6130833197370478,0.3358531857338637,0.5632529553875412,0.8860759493670886,0.847300641722603,0.7006334361679684,0.7798541299420441,0.5625060946247138,36.90420968951943,25.603100354490806,0.6937718100426339,-0.06644573081940068,0.7995622688243035
89.label,False,True,True,resolved_existing_assignment,True,True,,False,lcx_has_horizontal_crown_course;lcx_inferior_span_is_limited,True,True,True,0.0,0.0,0.0,0.0,scaffold_anatomy:lcx_has_horizontal_crown_course;scaffold_anatomy:lcx_inferior_span_is_limited,110.9927183028945,91.69706408668642,19.295654216208078,75.45388004053008,37.23111809304856,38.22276194748152,0.49342880807520895,0.6798092811333766,0.44511485792362315,1.0,0.5780175305348344,0.6839155119861113,0.29437688958296343,0.4767308039949143,32.67369118036414,43.7148150860192,1.3379209237397223,0.9303733399570546,0.9999715832183863
90.label,False,True,True,unresolved_manual_review,False,False,lad_is_dominant_descending_branch;lcx_is_not_apex_descending_branch;lcx_is_more_lateral_than_lad,False,lad_is_dominant_descending_branch;lcx_is_not_apex_descending_branch;lcx_inferior_span_is_limited;lcx_is_more_lateral_than_lad,True,True,True,0.0,0.0,0.0,0.0,assignment:unresolved_manual_review;anatomy:lad_is_dominant_descending_branch;anatomy:lcx_is_not_apex_descending_branch;anatomy:lcx_is_more_lateral_than_lad;scaffold_anatomy:lad_is_dominant_descending_branch;scaffold_anatomy:lcx_is_not_apex_descending_branch;scaffold_anatomy:lcx_inferior_span_is_limited;scaffold_anatomy:lcx_is_more_lateral_than_lad,55.292429038039145,132.3511391981692,-77.05871016013005,25.144012542819816,58.58627996130306,-33.44226741848325,2.3300290620493307,0.4547460290724733,0.4632674238653425,1.0,0.8414930729881265,0.7607419552782652,0.6957012352069971,0.40421457679756906,38.46701117935907,53.49825971966411,1.3907568609949772,0.3650724160185063,0.669740759570886
91.label,False,True,True,absent_from_assignment_map,False,True,,True,,True,True,True,0.0,0.0,0.0,0.0,assignment:absent_from_assignment_map,170.93418307993244,128.50224056879293,42.43194251113951,57.94805028472251,34.484626615709,23.463423669013515,0.5950955458599884,0.3390079692698141,0.3572310062135025,0.759493670886076,0.6541279636993387,0.7526480523622949,0.3897924081124796,0.4894259655651655,66.62884685146634,62.89233316766866,0.9439204809873512,0.9513461498684744,0.9980901494480173
92.label,False,True,True,absent_from_assignment_map,False,False,lcx_is_not_apex_descending_branch,False,lcx_is_not_apex_descending_branch;lcx_inferior_span_is_limited,True,True,True,0.0,0.0,0.0,0.0,assignment:absent_from_assignment_map;anatomy:lcx_is_not_apex_descending_branch;scaffold_anatomy:lcx_is_not_apex_descending_branch;scaffold_anatomy:lcx_inferior_span_is_limited,154.17843316990076,121.63982636279204,32.53860680710872,82.43166764045975,54.71595173808084,27.71571590237891,0.6637734417400617,0.534651091891835,0.45934691650256954,0.8860759493670886,0.6014914966935306,0.7121517303387973,0.44530281082749446,0.5033610091988909,68.65608965953581,61.22874575675285,0.8918181338375808,0.9462739339436576,0.9930868679364918
93.label,False,True,True,unresolved_manual_review,False,False,lad_is_dominant_descending_branch;lcx_is_not_apex_descending_branch;lcx_has_horizontal_crown_course;lcx_inferior_span_is_limited;lcx_is_more_lateral_than_lad;lcx_has_substantial_absolute_lateral_reach,False,lad_is_dominant_descending_branch;lcx_is_not_apex_descending_branch;lcx_has_horizontal_crown_course;lcx_inferior_span_is_limited;lcx_is_more_lateral_than_lad;lcx_has_substantial_absolute_lateral_reach,True,True,True,0.0,0.0,0.0,0.0,assignment:unresolved_manual_review;anatomy:lad_is_dominant_descending_branch;anatomy:lcx_is_not_apex_descending_branch;anatomy:lcx_has_horizontal_crown_course;anatomy:lcx_inferior_span_is_limited;anatomy:lcx_is_more_lateral_than_lad;anatomy:lcx_has_substantial_absolute_lateral_reach;scaffold_anatomy:lad_is_dominant_descending_branch;scaffold_anatomy:lcx_is_not_apex_descending_branch;scaffold_anatomy:lcx_has_horizontal_crown_course;scaffold_anatomy:lcx_inferior_span_is_limited;scaffold_anatomy:lcx_is_more_lateral_than_lad;scaffold_anatomy:lcx_has_substantial_absolute_lateral_reach,106.33827806482672,87.81008298402915,18.528195080797573,54.70665922175877,61.30907639642033,-6.602417174661561,1.1206876323392005,0.5144587651532978,0.6982008707083353,0.8987341772151899,0.6747859569493883,0.5145521003786259,0.2264212125573961,0.14645996974071396,24.077241860703623,12.860662096770492,0.5341418328218205,0.03812741788013235,0.8572733936169951
94.label,False,True,True,unresolved_manual_review,False,False,lad_is_dominant_descending_branch;lcx_is_not_apex_descending_branch;lad_descent_is_sustained;lcx_has_horizontal_crown_course;lcx_inferior_span_is_limited;lcx_is_more_lateral_than_lad;lcx_has_substantial_absolute_lateral_reach,False,lad_is_dominant_descending_branch;lcx_is_not_apex_descending_branch;lad_descent_is_sustained;lcx_has_horizontal_crown_course;lcx_inferior_span_is_limited;lcx_is_more_lateral_than_lad;lcx_has_substantial_absolute_lateral_reach,True,True,True,0.0,0.0,0.0,0.0,assignment:unresolved_manual_review;anatomy:lad_is_dominant_descending_branch;anatomy:lcx_is_not_apex_descending_branch;anatomy:lad_descent_is_sustained;anatomy:lcx_has_horizontal_crown_course;anatomy:lcx_inferior_span_is_limited;anatomy:lcx_is_more_lateral_than_lad;anatomy:lcx_has_substantial_absolute_lateral_reach;scaffold_anatomy:lad_is_dominant_descending_branch;scaffold_anatomy:lcx_is_not_apex_descending_branch;scaffold_anatomy:lad_descent_is_sustained;scaffold_anatomy:lcx_has_horizontal_crown_course;scaffold_anatomy:lcx_inferior_span_is_limited;scaffold_anatomy:lcx_is_more_lateral_than_lad;scaffold_anatomy:lcx_has_substantial_absolute_lateral_reach,124.41950766131274,106.48437105484435,17.93513660646839,32.20068164291065,79.43200924632464,-47.23132760341399,2.466780365930934,0.2588073385611314,0.7459499310505717,0.6329113924050633,0.7970005253152815,0.5151586159158543,0.6096943013045468,0.334059066372505,75.85786479221979,35.572069577844694,0.4689305410227296,-0.2525457319334593,0.7931674296427971
95.label,False,True,True,absent_from_assignment_map,False,False,lad_is_dominant_descending_branch;lcx_is_not_apex_descending_branch;lad_has_longitudinal_course;lad_descent_is_sustained;lcx_inferior_span_is_limited;lcx_is_more_lateral_than_lad,False,lad_is_dominant_descending_branch;lcx_is_not_apex_descending_branch;lad_has_longitudinal_course;lad_descent_is_sustained;lcx_inferior_span_is_limited;lcx_is_more_lateral_than_lad,True,True,True,0.0,0.0,0.0,0.0,assignment:absent_from_assignment_map;anatomy:lad_is_dominant_descending_branch;anatomy:lcx_is_not_apex_descending_branch;anatomy:lad_has_longitudinal_course;anatomy:lad_descent_is_sustained;anatomy:lcx_inferior_span_is_limited;anatomy:lcx_is_more_lateral_than_lad;scaffold_anatomy:lad_is_dominant_descending_branch;scaffold_anatomy:lcx_is_not_apex_descending_branch;scaffold_anatomy:lad_has_longitudinal_course;scaffold_anatomy:lad_descent_is_sustained;scaffold_anatomy:lcx_inferior_span_is_limited;scaffold_anatomy:lcx_is_more_lateral_than_lad,142.6065313046045,131.0533162162683,11.553215088336174,28.82061892059931,72.09850548669368,-43.277886566094374,2.5016293260503804,0.20209887062633258,0.5501463646117467,0.5822784810126582,0.8060042968397857,0.7287757978845356,0.5909289394716296,0.5090460371743653,84.27032630555767,66.71217127845037,0.791644867216453,-0.20222003805657254,0.8715224137253557
96.label,False,True,False,unresolved_manual_review,False,False,lad_has_minimum_inferior_reach;lad_is_dominant_descending_branch;lcx_is_not_apex_descending_branch;lad_has_longitudinal_course;lad_descent_is_sustained;lcx_is_more_lateral_than_lad;lcx_has_substantial_absolute_lateral_reach,False,lad_has_minimum_inferior_reach;lad_is_dominant_descending_branch;lcx_is_not_apex_descending_branch;lad_has_longitudinal_course;lad_descent_is_sustained;lcx_inferior_span_is_limited;lcx_is_more_lateral_than_lad;lcx_has_substantial_absolute_lateral_reach,True,True,True,0.0,0.0,0.0,0.0,assignment:unresolved_manual_review;anatomy:lad_has_minimum_inferior_reach;anatomy:lad_is_dominant_descending_branch;anatomy:lcx_is_not_apex_descending_branch;anatomy:lad_has_longitudinal_course;anatomy:lad_descent_is_sustained;anatomy:lcx_is_more_lateral_than_lad;anatomy:lcx_has_substantial_absolute_lateral_reach;scaffold_anatomy:lad_has_minimum_inferior_reach;scaffold_anatomy:lad_is_dominant_descending_branch;scaffold_anatomy:lcx_is_not_apex_descending_branch;scaffold_anatomy:lad_has_longitudinal_course;scaffold_anatomy:lad_descent_is_sustained;scaffold_anatomy:lcx_inferior_span_is_limited;scaffold_anatomy:lcx_is_more_lateral_than_lad;scaffold_anatomy:lcx_has_substantial_absolute_lateral_reach;ellipsoid:c_axis_below_45pct_of_observed_lad_z_extent,83.41192363115499,144.13222973734813,-60.720306106193135,4.913670211080063,64.48797155700666,-59.5743013459266,13.124196127690812,0.05890848690659821,0.4481451361011519,0.569620253164557,0.8967274888715987,0.7835043742680311,0.5746662437475653,0.26537669819411563,47.93401683687461,38.24933523105317,0.7979580630853532,-0.5439618399835612,0.5347705685771259
98.label,False,True,True,unresolved_manual_review,False,False,lad_has_minimum_inferior_reach;lad_has_longitudinal_course;lad_descent_is_sustained;lcx_is_more_lateral_than_lad;lcx_has_substantial_absolute_lateral_reach,False,lad_has_minimum_inferior_reach;lad_has_longitudinal_course;lad_descent_is_sustained;lcx_is_more_lateral_than_lad;lcx_has_substantial_absolute_lateral_reach,True,True,True,0.0,0.0,0.0,0.0,assignment:unresolved_manual_review;anatomy:lad_has_minimum_inferior_reach;anatomy:lad_has_longitudinal_course;anatomy:lad_descent_is_sustained;anatomy:lcx_is_more_lateral_than_lad;anatomy:lcx_has_substantial_absolute_lateral_reach;scaffold_anatomy:lad_has_minimum_inferior_reach;scaffold_anatomy:lad_has_longitudinal_course;scaffold_anatomy:lad_descent_is_sustained;scaffold_anatomy:lcx_is_more_lateral_than_lad;scaffold_anatomy:lcx_has_substantial_absolute_lateral_reach,138.40954208609892,69.34160270425221,69.06793938184671,1.4334678415084596,-24.656623295936235,26.090091137444695,-17.20068116072259,0.010356712549607005,0.4071278409858177,0.46835443037974683,0.8998696759939627,0.7671218245854261,0.6660925273778278,0.3741568493995688,92.19356170133746,25.944635600139627,0.2814148311591182,0.6402921775768562,0.9838335256780525
99.label,False,True,True,unresolved_manual_review,False,False,lcx_is_not_apex_descending_branch;lcx_has_horizontal_crown_course;lcx_inferior_span_is_limited;lcx_has_substantial_absolute_lateral_reach,False,lcx_is_not_apex_descending_branch;lcx_has_horizontal_crown_course;lcx_inferior_span_is_limited;lcx_has_substantial_absolute_lateral_reach,True,True,True,0.0,0.0,0.0,0.0,assignment:unresolved_manual_review;anatomy:lcx_is_not_apex_descending_branch;anatomy:lcx_has_horizontal_crown_course;anatomy:lcx_inferior_span_is_limited;anatomy:lcx_has_substantial_absolute_lateral_reach;scaffold_anatomy:lcx_is_not_apex_descending_branch;scaffold_anatomy:lcx_has_horizontal_crown_course;scaffold_anatomy:lcx_inferior_span_is_limited;scaffold_anatomy:lcx_has_substantial_absolute_lateral_reach,135.65624475900836,80.5603105217526,55.09593423725576,82.79594162384726,54.600033088261284,28.19590853558597,0.6594530120367051,0.6103363820142097,0.6777535083298666,0.8734177215189873,0.5416315040125342,0.614124165109317,0.19941318260512853,0.45353669267038393,27.051643507654145,36.537056794534806,1.350640924430222,0.8404402051719354,0.9284232560898109
100.label,False,True,True,absent_from_assignment_map,False,False,lad_is_dominant_descending_branch;lcx_is_not_apex_descending_branch;lcx_has_horizontal_crown_course;lcx_inferior_span_is_limited;lcx_is_more_lateral_than_lad;lcx_has_substantial_absolute_lateral_reach,False,lad_is_dominant_descending_branch;lcx_is_not_apex_descending_branch;lcx_has_horizontal_crown_course;lcx_inferior_span_is_limited;lcx_is_more_lateral_than_lad;lcx_has_substantial_absolute_lateral_reach,True,True,True,0.0,0.0,0.0,0.0,assignment:absent_from_assignment_map;anatomy:lad_is_dominant_descending_branch;anatomy:lcx_is_not_apex_descending_branch;anatomy:lcx_has_horizontal_crown_course;anatomy:lcx_inferior_span_is_limited;anatomy:lcx_is_more_lateral_than_lad;anatomy:lcx_has_substantial_absolute_lateral_reach;scaffold_anatomy:lad_is_dominant_descending_branch;scaffold_anatomy:lcx_is_not_apex_descending_branch;scaffold_anatomy:lcx_has_horizontal_crown_course;scaffold_anatomy:lcx_inferior_span_is_limited;scaffold_anatomy:lcx_is_more_lateral_than_lad;scaffold_anatomy:lcx_has_substantial_absolute_lateral_reach,82.39422827144006,79.51796072066712,2.876267550772937,36.36127463699702,54.113920476234924,-17.752645839237907,1.488229469854032,0.4413085163830676,0.6805245001984871,0.810126582278481,0.6610132450329806,0.5525952162692261,0.4346396281851371,0.23042107232257836,35.811796740500014,18.322613778160783,0.5116362608369076,-0.3576713016878959,0.9583630817004405
101.label,False,True,True,absent_from_assignment_map,False,False,lad_descent_is_sustained;lcx_has_substantial_absolute_lateral_reach,False,lad_descent_is_sustained;lcx_has_substantial_absolute_lateral_reach,True,True,True,0.0,0.0,0.0,0.0,assignment:absent_from_assignment_map;anatomy:lad_descent_is_sustained;anatomy:lcx_has_substantial_absolute_lateral_reach;scaffold_anatomy:lad_descent_is_sustained;scaffold_anatomy:lcx_has_substantial_absolute_lateral_reach,114.93092160238444,41.53909873486305,73.3918228675214,31.673906085103607,-7.178512757439131,38.85241884254274,-0.2266380640945078,0.2755908126681765,0.175865759957635,0.6708860759493671,0.8029112266272456,0.8926633265906609,0.5333313553547271,0.693606475476873,61.29626419036757,28.811787867974196,0.47004149842629134,0.5710895217657193,0.7455275896220084
102.label,True,True,True,resolved_existing_assignment,True,True,,True,,True,True,True,0.0,0.0,0.0,0.0,,159.1072356311909,116.41071090822489,42.696524722966004,82.84267186432236,25.67987815595325,57.16279370836911,0.3099837025779553,0.5206719325848317,0.24585269324059172,0.8860759493670886,0.6669919144768898,0.8076299521057166,0.44573021749376757,0.6209738898670142,70.91890274272284,72.28801197486487,1.019305279399328,0.8994913359872555,0.9955699877253636
103.label,False,True,True,absent_from_assignment_map,False,False,lcx_has_horizontal_crown_course;lcx_inferior_span_is_limited;lcx_has_substantial_absolute_lateral_reach,False,lcx_has_horizontal_crown_course;lcx_inferior_span_is_limited;lcx_has_substantial_absolute_lateral_reach,True,True,True,0.0,0.0,0.0,0.0,assignment:absent_from_assignment_map;anatomy:lcx_has_horizontal_crown_course;anatomy:lcx_inferior_span_is_limited;anatomy:lcx_has_substantial_absolute_lateral_reach;scaffold_anatomy:lcx_has_horizontal_crown_course;scaffold_anatomy:lcx_inferior_span_is_limited;scaffold_anatomy:lcx_has_substantial_absolute_lateral_reach,79.6337772815391,50.98734429249613,28.646432989042964,61.25487391890747,38.27174131274211,22.983132606165363,0.624795038569638,0.7692071883309713,0.7506125656043358,1.0,0.4559249672320605,0.4603377543129283,0.06026103155696726,0.18321150811399994,4.7988135657633295,9.341468242555964,1.9466203707520051,0.857757667932735,0.9680438679379091
104.label,False,True,True,unresolved_manual_review,False,False,lad_has_minimum_inferior_reach;lad_is_dominant_descending_branch;lcx_is_not_apex_descending_branch;lcx_has_substantial_absolute_lateral_reach,False,lad_has_minimum_inferior_reach;lad_is_dominant_descending_branch;lcx_is_not_apex_descending_branch;lcx_has_substantial_absolute_lateral_reach,True,True,True,0.0,0.0,0.0,0.0,assignment:unresolved_manual_review;anatomy:lad_has_minimum_inferior_reach;anatomy:lad_is_dominant_descending_branch;anatomy:lcx_is_not_apex_descending_branch;anatomy:lcx_has_substantial_absolute_lateral_reach;scaffold_anatomy:lad_has_minimum_inferior_reach;scaffold_anatomy:lad_is_dominant_descending_branch;scaffold_anatomy:lcx_is_not_apex_descending_branch;scaffold_anatomy:lcx_has_substantial_absolute_lateral_reach,10.652047628460101,23.942483490253537,-13.290435861793435,8.02048427251951,9.430454197657625,-1.409969925138114,1.1757961087174096,0.7529523479683297,0.4014804037054205,1.0,0.5420766544246923,0.8318074460119227,0.39243988378113676,0.696531278402734,4.1802883333440155,16.676688633602648,3.9893632457314627,0.3063960535025855,0.9893792812659258
105.label,False,True,False,absent_from_assignment_map,False,False,lad_is_dominant_descending_branch;lcx_is_not_apex_descending_branch;lcx_has_horizontal_crown_course;lcx_inferior_span_is_limited;lcx_is_more_lateral_than_lad;lcx_has_substantial_absolute_lateral_reach,False,lad_is_dominant_descending_branch;lcx_is_not_apex_descending_branch;lcx_has_horizontal_crown_course;lcx_inferior_span_is_limited;lcx_is_more_lateral_than_lad;lcx_has_substantial_absolute_lateral_reach,True,True,True,0.0,0.0,0.0,0.0,assignment:absent_from_assignment_map;anatomy:lad_is_dominant_descending_branch;anatomy:lcx_is_not_apex_descending_branch;anatomy:lcx_has_horizontal_crown_course;anatomy:lcx_inferior_span_is_limited;anatomy:lcx_is_more_lateral_than_lad;anatomy:lcx_has_substantial_absolute_lateral_reach;scaffold_anatomy:lad_is_dominant_descending_branch;scaffold_anatomy:lcx_is_not_apex_descending_branch;scaffold_anatomy:lcx_has_horizontal_crown_course;scaffold_anatomy:lcx_inferior_span_is_limited;scaffold_anatomy:lcx_is_more_lateral_than_lad;scaffold_anatomy:lcx_has_substantial_absolute_lateral_reach;ellipsoid:c_axis_above_3x_observed_lad_z_extent,105.66582726336502,86.48859752753877,19.177229735826245,41.855532313630036,55.22730160067443,-13.371769287044394,1.3194743573405694,0.3961122852831873,0.638550088444775,0.9367088607594937,0.8452632777047078,0.6249956369059236,0.5858504334487872,0.39966529205180396,61.904370702967064,34.566490589994714,0.5583852997368076,0.41217367840031627,0.04374991918849617
106.label,False,True,True,absent_from_assignment_map,False,False,lad_has_minimum_inferior_reach;lad_is_dominant_descending_branch;lcx_is_not_apex_descending_branch;lad_has_longitudinal_course;lad_descent_is_sustained,False,lad_has_minimum_inferior_reach;lad_is_dominant_descending_branch;lcx_is_not_apex_descending_branch;lad_has_longitudinal_course;lad_descent_is_sustained,True,True,True,0.0,0.0,0.0,0.0,assignment:absent_from_assignment_map;anatomy:lad_has_minimum_inferior_reach;anatomy:lad_is_dominant_descending_branch;anatomy:lcx_is_not_apex_descending_branch;anatomy:lad_has_longitudinal_course;anatomy:lad_descent_is_sustained;scaffold_anatomy:lad_has_minimum_inferior_reach;scaffold_anatomy:lad_is_dominant_descending_branch;scaffold_anatomy:lcx_is_not_apex_descending_branch;scaffold_anatomy:lad_has_longitudinal_course;scaffold_anatomy:lad_descent_is_sustained,98.28679836695227,80.20707105369092,18.079727313261344,12.855296313707722,18.86282503349745,-6.007528719789729,1.4673193501875057,0.13079372334128403,0.34516052086490734,0.5949367088607594,0.7896341444694149,0.7525723179919482,0.5799655740098586,0.620303602893624,57.0029594324807,49.75273515214938,0.8728096865055028,-0.808921016967899,0.9909700961188189
107.label,False,True,True,absent_from_assignment_map,False,True,,True,,True,True,True,0.0,0.0,0.0,0.0,assignment:absent_from_assignment_map,129.20461028108366,114.41502701037024,14.789583270713422,85.9341151012984,46.295113618608525,39.63900148268988,0.5387279960238869,0.6651009968943785,0.40462441716167646,1.0,0.5821266129220161,0.7846189950978356,0.3067814742621242,0.5770966869758019,39.637580823494055,66.02853302793154,1.6658063296535746,0.9385667745388218,0.962423591249029
108.label,False,True,True,unresolved_manual_review,False,False,lad_is_dominant_descending_branch;lcx_is_not_apex_descending_branch;lcx_inferior_span_is_limited;lcx_has_substantial_absolute_lateral_reach,False,lad_is_dominant_descending_branch;lcx_is_not_apex_descending_branch;lcx_has_horizontal_crown_course;lcx_inferior_span_is_limited;lcx_has_substantial_absolute_lateral_reach,True,True,True,0.0,0.0,0.0,0.0,assignment:unresolved_manual_review;anatomy:lad_is_dominant_descending_branch;anatomy:lcx_is_not_apex_descending_branch;anatomy:lcx_inferior_span_is_limited;anatomy:lcx_has_substantial_absolute_lateral_reach;scaffold_anatomy:lad_is_dominant_descending_branch;scaffold_anatomy:lcx_is_not_apex_descending_branch;scaffold_anatomy:lcx_has_horizontal_crown_course;scaffold_anatomy:lcx_inferior_span_is_limited;scaffold_anatomy:lcx_has_substantial_absolute_lateral_reach,49.80783827614892,46.10239654257033,3.7054417335785885,34.403914086241016,27.477191769679997,6.926722316561019,0.7986647013709645,0.690732930337106,0.5960035449417023,1.0,0.5979054421113458,0.6860717855903822,0.3320596510312332,0.44177171909499713,16.53917339659811,20.366734975010548,1.2314239948170396,0.9616175435034463,0.8022990920139155
109.label,False,True,False,unresolved_manual_review,False,False,lad_has_minimum_inferior_reach;lad_is_dominant_descending_branch;lcx_is_not_apex_descending_branch;lcx_is_more_lateral_than_lad,False,lad_has_minimum_inferior_reach;lad_is_dominant_descending_branch;lcx_is_not_apex_descending_branch;lcx_inferior_span_is_limited;lcx_is_more_lateral_than_lad,True,True,True,0.0,0.0,0.0,0.0,assignment:unresolved_manual_review;anatomy:lad_has_minimum_inferior_reach;anatomy:lad_is_dominant_descending_branch;anatomy:lcx_is_not_apex_descending_branch;anatomy:lcx_is_more_lateral_than_lad;scaffold_anatomy:lad_has_minimum_inferior_reach;scaffold_anatomy:lad_is_dominant_descending_branch;scaffold_anatomy:lcx_is_not_apex_descending_branch;scaffold_anatomy:lcx_inferior_span_is_limited;scaffold_anatomy:lcx_is_more_lateral_than_lad;ellipsoid:c_axis_above_3x_observed_lad_z_extent,31.09922495390936,123.1347831053044,-92.03555815139504,16.004684555406055,59.79336250877438,-43.78867795336832,3.7359913156537288,0.5146329073835704,0.4939050756054944,0.9746835443037974,0.7558583481704515,0.7326883060465545,0.6064787254069424,0.3811204690751081,18.861018311190726,46.92918629655531,2.488157612821521,0.03684314834794565,0.32253017999926564
110.label,False,True,False,unresolved_manual_review,False,False,lad_is_dominant_descending_branch;lcx_is_not_apex_descending_branch;lcx_inferior_span_is_limited;lcx_is_more_lateral_than_lad;lcx_has_substantial_absolute_lateral_reach,False,lad_is_dominant_descending_branch;lcx_is_not_apex_descending_branch;lcx_inferior_span_is_limited;lcx_is_more_lateral_than_lad;lcx_has_substantial_absolute_lateral_reach,True,True,True,0.0,0.0,0.0,0.0,assignment:unresolved_manual_review;anatomy:lad_is_dominant_descending_branch;anatomy:lcx_is_not_apex_descending_branch;anatomy:lcx_inferior_span_is_limited;anatomy:lcx_is_more_lateral_than_lad;anatomy:lcx_has_substantial_absolute_lateral_reach;scaffold_anatomy:lad_is_dominant_descending_branch;scaffold_anatomy:lcx_is_not_apex_descending_branch;scaffold_anatomy:lcx_inferior_span_is_limited;scaffold_anatomy:lcx_is_more_lateral_than_lad;scaffold_anatomy:lcx_has_substantial_absolute_lateral_reach;ellipsoid:c_axis_above_3x_observed_lad_z_extent,69.61764775616456,90.22572677288215,-20.608079016717596,26.943923666493284,51.89176230426777,-24.94783863777449,1.9259170619162245,0.38702720552788905,0.5751326607198262,0.8987341772151899,0.793939323981643,0.6980469343909886,0.5323895854957684,0.2835805343104014,37.06371063209486,25.586259806798214,0.6903318467159116,0.7489605407210678,0.7126694596620704
111.label,False,True,False,unresolved_manual_review,False,False,lad_has_minimum_inferior_reach;lad_is_dominant_descending_branch;lcx_is_not_apex_descending_branch;lad_has_longitudinal_course;lad_descent_is_sustained;lcx_has_substantial_absolute_lateral_reach,False,lad_has_minimum_inferior_reach;lad_is_dominant_descending_branch;lcx_is_not_apex_descending_branch;lad_has_longitudinal_course;lad_descent_is_sustained;lcx_has_substantial_absolute_lateral_reach,True,True,True,0.0,0.0,0.0,0.0,assignment:unresolved_manual_review;anatomy:lad_has_minimum_inferior_reach;anatomy:lad_is_dominant_descending_branch;anatomy:lcx_is_not_apex_descending_branch;anatomy:lad_has_longitudinal_course;anatomy:lad_descent_is_sustained;anatomy:lcx_has_substantial_absolute_lateral_reach;scaffold_anatomy:lad_has_minimum_inferior_reach;scaffold_anatomy:lad_is_dominant_descending_branch;scaffold_anatomy:lcx_is_not_apex_descending_branch;scaffold_anatomy:lad_has_longitudinal_course;scaffold_anatomy:lad_descent_is_sustained;scaffold_anatomy:lcx_has_substantial_absolute_lateral_reach;ellipsoid:c_axis_above_3x_observed_lad_z_extent,111.9605679003102,59.16618180000482,52.794386100305374,17.57339907195843,24.130538820306093,-6.557139748347662,1.3731287112696813,0.1569606103427932,0.40945314559041796,0.6708860759493671,0.9024854435871785,0.8394072183676303,0.6287605129817483,0.6727716849034971,70.3963841067269,39.80533181889587,0.5654456876442348,0.27968666498972045,0.5614521936213884
112.label,False,True,True,absent_from_assignment_map,False,False,lcx_inferior_span_is_limited;lcx_has_substantial_absolute_lateral_reach,False,lcx_has_horizontal_crown_course;lcx_inferior_span_is_limited;lcx_has_substantial_absolute_lateral_reach,True,True,True,0.0,0.0,0.0,0.0,assignment:absent_from_assignment_map;anatomy:lcx_inferior_span_is_limited;anatomy:lcx_has_substantial_absolute_lateral_reach;scaffold_anatomy:lcx_has_horizontal_crown_course;scaffold_anatomy:lcx_inferior_span_is_limited;scaffold_anatomy:lcx_has_substantial_absolute_lateral_reach,168.9116979886744,72.9579414524465,95.9537565362279,78.069748732061,40.56840177196676,37.50134696009424,0.5196430426745627,0.46219267026310756,0.5560518973580001,0.9113924050632911,0.7514836687011788,0.6985277700149679,0.19928820487151938,0.4958412735642643,33.66210907396315,36.1755586064081,1.0746670247821473,0.3964953950766512,0.782887272598603
113.label,True,True,True,resolved_existing_assignment,True,True,,True,,True,True,True,0.0,0.0,0.0,0.0,,125.58743213989246,84.39029672650386,41.197135413388594,42.271886068140546,16.54707784430363,25.724808223836916,0.3914440396066175,0.3365932828458001,0.210491940443731,0.759493670886076,0.7536814541353436,0.8749812996217393,0.6007599096590541,0.7283477781028251,75.44789438667438,61.4654851141872,0.8146746256320077,0.9023635836836663,0.9894615109101115
114.label,False,True,False,unresolved_manual_review,False,False,lcx_is_more_lateral_than_lad,True,,True,True,True,0.0,0.0,0.0,0.0,assignment:unresolved_manual_review;anatomy:lcx_is_more_lateral_than_lad;ellipsoid:c_axis_below_45pct_of_observed_lad_z_extent;ellipsoid:underconstrained_crown_axis_ratio_gt_4;ellipsoid:underconstrained_crown_major_axis_gt_250mm,44.25235346625573,156.0165070867529,-111.76415362049718,26.267006565253883,0.2533607963186064,26.013645768935277,0.009645590779032783,0.5935730985535849,0.21250140422047684,0.9620253164556962,0.7005382186851049,0.7825829499335393,0.5471925932612829,0.524336477823298,24.21456005111539,81.80514580816163,3.3783453275829163,0.4142786874286081,0.8068868624760513
115.label,False,True,True,unresolved_manual_review,False,False,lad_descent_is_sustained,False,lad_descent_is_sustained,True,True,True,0.0,0.0,0.0,0.0,assignment:unresolved_manual_review;anatomy:lad_descent_is_sustained;scaffold_anatomy:lad_descent_is_sustained,115.31134331377291,77.85231992570021,37.459023388072694,38.1214673138577,-2.875788411893224,40.997255725750925,-0.0754375058078584,0.3305959866422303,0.08130975141912822,0.6455696202531646,0.7801802653081217,0.9479842526205059,0.5939299470141585,0.7292002236128589,68.48686002448058,56.76992909860042,0.8289170956050264,0.7584231990001343,0.9702638403003296
116.label,False,True,True,unresolved_manual_review,False,False,lad_is_dominant_descending_branch;lcx_is_not_apex_descending_branch;lcx_inferior_span_is_limited;lcx_is_more_lateral_than_lad,False,lad_is_dominant_descending_branch;lcx_is_not_apex_descending_branch;lcx_inferior_span_is_limited;lcx_is_more_lateral_than_lad,True,True,True,0.0,0.0,0.0,0.0,assignment:unresolved_manual_review;anatomy:lad_is_dominant_descending_branch;anatomy:lcx_is_not_apex_descending_branch;anatomy:lcx_inferior_span_is_limited;anatomy:lcx_is_more_lateral_than_lad;scaffold_anatomy:lad_is_dominant_descending_branch;scaffold_anatomy:lcx_is_not_apex_descending_branch;scaffold_anatomy:lcx_inferior_span_is_limited;scaffold_anatomy:lcx_is_more_lateral_than_lad,54.0125767507347,120.168454756904,-66.1558780061693,32.67109123485455,60.46460750536854,-27.79351627051399,1.8507067018582775,0.6048793299684623,0.5031653908480893,0.9873417721518988,0.7032255998700698,0.7244135707077654,0.5450473281473928,0.34779180442619073,29.439410644343933,41.793603715010704,1.4196481111635408,0.7221810576283976,0.817507593733001
117.label,False,True,False,absent_from_assignment_map,False,True,,True,,False,True,True,0.0,0.0,0.0,0.0,assignment:absent_from_assignment_map;ellipsoid:underconstrained_crown_major_axis_gt_250mm,256.2933389125098,90.64717581714102,165.64616309536876,73.24907763218582,2.880013744262364,70.36906388792345,0.039318088873748214,0.2858017221321178,0.03677448722000019,0.7088607594936709,0.7319282447377514,0.9481210096280045,0.2793688952503714,0.7215451531354246,71.60038695201689,65.40603035627277,0.9134871072708688,0.7944415554351469,0.9522204434789334
118.label,False,True,True,unresolved_manual_review,False,False,lad_is_dominant_descending_branch;lcx_is_not_apex_descending_branch;lad_has_longitudinal_course;lad_descent_is_sustained;lcx_inferior_span_is_limited;lcx_is_more_lateral_than_lad;lcx_has_substantial_absolute_lateral_reach,False,lad_is_dominant_descending_branch;lcx_is_not_apex_descending_branch;lad_descent_is_sustained;lcx_has_horizontal_crown_course;lcx_inferior_span_is_limited;lcx_is_more_lateral_than_lad;lcx_has_substantial_absolute_lateral_reach,True,True,True,0.0,0.0,0.0,0.0,assignment:unresolved_manual_review;anatomy:lad_is_dominant_descending_branch;anatomy:lcx_is_not_apex_descending_branch;anatomy:lad_has_longitudinal_course;anatomy:lad_descent_is_sustained;anatomy:lcx_inferior_span_is_limited;anatomy:lcx_is_more_lateral_than_lad;anatomy:lcx_has_substantial_absolute_lateral_reach;scaffold_anatomy:lad_is_dominant_descending_branch;scaffold_anatomy:lcx_is_not_apex_descending_branch;scaffold_anatomy:lad_descent_is_sustained;scaffold_anatomy:lcx_has_horizontal_crown_course;scaffold_anatomy:lcx_inferior_span_is_limited;scaffold_anatomy:lcx_is_more_lateral_than_lad;scaffold_anatomy:lcx_has_substantial_absolute_lateral_reach,147.7745540859235,122.5878435177074,25.186710568216114,32.616260377082,73.62045533902057,-41.004194961938566,2.25717033430204,0.22071635119343536,0.6005526586197459,0.6329113924050633,0.7179195680376802,0.6521143612439558,0.5050706287459077,0.3497901004359785,74.63658694482353,42.88001409628889,0.5745173493529215,-0.5087132792866991,0.6934087620567845
119.label,False,True,True,unresolved_manual_review,False,False,lad_is_dominant_descending_branch;lcx_is_not_apex_descending_branch;lcx_has_horizontal_crown_course;lcx_inferior_span_is_limited;lcx_is_more_lateral_than_lad;lcx_has_substantial_absolute_lateral_reach,False,lad_is_dominant_descending_branch;lcx_is_not_apex_descending_branch;lcx_has_horizontal_crown_course;lcx_inferior_span_is_limited;lcx_is_more_lateral_than_lad;lcx_has_substantial_absolute_lateral_reach,True,True,True,0.0,0.0,0.0,0.0,assignment:unresolved_manual_review;anatomy:lad_is_dominant_descending_branch;anatomy:lcx_is_not_apex_descending_branch;anatomy:lcx_has_horizontal_crown_course;anatomy:lcx_inferior_span_is_limited;anatomy:lcx_is_more_lateral_than_lad;anatomy:lcx_has_substantial_absolute_lateral_reach;scaffold_anatomy:lad_is_dominant_descending_branch;scaffold_anatomy:lcx_is_not_apex_descending_branch;scaffold_anatomy:lcx_has_horizontal_crown_course;scaffold_anatomy:lcx_inferior_span_is_limited;scaffold_anatomy:lcx_is_more_lateral_than_lad;scaffold_anatomy:lcx_has_substantial_absolute_lateral_reach,142.87835317898814,105.06089176812341,37.81746141086472,56.6141707010575,72.15191086590818,-15.537740164850675,1.2744496646766292,0.39624036420783193,0.686762787290559,0.7974683544303798,0.728279975008131,0.5512589931893076,0.4272799739406703,0.22586170218084384,61.049059023003934,23.72923184738576,0.3886911973277808,0.2845869848082858,0.8102936512019231
120.label,False,True,True,absent_from_assignment_map,False,True,,True,,True,True,True,0.0,0.0,0.0,0.0,assignment:absent_from_assignment_map,80.5036210417619,103.56951145846246,-23.065890416700555,52.60790142512056,-0.0775141694062107,52.68541559452677,-0.0014734320759124077,0.6534849084344887,0.23264520102022102,0.9746835443037974,0.5889124077563809,0.7353638493572175,0.41132164171661395,0.48284257300673367,33.112881571029654,50.0077693976544,1.5102210084128114,0.2875948479729338,0.3338553417324432
121.label,False,True,True,resolved_existing_assignment,True,False,lcx_has_substantial_absolute_lateral_reach,False,lcx_has_substantial_absolute_lateral_reach,True,True,True,0.0,0.0,0.0,0.0,anatomy:lcx_has_substantial_absolute_lateral_reach;scaffold_anatomy:lcx_has_substantial_absolute_lateral_reach,139.10948583376268,48.760057801459986,90.34942803230268,66.10539996798468,20.869177868354065,45.236222099630616,0.31569550866436263,0.47520411402412444,0.4425558541941062,0.8354430379746836,0.6378370969485101,0.8293913060734547,0.49632974605755514,0.699415417382832,69.04417577806849,34.10353617881915,0.4939379143063353,0.9817529801570452,0.9718729765475107
122.label,False,True,True,absent_from_assignment_map,False,True,,True,,True,True,True,0.0,0.0,0.0,0.0,assignment:absent_from_assignment_map,172.11564753849024,115.63041758315147,56.48522995533877,47.140728287246056,1.3320549882916517,45.8086732989544,0.02825698788900637,0.2738898465155759,0.17312922119020313,0.7468354430379747,0.7077979870763607,0.8470978103662117,0.5063220054861444,0.6182674316588019,87.14593983723474,71.49052130076983,0.8203540111483675,0.9930267045747155,0.8665849901719644
123.label,False,True,True,unresolved_manual_review,False,True,,True,,True,True,True,0.0,0.0,0.0,0.0,assignment:unresolved_manual_review,107.910430463762,106.36766863672545,1.5427618270365429,63.402698806928115,32.2029779568786,31.199720850049516,0.5079117855052525,0.5875493085742043,0.3066069287240298,0.9746835443037974,0.6927539616957307,0.8936703593636823,0.19188454848588737,0.6451819682622509,20.706344226456718,68.62650181050942,3.3142741693062656,0.883110951124442,0.9999494270200716
124.label,False,True,True,unresolved_manual_review,False,False,lcx_inferior_span_is_limited;lcx_is_more_lateral_than_lad;lcx_has_substantial_absolute_lateral_reach,False,lcx_inferior_span_is_limited;lcx_is_more_lateral_than_lad;lcx_has_substantial_absolute_lateral_reach,True,True,True,0.0,0.0,0.0,0.0,assignment:unresolved_manual_review;anatomy:lcx_inferior_span_is_limited;anatomy:lcx_is_more_lateral_than_lad;anatomy:lcx_has_substantial_absolute_lateral_reach;scaffold_anatomy:lcx_inferior_span_is_limited;scaffold_anatomy:lcx_is_more_lateral_than_lad;scaffold_anatomy:lcx_has_substantial_absolute_lateral_reach,92.74424565322309,55.120069547394635,37.624176105828454,50.524416618906336,29.849820459432983,20.674596159473353,0.5907999034324944,0.5447714439106065,0.5450615242833708,0.9746835443037974,0.716588711862989,0.7076853148783045,0.5448518260226279,0.5368181343691915,50.531871597249776,29.58945290073247,0.5855602012244268,0.9259405370640051,0.9854397409618761
125.label,False,True,True,unresolved_manual_review,False,True,,True,,True,True,True,0.0,0.0,0.0,0.0,assignment:unresolved_manual_review,200.7194540544952,101.91416071363605,98.80529334085915,65.37375856807981,35.438470582945776,29.935287985134032,0.5420901499191053,0.32569717208542664,0.3505937039833989,0.7468354430379747,0.7584418757803917,0.7820480136930534,0.3092144709728921,0.48549282315008385,62.06535979942846,49.47859360383453,0.797201430294297,0.9376555805053233,0.9536798147064448
126.label,False,True,True,unresolved_manual_review,False,False,lad_has_longitudinal_course;lad_descent_is_sustained;lcx_has_substantial_absolute_lateral_reach,False,lad_descent_is_sustained;lcx_has_substantial_absolute_lateral_reach,True,True,True,0.0,0.0,0.0,0.0,assignment:unresolved_manual_review;anatomy:lad_has_longitudinal_course;anatomy:lad_descent_is_sustained;anatomy:lcx_has_substantial_absolute_lateral_reach;scaffold_anatomy:lad_descent_is_sustained;scaffold_anatomy:lcx_has_substantial_absolute_lateral_reach,179.34470455214247,71.34434993645104,108.00035461569144,43.95859203264969,-14.198015580674472,58.15660761332416,-0.32298613136037374,0.24510671860885203,0.23046034463883025,0.6582278481012658,0.8218544925018881,0.8441810325285802,0.4537693663497765,0.6757985536716131,81.38113294281357,48.214408499695054,0.5924519204417474,0.8300579941729495,0.9256469796564263
127.label,False,True,False,absent_from_assignment_map,False,False,lad_is_dominant_descending_branch;lcx_is_not_apex_descending_branch;lcx_inferior_span_is_limited;lcx_is_more_lateral_than_lad;lcx_has_substantial_absolute_lateral_reach,False,lad_is_dominant_descending_branch;lcx_is_not_apex_descending_branch;lcx_inferior_span_is_limited;lcx_is_more_lateral_than_lad;lcx_has_substantial_absolute_lateral_reach,True,True,True,0.0,0.0,0.0,0.0,assignment:absent_from_assignment_map;anatomy:lad_is_dominant_descending_branch;anatomy:lcx_is_not_apex_descending_branch;anatomy:lcx_inferior_span_is_limited;anatomy:lcx_is_more_lateral_than_lad;anatomy:lcx_has_substantial_absolute_lateral_reach;scaffold_anatomy:lad_is_dominant_descending_branch;scaffold_anatomy:lcx_is_not_apex_descending_branch;scaffold_anatomy:lcx_inferior_span_is_limited;scaffold_anatomy:lcx_is_more_lateral_than_lad;scaffold_anatomy:lcx_has_substantial_absolute_lateral_reach;ellipsoid:c_axis_below_45pct_of_observed_lad_z_extent;ellipsoid:long_axis_proxy_outside_10_to_220mm,83.12172912893803,49.053981724352845,34.067747404585184,27.489267834506137,29.562025530844373,-2.072757696338236,1.0754024337358448,0.33071097199945054,0.6026427313680901,0.9367088607594937,0.8875570315617627,0.7136391961890299,0.7577041775987958,0.1687186055597809,62.98168141023186,8.276319393687789,0.13140835888105137,0.4560717692806123,0.5926923710938685
128.label,False,True,False,absent_from_assignment_map,False,False,lad_has_minimum_inferior_reach;lad_has_longitudinal_course;lad_descent_is_sustained;lcx_has_substantial_absolute_lateral_reach,False,lad_has_minimum_inferior_reach;lad_has_longitudinal_course;lad_descent_is_sustained;lcx_has_substantial_absolute_lateral_reach,True,True,True,0.0,0.0,0.0,0.0,assignment:absent_from_assignment_map;anatomy:lad_has_minimum_inferior_reach;anatomy:lad_has_longitudinal_course;anatomy:lad_descent_is_sustained;anatomy:lcx_has_substantial_absolute_lateral_reach;scaffold_anatomy:lad_has_minimum_inferior_reach;scaffold_anatomy:lad_has_longitudinal_course;scaffold_anatomy:lad_descent_is_sustained;scaffold_anatomy:lcx_has_substantial_absolute_lateral_reach;ellipsoid:underconstrained_crown_axis_ratio_gt_4;ellipsoid:underconstrained_crown_major_axis_gt_250mm,176.67012482387554,73.14679531887288,103.52332950500266,10.931351386562692,-25.068954294953297,36.00030568151599,-2.2933078819302417,0.06187436272805196,0.3551051697083201,0.6329113924050633,0.8587216825887268,0.8702433371106418,0.6435145319323917,0.7558348296499073,113.6897926824735,55.28689557927692,0.48629603656406345,0.23939043492839873,0.679911141470724
129.label,False,True,True,unresolved_manual_review,False,False,lcx_is_not_apex_descending_branch,False,lcx_is_not_apex_descending_branch;lcx_inferior_span_is_limited,True,True,True,0.0,0.0,0.0,0.0,assignment:unresolved_manual_review;anatomy:lcx_is_not_apex_descending_branch;scaffold_anatomy:lcx_is_not_apex_descending_branch;scaffold_anatomy:lcx_inferior_span_is_limited,177.88923069437374,111.11282942613381,66.77640126823992,73.20731389401938,48.83837793062,24.36893596339938,0.6671242985546806,0.41153314120400414,0.44446795461280997,0.759493670886076,0.63959556990589,0.7156331586843975,0.32394653141604923,0.5138101636197732,57.62659925971177,57.09090106769776,0.9907039770020138,0.8067274692267741,0.9994938773079259
131.label,False,True,False,unresolved_manual_review,False,False,lad_is_dominant_descending_branch;lcx_is_not_apex_descending_branch;lcx_has_horizontal_crown_course;lcx_inferior_span_is_limited;lcx_is_more_lateral_than_lad;lcx_has_substantial_absolute_lateral_reach,False,lad_is_dominant_descending_branch;lcx_is_not_apex_descending_branch;lcx_has_horizontal_crown_course;lcx_inferior_span_is_limited;lcx_is_more_lateral_than_lad;lcx_has_substantial_absolute_lateral_reach,True,True,True,0.0,0.0,0.0,0.0,assignment:unresolved_manual_review;anatomy:lad_is_dominant_descending_branch;anatomy:lcx_is_not_apex_descending_branch;anatomy:lcx_has_horizontal_crown_course;anatomy:lcx_inferior_span_is_limited;anatomy:lcx_is_more_lateral_than_lad;anatomy:lcx_has_substantial_absolute_lateral_reach;scaffold_anatomy:lad_is_dominant_descending_branch;scaffold_anatomy:lcx_is_not_apex_descending_branch;scaffold_anatomy:lcx_has_horizontal_crown_course;scaffold_anatomy:lcx_inferior_span_is_limited;scaffold_anatomy:lcx_is_more_lateral_than_lad;scaffold_anatomy:lcx_has_substantial_absolute_lateral_reach;ellipsoid:c_axis_above_3x_observed_lad_z_extent,134.86537890432896,105.64184411728502,29.223534787043945,43.86055072183756,75.54588647330567,-31.68533575146811,1.7224108049261775,0.32521727279579615,0.7151132877748101,0.7468354430379747,0.773758353374311,0.5224255021806108,0.4904965094340198,0.17284256390224495,66.15099759606984,18.259407192592835,0.2760261803470922,0.29703424260183164,0.17707811200299553
132.label,False,True,True,unresolved_manual_review,False,False,lcx_has_horizontal_crown_course;lcx_inferior_span_is_limited;lcx_is_more_lateral_than_lad;lcx_has_substantial_absolute_lateral_reach,False,lcx_has_horizontal_crown_course;lcx_inferior_span_is_limited;lcx_is_more_lateral_than_lad;lcx_has_substantial_absolute_lateral_reach,True,True,True,0.0,0.0,0.0,0.0,assignment:unresolved_manual_review;anatomy:lcx_has_horizontal_crown_course;anatomy:lcx_inferior_span_is_limited;anatomy:lcx_is_more_lateral_than_lad;anatomy:lcx_has_substantial_absolute_lateral_reach;scaffold_anatomy:lcx_has_horizontal_crown_course;scaffold_anatomy:lcx_inferior_span_is_limited;scaffold_anatomy:lcx_is_more_lateral_than_lad;scaffold_anatomy:lcx_has_substantial_absolute_lateral_reach,185.54254321108985,93.17543377138483,92.36710943970502,87.90702605113212,55.31191541148404,32.595110639648084,0.6292092668373428,0.47378366454275234,0.6116023322571504,0.8481012658227848,0.6959444396832558,0.6323132324035946,0.1926046875754493,0.1913452732186121,35.73636356712626,17.82867883224833,0.49889460069879243,-0.19284964672576485,0.9809473810974467
133.label,True,True,True,resolved_existing_assignment,True,True,,True,,True,True,True,0.0,0.0,0.0,0.0,,113.7272943750927,87.75646477263693,25.970829602455765,66.81430830477585,-31.098345214271703,97.91265351904755,-0.46544439362322654,0.5874958045199815,0.3603271170361855,1.0,0.6595616635371477,0.8326120632785339,0.43959023781902873,0.5738615073508039,49.99340838086169,50.360057154203155,1.0073339423179202,0.9534457957662442,0.9998954450918927
134.label,False,True,True,unresolved_manual_review,False,False,lcx_has_substantial_absolute_lateral_reach,False,lcx_has_substantial_absolute_lateral_reach,True,True,True,0.0,0.0,0.0,0.0,assignment:unresolved_manual_review;anatomy:lcx_has_substantial_absolute_lateral_reach;scaffold_anatomy:lcx_has_substantial_absolute_lateral_reach,88.27207892632299,50.49736574608616,37.77471318023683,35.14035071332363,-1.6968907980028742,36.8372415113265,-0.04828895453679949,0.39809134599235857,0.18845502087978475,0.8354430379746836,0.7589171475966232,0.830014601902741,0.641818382052995,0.6762275861484999,56.6546428769469,34.14771174533379,0.6027345688066933,0.8632214996670328,0.9987976800994065
135.label,False,True,True,unresolved_manual_review,False,False,lcx_is_not_apex_descending_branch;lcx_has_horizontal_crown_course;lcx_inferior_span_is_limited;lcx_has_substantial_absolute_lateral_reach,False,lcx_is_not_apex_descending_branch;lcx_inferior_span_is_limited;lcx_has_substantial_absolute_lateral_reach,True,True,True,0.0,0.0,0.0,0.0,assignment:unresolved_manual_review;anatomy:lcx_is_not_apex_descending_branch;anatomy:lcx_has_horizontal_crown_course;anatomy:lcx_inferior_span_is_limited;anatomy:lcx_has_substantial_absolute_lateral_reach;scaffold_anatomy:lcx_is_not_apex_descending_branch;scaffold_anatomy:lcx_inferior_span_is_limited;scaffold_anatomy:lcx_has_substantial_absolute_lateral_reach,170.24169499603192,88.14329300115772,82.09840199487421,58.65642955024027,47.35624716995455,11.300182380285719,0.8073496381056247,0.34454796488960865,0.5645791067090181,0.7341772151898734,0.6329562572186619,0.64835995118878,0.4168680674335837,0.5094399829469979,70.96832638961342,44.90371768340203,0.6327289928873667,0.9077068993480462,0.9879321385157201
136.label,False,True,True,unresolved_manual_review,False,False,lad_has_longitudinal_course;lad_descent_is_sustained;lcx_has_substantial_absolute_lateral_reach,False,lad_has_longitudinal_course;lad_descent_is_sustained;lcx_has_substantial_absolute_lateral_reach,True,True,True,0.0,0.0,0.0,0.0,assignment:unresolved_manual_review;anatomy:lad_has_longitudinal_course;anatomy:lad_descent_is_sustained;anatomy:lcx_has_substantial_absolute_lateral_reach;scaffold_anatomy:lad_has_longitudinal_course;scaffold_anatomy:lad_descent_is_sustained;scaffold_anatomy:lcx_has_substantial_absolute_lateral_reach,184.97576645528721,69.66820276951015,115.30756368577707,30.71521295297465,-7.5951615908230785,38.31037454379773,-0.24727686578150573,0.16604992935871524,0.16357093129463665,0.6075949367088608,0.8364014012567024,0.9077635970568263,0.5339545289068462,0.6830431432150265,98.7686482368157,47.58638820182802,0.4817964916127135,0.888217008560895,0.9223392516489113
137.label,False,True,True,unresolved_manual_review,False,True,,True,,True,True,True,0.0,0.0,0.0,0.0,assignment:unresolved_manual_review,150.96882578975746,97.24501423998176,53.723811549775704,63.71095265611954,27.443318094042773,36.267634562076765,0.4307472569460441,0.4220139642925012,0.32150556649841505,0.7848101265822784,0.5969528975701467,0.7782308930777255,0.3269738004783386,0.580331853732657,49.36285072222922,56.43437938014724,1.143256083359334,0.9795570184446588,0.9698947329951918
138.label,False,True,True,unresolved_manual_review,False,False,lcx_is_not_apex_descending_branch;lad_has_longitudinal_course;lad_descent_is_sustained;lcx_inferior_span_is_limited;lcx_has_substantial_absolute_lateral_reach,False,lcx_is_not_apex_descending_branch;lad_descent_is_sustained;lcx_has_horizontal_crown_course;lcx_inferior_span_is_limited;lcx_has_substantial_absolute_lateral_reach,True,True,True,0.0,0.0,0.0,0.0,assignment:unresolved_manual_review;anatomy:lcx_is_not_apex_descending_branch;anatomy:lad_has_longitudinal_course;anatomy:lad_descent_is_sustained;anatomy:lcx_inferior_span_is_limited;anatomy:lcx_has_substantial_absolute_lateral_reach;scaffold_anatomy:lcx_is_not_apex_descending_branch;scaffold_anatomy:lad_descent_is_sustained;scaffold_anatomy:lcx_has_horizontal_crown_course;scaffold_anatomy:lcx_inferior_span_is_limited;scaffold_anatomy:lcx_has_substantial_absolute_lateral_reach,178.41381065308144,54.43876029950535,123.9750503535761,43.46197217925755,29.09260370490629,14.369368474351262,0.6693806619017367,0.243602062083454,0.5533024123893396,0.6455696202531646,0.6101607270626315,0.6689172681978441,0.3393809739115345,0.5292673899492019,60.55025281871089,28.812660575789426,0.475847073042871,0.9493350605960533,0.9341867926229269
139.label,False,True,True,unresolved_manual_review,False,False,lcx_inferior_span_is_limited;lcx_has_substantial_absolute_lateral_reach,False,lcx_has_horizontal_crown_course;lcx_inferior_span_is_limited;lcx_has_substantial_absolute_lateral_reach,True,True,True,0.0,0.0,0.0,0.0,assignment:unresolved_manual_review;anatomy:lcx_inferior_span_is_limited;anatomy:lcx_has_substantial_absolute_lateral_reach;scaffold_anatomy:lcx_has_horizontal_crown_course;scaffold_anatomy:lcx_inferior_span_is_limited;scaffold_anatomy:lcx_has_substantial_absolute_lateral_reach,150.10968644919112,74.765609091179,75.34407735801211,86.7131914113015,47.58462333902091,39.128568072280586,0.5487587593601025,0.577665528870797,0.6364506879224373,0.8734177215189873,0.6153084572424085,0.669402143879105,0.196588370071685,0.47686832967267573,29.509818591018185,35.65335112427075,1.2081860487994478,0.9203190700784167,0.8998167247956206
140.label,False,True,True,unresolved_manual_review,False,False,lad_has_longitudinal_course;lad_descent_is_sustained;lcx_has_substantial_absolute_lateral_reach,False,lad_has_longitudinal_course;lad_descent_is_sustained;lcx_has_substantial_absolute_lateral_reach,True,True,True,0.0,0.0,0.0,0.0,assignment:unresolved_manual_review;anatomy:lad_has_longitudinal_course;anatomy:lad_descent_is_sustained;anatomy:lcx_has_substantial_absolute_lateral_reach;scaffold_anatomy:lad_has_longitudinal_course;scaffold_anatomy:lad_descent_is_sustained;scaffold_anatomy:lcx_has_substantial_absolute_lateral_reach,185.6701979559425,85.71961394761023,99.95058400833229,31.28827518768581,-11.924859434839638,43.213134622525445,-0.3811286932023958,0.16851533273589858,0.17472955690824682,0.6075949367088608,0.822830565116791,0.8602368024710182,0.5105697928437891,0.5848802022350814,94.79759450763089,50.13570514119137,0.5288710689505483,0.5190311189879189,0.8052202516456021
141.label,False,True,True,unresolved_manual_review,False,False,lcx_has_substantial_absolute_lateral_reach,False,lcx_has_substantial_absolute_lateral_reach,True,True,True,0.0,0.0,0.0,0.0,assignment:unresolved_manual_review;anatomy:lcx_has_substantial_absolute_lateral_reach;scaffold_anatomy:lcx_has_substantial_absolute_lateral_reach,154.8177877274072,54.79523240805591,100.02255531935128,48.791466083489155,-14.283903681431946,63.0753697649211,-0.2927541397708802,0.3151541357082166,0.27655915937530506,0.7341772151898734,0.6899191984377206,0.8624412400492483,0.4731998227856185,0.6842165675104627,73.25974971667058,37.49180583417808,0.5117654097806268,0.961993098586891,0.9837943330048363
142.label,False,True,True,absent_from_assignment_map,False,False,lcx_is_not_apex_descending_branch;lad_has_longitudinal_course,False,lcx_is_not_apex_descending_branch,True,True,True,0.0,0.0,0.0,0.0,assignment:absent_from_assignment_map;anatomy:lcx_is_not_apex_descending_branch;anatomy:lad_has_longitudinal_course;scaffold_anatomy:lcx_is_not_apex_descending_branch,203.11931550733627,141.27103460416836,61.848280903167904,50.561660759929005,37.38767125752104,13.173989502407963,0.739447057228615,0.24892591151973834,0.3673717847253692,0.7341772151898734,0.7015021667051502,0.7357217524952304,0.4485622096876335,0.5660747770161156,91.11164899421036,79.96996941239057,0.8777139948095135,0.7777664349929221,0.9924831111604957
143.label,False,True,True,unresolved_manual_review,False,False,lad_has_minimum_inferior_reach;lad_has_longitudinal_course;lad_descent_is_sustained,False,lad_has_minimum_inferior_reach;lad_has_longitudinal_course;lad_descent_is_sustained,True,True,True,0.0,0.0,0.0,0.0,assignment:unresolved_manual_review;anatomy:lad_has_minimum_inferior_reach;anatomy:lad_has_longitudinal_course;anatomy:lad_descent_is_sustained;scaffold_anatomy:lad_has_minimum_inferior_reach;scaffold_anatomy:lad_has_longitudinal_course;scaffold_anatomy:lad_descent_is_sustained,191.76227747048114,154.89349418808706,36.86878328239408,16.733437138291468,-2.3206833279382844,19.05412046622975,-0.13868539432510354,0.0872613600496444,0.12571446682365056,0.5949367088607594,0.8057727972177422,0.8563494030663834,0.4215611325664365,0.5332118005749583,80.83952287397528,82.59103893337675,1.0216665808645604,-0.8594350367456612,0.9980400633679207
144.label,False,True,True,absent_from_assignment_map,False,False,lad_has_minimum_inferior_reach;lad_is_dominant_descending_branch;lad_has_longitudinal_course;lad_descent_is_sustained,False,lad_has_minimum_inferior_reach;lad_is_dominant_descending_branch;lad_has_longitudinal_course;lad_descent_is_sustained,True,True,True,0.0,0.0,0.0,0.0,assignment:absent_from_assignment_map;anatomy:lad_has_minimum_inferior_reach;anatomy:lad_is_dominant_descending_branch;anatomy:lad_has_longitudinal_course;anatomy:lad_descent_is_sustained;scaffold_anatomy:lad_has_minimum_inferior_reach;scaffold_anatomy:lad_is_dominant_descending_branch;scaffold_anatomy:lad_has_longitudinal_course;scaffold_anatomy:lad_descent_is_sustained,208.96887694911192,81.11005883340464,127.85881811570728,9.744821911899857,5.010635680629207,4.73418623127065,0.5141844279894419,0.04663288645740732,0.2565630879931984,0.5443037974683544,0.74768626286295,0.8135424345781037,0.29492698556000696,0.6693933819605417,61.6305609544616,54.29453659351123,0.8809677496466257,-0.03387406241203382,0.9171688293860997
145.label,False,True,False,unresolved_manual_review,False,False,lad_has_minimum_inferior_reach;lad_has_longitudinal_course;lad_descent_is_sustained;lcx_inferior_span_is_limited;lcx_is_more_lateral_than_lad;lcx_has_substantial_absolute_lateral_reach,False,lad_has_minimum_inferior_reach;lad_has_longitudinal_course;lcx_inferior_span_is_limited;lcx_is_more_lateral_than_lad;lcx_has_substantial_absolute_lateral_reach,True,True,True,0.0,0.0,0.0,0.0,assignment:unresolved_manual_review;anatomy:lad_has_minimum_inferior_reach;anatomy:lad_has_longitudinal_course;anatomy:lad_descent_is_sustained;anatomy:lcx_inferior_span_is_limited;anatomy:lcx_is_more_lateral_than_lad;anatomy:lcx_has_substantial_absolute_lateral_reach;scaffold_anatomy:lad_has_minimum_inferior_reach;scaffold_anatomy:lad_has_longitudinal_course;scaffold_anatomy:lcx_inferior_span_is_limited;scaffold_anatomy:lcx_is_more_lateral_than_lad;scaffold_anatomy:lcx_has_substantial_absolute_lateral_reach;ellipsoid:c_axis_below_45pct_of_observed_lad_z_extent;ellipsoid:long_axis_proxy_outside_10_to_220mm,77.62007664420864,51.927705326790864,25.692371317417773,15.776860576074581,-27.82237341196695,43.59923398804153,-1.7634923803636349,0.2032574722696015,0.5548243009565874,0.6835443037974683,0.8535060616865439,0.736082144607406,0.682600513591091,0.5667696211592476,52.98350418231666,29.4310458757343,0.5554756396342121,0.9567212977381855,0.9838687611275349
146.label,False,True,True,unresolved_manual_review,False,True,,True,,True,True,True,0.0,0.0,0.0,0.0,assignment:unresolved_manual_review,129.94239172046517,59.63838800642226,70.3040037140429,77.28239219243822,15.752755827379062,61.52963636505916,0.20383369847239804,0.5947434949380472,0.2671068723624906,0.9493670886075949,0.630416661027058,0.9182837199856576,0.36210376576472003,0.8154847946652056,47.05262937445482,48.63419859758112,1.033612770298974,0.9240659228579499,0.9913004048813285
147.label,False,True,False,unresolved_manual_review,False,False,lad_is_dominant_descending_branch;lcx_is_not_apex_descending_branch;lcx_has_horizontal_crown_course;lcx_inferior_span_is_limited;lcx_is_more_lateral_than_lad;lcx_has_substantial_absolute_lateral_reach,False,lad_is_dominant_descending_branch;lcx_is_not_apex_descending_branch;lcx_has_horizontal_crown_course;lcx_inferior_span_is_limited;lcx_is_more_lateral_than_lad;lcx_has_substantial_absolute_lateral_reach,True,True,True,0.0,0.0,0.0,0.0,assignment:unresolved_manual_review;anatomy:lad_is_dominant_descending_branch;anatomy:lcx_is_not_apex_descending_branch;anatomy:lcx_has_horizontal_crown_course;anatomy:lcx_inferior_span_is_limited;anatomy:lcx_is_more_lateral_than_lad;anatomy:lcx_has_substantial_absolute_lateral_reach;scaffold_anatomy:lad_is_dominant_descending_branch;scaffold_anatomy:lcx_is_not_apex_descending_branch;scaffold_anatomy:lcx_has_horizontal_crown_course;scaffold_anatomy:lcx_inferior_span_is_limited;scaffold_anatomy:lcx_is_more_lateral_than_lad;scaffold_anatomy:lcx_has_substantial_absolute_lateral_reach;ellipsoid:c_axis_above_3x_observed_lad_z_extent,51.633251403607815,99.4949224677441,-47.86167106413629,27.972291875782613,63.770526845816136,-35.79823497003352,2.2797748260673028,0.5417495725211696,0.6409425251473543,0.8860759493670886,0.63156602231548,0.6412622661219755,0.166134690756679,0.12767365861546368,8.578074254700246,12.702880765118786,1.4808546053513592,0.5284273697185292,0.5210882743584133
148.label,False,True,True,resolved_existing_assignment,True,False,lcx_is_not_apex_descending_branch,False,lcx_is_not_apex_descending_branch,True,True,True,0.0,0.0,0.0,0.0,anatomy:lcx_is_not_apex_descending_branch;scaffold_anatomy:lcx_is_not_apex_descending_branch,180.16348507905292,149.53993118077125,30.62355389828167,52.41084968960783,38.39257936500335,14.01827032460448,0.7325311379680979,0.29090717059902993,0.3589239615294814,0.759493670886076,0.6527677026172003,0.7552501226757684,0.4555655081464584,0.5005934568672666,82.07626962947562,74.85871108947543,0.9120627853509539,0.8857333114105218,0.9376127441680768
150.label,False,True,True,unresolved_manual_review,False,True,,True,,True,True,True,0.0,0.0,0.0,0.0,assignment:unresolved_manual_review,149.63313701123064,107.57433128255995,42.05880572867069,51.13702882126534,14.9579270274533,36.17910179381204,0.2925067680356322,0.3417493600861103,0.17835163751340546,0.8860759493670886,0.870539856500096,0.8275337367610646,0.5225173564455103,0.6842600071651477,78.18591118775709,73.60881269419045,0.9414587817161187,0.8006774835348408,0.78021887886722
151.label,False,True,True,unresolved_manual_review,False,False,lcx_is_not_apex_descending_branch;lad_descent_is_sustained,False,lcx_is_not_apex_descending_branch,True,True,True,0.0,0.0,0.0,0.0,assignment:unresolved_manual_review;anatomy:lcx_is_not_apex_descending_branch;anatomy:lad_descent_is_sustained;scaffold_anatomy:lcx_is_not_apex_descending_branch,185.6794540754203,166.33117216828524,19.34828190713506,48.12108900054381,37.00688840735548,11.114200593188329,0.7690368022830337,0.2591621633107437,0.3231612563359839,0.6962025316455697,0.6373477311409254,0.7766309012601024,0.44674550807548746,0.4857534003574869,82.95146205010278,80.79593246619113,0.9740145679094878,0.9538811323779016,0.9965230418619315
152.label,False,True,False,unresolved_manual_review,False,False,lad_has_longitudinal_course;lad_descent_is_sustained;lcx_is_more_lateral_than_lad;lcx_has_substantial_absolute_lateral_reach,False,lcx_is_more_lateral_than_lad;lcx_has_substantial_absolute_lateral_reach,True,True,True,0.0,0.0,0.0,0.0,assignment:unresolved_manual_review;anatomy:lad_has_longitudinal_course;anatomy:lad_descent_is_sustained;anatomy:lcx_is_more_lateral_than_lad;anatomy:lcx_has_substantial_absolute_lateral_reach;scaffold_anatomy:lcx_is_more_lateral_than_lad;scaffold_anatomy:lcx_has_substantial_absolute_lateral_reach;ellipsoid:c_axis_below_45pct_of_observed_lad_z_extent,173.92827565883667,76.81226879163124,97.11600686720543,38.338724403176485,-27.345100420396477,65.68382482357296,-0.7132501366720184,0.22042835909198893,0.3559991242359417,0.6962025316455697,0.8376957188202266,0.8806720203518367,0.4841849532319648,0.3136046126227483,84.21345401559012,24.088681799073935,0.28604315166332556,0.7195250299146337,0.8350596674015204
153.label,False,True,True,absent_from_assignment_map,False,True,,True,,True,True,True,0.0,0.0,0.0,0.0,assignment:absent_from_assignment_map,182.86558273307543,123.37762015857592,59.487962574499505,69.83004411780115,24.4599977629522,45.37004635484895,0.35027899626826714,0.38186542855213174,0.2253418575775908,0.7848101265822784,0.6168246523041461,0.773135822483664,0.3624170173592894,0.5424077917010718,66.27359907178956,66.92098249554681,1.0097683456583666,0.9176269956829696,0.6988369557509355
154.label,False,True,False,unresolved_manual_review,False,False,lad_has_minimum_inferior_reach;lad_is_dominant_descending_branch;lcx_is_not_apex_descending_branch;lad_has_longitudinal_course;lad_descent_is_sustained;lcx_is_more_lateral_than_lad;lcx_has_substantial_absolute_lateral_reach,False,lad_has_minimum_inferior_reach;lad_is_dominant_descending_branch;lcx_is_not_apex_descending_branch;lad_has_longitudinal_course;lad_descent_is_sustained;lcx_inferior_span_is_limited;lcx_is_more_lateral_than_lad;lcx_has_substantial_absolute_lateral_reach,True,True,True,0.0,0.0,0.0,0.0,assignment:unresolved_manual_review;anatomy:lad_has_minimum_inferior_reach;anatomy:lad_is_dominant_descending_branch;anatomy:lcx_is_not_apex_descending_branch;anatomy:lad_has_longitudinal_course;anatomy:lad_descent_is_sustained;anatomy:lcx_is_more_lateral_than_lad;anatomy:lcx_has_substantial_absolute_lateral_reach;scaffold_anatomy:lad_has_minimum_inferior_reach;scaffold_anatomy:lad_is_dominant_descending_branch;scaffold_anatomy:lcx_is_not_apex_descending_branch;scaffold_anatomy:lad_has_longitudinal_course;scaffold_anatomy:lad_descent_is_sustained;scaffold_anatomy:lcx_inferior_span_is_limited;scaffold_anatomy:lcx_is_more_lateral_than_lad;scaffold_anatomy:lcx_has_substantial_absolute_lateral_reach;ellipsoid:c_axis_above_3x_observed_lad_z_extent,74.79706486578806,52.92462885492729,21.872436010860767,16.615816190939668,24.661806464390367,-8.045990273450698,1.484236836818046,0.22214529702140345,0.4707533187288178,0.620253164556962,0.7700822514148727,0.7226715321406748,0.6178992926484995,0.5696734449469313,46.21705347275438,30.149755642324195,0.6523513157345245,-0.5519361495847354,0.7695359526193563
155.label,False,True,True,unresolved_manual_review,False,False,lcx_has_substantial_absolute_lateral_reach,False,lcx_inferior_span_is_limited;lcx_has_substantial_absolute_lateral_reach,True,True,True,0.0,0.0,0.0,0.0,assignment:unresolved_manual_review;anatomy:lcx_has_substantial_absolute_lateral_reach;scaffold_anatomy:lcx_inferior_span_is_limited;scaffold_anatomy:lcx_has_substantial_absolute_lateral_reach,66.1068104237163,60.61106835221494,5.495742071501354,43.267049378249624,27.87548985170554,15.391559526544082,0.6442660235046804,0.6545021473722057,0.48063337682382035,1.0,0.6335370727973303,0.7521972618394083,0.2863372095079207,0.4630859545866737,18.928839626196048,28.068134446403583,1.482823828649246,0.9234612285325382,0.9749003275383475
156.label,False,True,True,unresolved_manual_review,False,False,lad_is_dominant_descending_branch;lcx_is_not_apex_descending_branch;lad_has_longitudinal_course;lad_descent_is_sustained;lcx_has_horizontal_crown_course;lcx_inferior_span_is_limited;lcx_is_more_lateral_than_lad;lcx_has_substantial_absolute_lateral_reach,False,lad_is_dominant_descending_branch;lcx_is_not_apex_descending_branch;lad_descent_is_sustained;lcx_has_horizontal_crown_course;lcx_inferior_span_is_limited;lcx_is_more_lateral_than_lad;lcx_has_substantial_absolute_lateral_reach,True,True,True,0.0,0.0,0.0,0.0,assignment:unresolved_manual_review;anatomy:lad_is_dominant_descending_branch;anatomy:lcx_is_not_apex_descending_branch;anatomy:lad_has_longitudinal_course;anatomy:lad_descent_is_sustained;anatomy:lcx_has_horizontal_crown_course;anatomy:lcx_inferior_span_is_limited;anatomy:lcx_is_more_lateral_than_lad;anatomy:lcx_has_substantial_absolute_lateral_reach;scaffold_anatomy:lad_is_dominant_descending_branch;scaffold_anatomy:lcx_is_not_apex_descending_branch;scaffold_anatomy:lad_descent_is_sustained;scaffold_anatomy:lcx_has_horizontal_crown_course;scaffold_anatomy:lcx_inferior_span_is_limited;scaffold_anatomy:lcx_is_more_lateral_than_lad;scaffold_anatomy:lcx_has_substantial_absolute_lateral_reach,131.27535218953858,105.57174985542052,25.70360233411806,32.36736630923838,64.04641482515743,-31.67904851591905,1.978734204484136,0.24656087962731632,0.6066624349115021,0.6329113924050633,0.7769982372293053,0.6239618842570177,0.4895472231480697,0.19819783635282856,64.26548413217348,20.924092401326387,0.325588341609506,-0.024252291770412476,0.5232059433318248
157.label,False,True,True,absent_from_assignment_map,False,True,,True,,True,True,True,0.0,0.0,0.0,0.0,assignment:absent_from_assignment_map,112.52010985890033,113.51861179315136,-0.9985019342510384,50.68266674150929,-0.6128601653775547,51.29552690688684,-0.012092105739093244,0.45043207658671064,0.157101393617988,0.8860759493670886,0.7687906553633261,0.8743661812501669,0.34619521447208024,0.6321749301582024,38.95392356502403,71.76362048199155,1.8422693765930864,0.6904923742122557,0.9791136564933132
158.label,False,True,True,unresolved_manual_review,False,False,lcx_has_horizontal_crown_course;lcx_inferior_span_is_limited;lcx_is_more_lateral_than_lad;lcx_has_substantial_absolute_lateral_reach,False,lcx_has_horizontal_crown_course;lcx_inferior_span_is_limited;lcx_is_more_lateral_than_lad;lcx_has_substantial_absolute_lateral_reach,True,True,True,0.0,0.0,0.0,0.0,assignment:unresolved_manual_review;anatomy:lcx_has_horizontal_crown_course;anatomy:lcx_inferior_span_is_limited;anatomy:lcx_is_more_lateral_than_lad;anatomy:lcx_has_substantial_absolute_lateral_reach;scaffold_anatomy:lcx_has_horizontal_crown_course;scaffold_anatomy:lcx_inferior_span_is_limited;scaffold_anatomy:lcx_is_more_lateral_than_lad;scaffold_anatomy:lcx_has_substantial_absolute_lateral_reach,93.28011427112075,44.17550745427117,49.10460681684958,54.91052494350178,27.54261711033321,27.367907833168566,0.5015908541881944,0.5886627109386154,0.6277993450263207,0.9367088607594937,0.6478762486357904,0.6148240653516166,0.4321248394189055,0.16167362281935002,40.30865440038521,7.142014330015222,0.17718314928287385,0.9598253586580414,0.9099429172916699
159.label,False,True,False,unresolved_manual_review,False,False,lcx_has_substantial_absolute_lateral_reach,False,lcx_has_substantial_absolute_lateral_reach,True,True,True,0.0,0.0,0.0,0.0,assignment:unresolved_manual_review;anatomy:lcx_has_substantial_absolute_lateral_reach;scaffold_anatomy:lcx_has_substantial_absolute_lateral_reach;ellipsoid:underconstrained_crown_axis_ratio_gt_4;ellipsoid:underconstrained_crown_major_axis_gt_250mm,119.79451659485791,55.899689369744145,63.894827225113765,55.85282444222709,-18.975763492346175,74.82858793457326,-0.3397458173663944,0.46623857276472813,0.3749305615591934,0.9113924050632911,0.74673876039432,0.7534762730056948,0.5129482029837042,0.5542640101376871,61.44838201463391,30.983185995525428,0.50421483820594,0.8939605823600943,0.7044927625540969
160.label,False,True,False,absent_from_assignment_map,False,False,lad_has_minimum_inferior_reach;lad_is_dominant_descending_branch;lcx_is_not_apex_descending_branch;lcx_inferior_span_is_limited;lcx_is_more_lateral_than_lad;lcx_has_substantial_absolute_lateral_reach,False,lad_has_minimum_inferior_reach;lad_is_dominant_descending_branch;lcx_is_not_apex_descending_branch;lcx_inferior_span_is_limited;lcx_is_more_lateral_than_lad;lcx_has_substantial_absolute_lateral_reach,True,True,True,0.0,0.0,0.0,0.0,assignment:absent_from_assignment_map;anatomy:lad_has_minimum_inferior_reach;anatomy:lad_is_dominant_descending_branch;anatomy:lcx_is_not_apex_descending_branch;anatomy:lcx_inferior_span_is_limited;anatomy:lcx_is_more_lateral_than_lad;anatomy:lcx_has_substantial_absolute_lateral_reach;scaffold_anatomy:lad_has_minimum_inferior_reach;scaffold_anatomy:lad_is_dominant_descending_branch;scaffold_anatomy:lcx_is_not_apex_descending_branch;scaffold_anatomy:lcx_inferior_span_is_limited;scaffold_anatomy:lcx_is_more_lateral_than_lad;scaffold_anatomy:lcx_has_substantial_absolute_lateral_reach;ellipsoid:c_axis_above_3x_observed_lad_z_extent,16.422928435160255,24.484343425749028,-8.061414990588773,9.048414221639838,12.826603376979584,-3.7781891553397458,1.4175526299739876,0.5509622877164747,0.5238696073626565,1.0,0.7186204424161988,0.7098767584531769,0.4731909832987813,0.35949307790375573,7.771181654878997,8.801951978575104,1.132640101528055,0.07479506612869397,0.44044430567097465
161.label,False,True,False,unresolved_manual_review,False,False,lad_descent_is_sustained;lcx_has_substantial_absolute_lateral_reach,False,lcx_has_substantial_absolute_lateral_reach,True,True,True,0.0,0.0,0.0,0.0,assignment:unresolved_manual_review;anatomy:lad_descent_is_sustained;anatomy:lcx_has_substantial_absolute_lateral_reach;scaffold_anatomy:lcx_has_substantial_absolute_lateral_reach;ellipsoid:underconstrained_crown_axis_ratio_gt_4;ellipsoid:underconstrained_crown_major_axis_gt_250mm,171.09396974162826,72.12027719349487,98.97369254813339,53.77631273067245,-2.2388481679847736,56.01516089865723,-0.04163260837903822,0.3143086387666434,0.11336379459893232,0.6708860759493671,0.7767515801527319,0.8472501549580952,0.5016282152873884,0.6401341742428477,85.82556268792742,46.16665408742312,0.5379126293094157,0.7433835668043461,0.24123480907646117
162.label,False,True,True,absent_from_assignment_map,False,False,lcx_has_substantial_absolute_lateral_reach,False,lcx_inferior_span_is_limited;lcx_has_substantial_absolute_lateral_reach,True,True,True,0.0,0.0,0.0,0.0,assignment:absent_from_assignment_map;anatomy:lcx_has_substantial_absolute_lateral_reach;scaffold_anatomy:lcx_inferior_span_is_limited;scaffold_anatomy:lcx_has_substantial_absolute_lateral_reach,162.16710791316464,57.98059669876059,104.18651121440405,59.511867619441404,27.336082361153355,32.175785258288045,0.45933833795905227,0.36697865791198625,0.4714694900981883,0.8481012658227848,0.7615533729339634,0.7080336096366419,0.3384796548418762,0.5523865787486618,54.89026671315326,32.02770344423432,0.5834860233346175,-0.4467204218246933,0.959240231007752
163.label,False,True,True,unresolved_manual_review,False,False,lcx_has_substantial_absolute_lateral_reach,False,lcx_has_substantial_absolute_lateral_reach,True,True,True,0.0,0.0,0.0,0.0,assignment:unresolved_manual_review;anatomy:lcx_has_substantial_absolute_lateral_reach;scaffold_anatomy:lcx_has_substantial_absolute_lateral_reach,142.46014422359508,80.46260979241254,61.997534431182544,59.59229859637276,-14.634073871273522,74.22637246764629,-0.24556988429649637,0.4183085656774362,0.23573956277831232,0.8734177215189873,0.7866819772357717,0.8404996233992392,0.5135073090567231,0.6095875392416267,73.15432530809099,49.04900430431597,0.670486729222709,0.7203516513845252,0.6465426988987188
164.label,False,True,True,unresolved_manual_review,False,False,lcx_is_not_apex_descending_branch,False,lcx_is_not_apex_descending_branch;lcx_inferior_span_is_limited,True,True,True,0.0,0.0,0.0,0.0,assignment:unresolved_manual_review;anatomy:lcx_is_not_apex_descending_branch;scaffold_anatomy:lcx_is_not_apex_descending_branch;scaffold_anatomy:lcx_inferior_span_is_limited,152.5511440238685,115.7778297917255,36.773314232142994,75.463991658802,54.203394071087395,21.260597587714607,0.7182683141935972,0.4946799458088281,0.46921860437713253,0.8607594936708861,0.7029780896305236,0.8038183606139211,0.2445222502771389,0.6036245062038806,37.30214901906823,69.88633533738724,1.8735203513787508,0.8951569445630717,0.9668673405098123
166.label,False,True,True,unresolved_manual_review,False,False,lad_is_dominant_descending_branch;lcx_is_not_apex_descending_branch;lcx_has_horizontal_crown_course;lcx_inferior_span_is_limited;lcx_is_more_lateral_than_lad;lcx_has_substantial_absolute_lateral_reach,False,lad_is_dominant_descending_branch;lcx_is_not_apex_descending_branch;lcx_has_horizontal_crown_course;lcx_inferior_span_is_limited;lcx_is_more_lateral_than_lad;lcx_has_substantial_absolute_lateral_reach,True,True,True,0.0,0.0,0.0,0.0,assignment:unresolved_manual_review;anatomy:lad_is_dominant_descending_branch;anatomy:lcx_is_not_apex_descending_branch;anatomy:lcx_has_horizontal_crown_course;anatomy:lcx_inferior_span_is_limited;anatomy:lcx_is_more_lateral_than_lad;anatomy:lcx_has_substantial_absolute_lateral_reach;scaffold_anatomy:lad_is_dominant_descending_branch;scaffold_anatomy:lcx_is_not_apex_descending_branch;scaffold_anatomy:lcx_has_horizontal_crown_course;scaffold_anatomy:lcx_inferior_span_is_limited;scaffold_anatomy:lcx_is_more_lateral_than_lad;scaffold_anatomy:lcx_has_substantial_absolute_lateral_reach,89.98215461990952,86.69143677015671,3.2907178497528093,29.58957289159883,65.79751071373391,-36.20793782213508,2.2236722021903654,0.32883823483208546,0.7589851220043976,0.9113924050632911,0.8273729341920746,0.4697252614891006,0.6800575532799383,0.0876579888852985,61.19304390967277,7.599197000848954,0.12418400058781438,0.18317538820271756,0.41177091263918764
167.label,False,True,False,absent_from_assignment_map,False,False,lcx_has_horizontal_crown_course;lcx_inferior_span_is_limited;lcx_is_more_lateral_than_lad;lcx_has_substantial_absolute_lateral_reach,False,lcx_has_horizontal_crown_course;lcx_inferior_span_is_limited;lcx_is_more_lateral_than_lad;lcx_has_substantial_absolute_lateral_reach,True,True,True,0.0,0.0,0.0,0.0,assignment:absent_from_assignment_map;anatomy:lcx_has_horizontal_crown_course;anatomy:lcx_inferior_span_is_limited;anatomy:lcx_is_more_lateral_than_lad;anatomy:lcx_has_substantial_absolute_lateral_reach;scaffold_anatomy:lcx_has_horizontal_crown_course;scaffold_anatomy:lcx_inferior_span_is_limited;scaffold_anatomy:lcx_is_more_lateral_than_lad;scaffold_anatomy:lcx_has_substantial_absolute_lateral_reach;ellipsoid:c_axis_above_3x_observed_lad_z_extent,144.234409458651,54.229185966405275,90.0052234922457,62.934410651209916,37.783065966574206,25.15134468463571,0.600356237162091,0.4363342345797998,0.6967293587991646,0.8987341772151899,0.7445253365188695,0.5980685107798112,0.49885006659288045,0.40160156777752415,71.95134476343283,21.77852610340727,0.30268407317489876,0.9344049456405786,0.9054831399621834
168.label,False,True,True,absent_from_assignment_map,False,False,lcx_is_more_lateral_than_lad,True,,True,True,True,0.0,0.0,0.0,0.0,assignment:absent_from_assignment_map;anatomy:lcx_is_more_lateral_than_lad,114.08096356587728,133.19796112897873,-19.11699756310145,64.53562274488377,30.01936125279355,34.516261492090216,0.46515955027602823,0.5657001898271746,0.3226504288949445,0.9873417721518988,0.6744987586626345,0.743720307099785,0.47963917902535314,0.5002385996289113,54.7176997071586,66.63076154858648,1.2177186158260471,0.9416257303478474,0.9623234699966691
169.label,False,True,False,absent_from_assignment_map,False,False,lad_is_dominant_descending_branch;lcx_is_not_apex_descending_branch;lcx_has_horizontal_crown_course;lcx_inferior_span_is_limited;lcx_is_more_lateral_than_lad;lcx_has_substantial_absolute_lateral_reach,False,lad_is_dominant_descending_branch;lcx_is_not_apex_descending_branch;lcx_has_horizontal_crown_course;lcx_inferior_span_is_limited;lcx_is_more_lateral_than_lad;lcx_has_substantial_absolute_lateral_reach,True,True,True,0.0,0.0,0.0,0.0,assignment:absent_from_assignment_map;anatomy:lad_is_dominant_descending_branch;anatomy:lcx_is_not_apex_descending_branch;anatomy:lcx_has_horizontal_crown_course;anatomy:lcx_inferior_span_is_limited;anatomy:lcx_is_more_lateral_than_lad;anatomy:lcx_has_substantial_absolute_lateral_reach;scaffold_anatomy:lad_is_dominant_descending_branch;scaffold_anatomy:lcx_is_not_apex_descending_branch;scaffold_anatomy:lcx_has_horizontal_crown_course;scaffold_anatomy:lcx_inferior_span_is_limited;scaffold_anatomy:lcx_is_more_lateral_than_lad;scaffold_anatomy:lcx_has_substantial_absolute_lateral_reach;ellipsoid:c_axis_above_3x_observed_lad_z_extent,70.3881010219313,64.73536632994058,5.65273469199073,33.881370068408806,40.283624138504095,-6.402254070095289,1.1889608967160625,0.48135081890974946,0.6222815506007668,0.9746835443037974,0.7665144754438711,0.632392902707826,0.6315257920282848,0.17778332127239863,44.45190124724209,11.508868429922241,0.2589061009091547,0.740292734130206,0.5193386674645589
170.label,False,True,False,absent_from_assignment_map,False,False,lcx_is_more_lateral_than_lad;lcx_has_substantial_absolute_lateral_reach,False,lcx_is_more_lateral_than_lad;lcx_has_substantial_absolute_lateral_reach,True,True,True,0.0,0.0,0.0,0.0,assignment:absent_from_assignment_map;anatomy:lcx_is_more_lateral_than_lad;anatomy:lcx_has_substantial_absolute_lateral_reach;scaffold_anatomy:lcx_is_more_lateral_than_lad;scaffold_anatomy:lcx_has_substantial_absolute_lateral_reach;ellipsoid:underconstrained_crown_axis_ratio_gt_4;ellipsoid:underconstrained_crown_major_axis_gt_250mm,134.85116790025913,53.16972276068261,81.68144513957651,40.3578675037206,-10.374537804893912,50.73240530861451,-0.25706357760199994,0.29927710773384447,0.1951211566701184,0.8354430379746836,0.8676059546397283,0.862233145808946,0.6194150888886205,0.27415989346441816,83.5288481516733,14.577005527601393,0.1745146239911292,0.41221709593313466,0.6352832415197147
172.label,False,True,True,absent_from_assignment_map,False,True,,True,,True,True,True,0.0,0.0,0.0,0.0,assignment:absent_from_assignment_map,161.14569027570434,115.8926054364197,45.25308483928464,72.39201302112811,27.904303297141134,44.487709723986974,0.38546107688699127,0.4492333173619011,0.36632976224280767,0.8734177215189873,0.7010258568463856,0.7302310963604056,0.49527427161107374,0.5351175968700379,79.81131437456315,62.0161725161444,0.7770348477797995,0.8607991052717727,0.9857652422156155
173.label,False,True,True,absent_from_assignment_map,False,False,lad_has_minimum_inferior_reach;lad_has_longitudinal_course;lad_descent_is_sustained;lcx_has_substantial_absolute_lateral_reach,False,lad_has_minimum_inferior_reach;lad_has_longitudinal_course;lad_descent_is_sustained;lcx_has_substantial_absolute_lateral_reach,True,True,True,0.0,0.0,0.0,0.0,assignment:absent_from_assignment_map;anatomy:lad_has_minimum_inferior_reach;anatomy:lad_has_longitudinal_course;anatomy:lad_descent_is_sustained;anatomy:lcx_has_substantial_absolute_lateral_reach;scaffold_anatomy:lad_has_minimum_inferior_reach;scaffold_anatomy:lad_has_longitudinal_course;scaffold_anatomy:lad_descent_is_sustained;scaffold_anatomy:lcx_has_substantial_absolute_lateral_reach,185.48977574974663,59.79596291185245,125.69381283789417,21.88162736600283,-10.212547003328565,32.0941743693314,-0.4667178922530987,0.11796675734583026,0.1832274526658658,0.5189873417721519,0.812512172428447,0.8585542187887262,0.4772854636929871,0.6307131294992896,88.53157362902601,37.71409889955791,0.4259960300445054,0.8008390853125023,0.7569756086086182
174.label,False,True,True,unresolved_manual_review,False,False,lcx_has_substantial_absolute_lateral_reach,False,lcx_has_substantial_absolute_lateral_reach,True,True,True,0.0,0.0,0.0,0.0,assignment:unresolved_manual_review;anatomy:lcx_has_substantial_absolute_lateral_reach;scaffold_anatomy:lcx_has_substantial_absolute_lateral_reach,171.6035240336088,89.12098748597742,82.48253654763138,82.26209898160559,-6.866364262079604,89.12846324368519,-0.08346935401703005,0.47937301663743476,0.17037048448210185,0.9367088607594937,0.772657588097972,0.8888263407667897,0.46185700057966206,0.5695778853955219,79.25628889906251,50.76134359662379,0.6404708610728835,0.842674749255378,0.9991818229617392
175.label,False,True,True,unresolved_manual_review,False,True,,True,,True,True,True,0.0,0.0,0.0,0.0,assignment:unresolved_manual_review,163.31610855627775,97.70851868845531,65.60758986782244,64.97821507840993,16.195121297529106,48.783093780880826,0.24923924546074824,0.39786776486912695,0.19001478244533093,0.759493670886076,0.6128935671171052,0.8531354072389625,0.43939023199596855,0.676040436191166,71.75950282722167,66.05490959373603,0.9205040028326168,0.9767322846407337,0.9879190631616425
177.label,False,True,True,resolved_existing_assignment,True,True,,False,lcx_inferior_span_is_limited,True,True,True,0.0,0.0,0.0,0.0,scaffold_anatomy:lcx_inferior_span_is_limited,123.60547235548401,66.69568732332668,56.90978503215733,80.45224635211434,30.9419099226266,49.510336429487744,0.3845997013831476,0.6508793245070668,0.4690931664460472,0.9620253164556962,0.5497943853282551,0.7592754113028016,0.26821118999759247,0.6131658203972902,33.15237083067888,40.89551583456875,1.2335623308341024,0.9910640084277865,0.9862176393867479
178.label,False,True,True,absent_from_assignment_map,False,True,,True,,True,True,True,0.0,0.0,0.0,0.0,assignment:absent_from_assignment_map,122.7268480211414,123.23346217049206,-0.5066141493506677,47.91016697723166,5.624831558749559,42.285335418482106,0.11740371436030783,0.39038048927141417,0.20316212687580237,0.8860759493670886,0.8188061633740568,0.8347714840907877,0.5790943297473621,0.6419141936423515,71.07042179680924,79.10530849892663,1.1130552837450323,0.8678632730635015,0.9995198394804798
179.label,False,True,True,absent_from_assignment_map,False,False,lcx_has_horizontal_crown_course;lcx_inferior_span_is_limited;lcx_has_substantial_absolute_lateral_reach,False,lcx_has_horizontal_crown_course;lcx_inferior_span_is_limited;lcx_has_substantial_absolute_lateral_reach,True,True,True,0.0,0.0,0.0,0.0,assignment:absent_from_assignment_map;anatomy:lcx_has_horizontal_crown_course;anatomy:lcx_inferior_span_is_limited;anatomy:lcx_has_substantial_absolute_lateral_reach;scaffold_anatomy:lcx_has_horizontal_crown_course;scaffold_anatomy:lcx_inferior_span_is_limited;scaffold_anatomy:lcx_has_substantial_absolute_lateral_reach,142.8973367028512,53.554092100966045,89.34324460188515,91.69938005781654,26.93234590396495,64.7670341538516,0.2937025952300232,0.6417151094180392,0.510701166478794,0.9367088607594937,0.5840712216796511,0.6183648099473172,0.20098850338326188,0.4126311747658548,28.72072184136012,22.098087937140406,0.7694126930095957,0.9177784368472297,0.9999929999744438
180.label,False,True,True,unresolved_manual_review,False,False,lad_is_dominant_descending_branch;lcx_is_not_apex_descending_branch;lcx_has_horizontal_crown_course;lcx_inferior_span_is_limited;lcx_is_more_lateral_than_lad;lcx_has_substantial_absolute_lateral_reach,False,lad_is_dominant_descending_branch;lcx_is_not_apex_descending_branch;lcx_has_horizontal_crown_course;lcx_inferior_span_is_limited;lcx_is_more_lateral_than_lad;lcx_has_substantial_absolute_lateral_reach,True,True,True,0.0,0.0,0.0,0.0,assignment:unresolved_manual_review;anatomy:lad_is_dominant_descending_branch;anatomy:lcx_is_not_apex_descending_branch;anatomy:lcx_has_horizontal_crown_course;anatomy:lcx_inferior_span_is_limited;anatomy:lcx_is_more_lateral_than_lad;anatomy:lcx_has_substantial_absolute_lateral_reach;scaffold_anatomy:lad_is_dominant_descending_branch;scaffold_anatomy:lcx_is_not_apex_descending_branch;scaffold_anatomy:lcx_has_horizontal_crown_course;scaffold_anatomy:lcx_inferior_span_is_limited;scaffold_anatomy:lcx_is_more_lateral_than_lad;scaffold_anatomy:lcx_has_substantial_absolute_lateral_reach,75.85699523405722,82.07880413350787,-6.22180889945065,35.79369137041615,55.91117549385804,-20.11748412344189,1.5620399392522337,0.47185749000437593,0.6811889632664963,0.9873417721518988,0.7609934787395095,0.5857233326084239,0.6000497803493507,0.21288197162326364,45.51797332815778,17.473097652420837,0.3838724876094569,0.6151309646020601,0.6475869556970562
181.label,False,True,False,unresolved_manual_review,False,True,,True,,True,True,True,0.0,0.0,0.0,0.0,assignment:unresolved_manual_review;ellipsoid:c_axis_below_45pct_of_observed_lad_z_extent,211.23974775149935,94.9897269172327,116.25002083426665,79.5367854386959,-0.44006965184694113,79.97685509054284,-0.005532907187783331,0.3765237664090676,0.08628565128938474,0.759493670886076,0.7096818767580665,0.9537865073272076,0.39968703056158433,0.7331924503606426,84.42978751537488,69.64575063753414,0.8248954863809347,0.8031054831153817,0.9633736767158859
182.label,False,True,False,unresolved_manual_review,False,False,lad_has_minimum_inferior_reach;lad_is_dominant_descending_branch;lcx_is_not_apex_descending_branch;lcx_has_horizontal_crown_course;lcx_inferior_span_is_limited;lcx_is_more_lateral_than_lad;lcx_has_substantial_absolute_lateral_reach,False,lad_has_minimum_inferior_reach;lad_is_dominant_descending_branch;lcx_is_not_apex_descending_branch;lcx_has_horizontal_crown_course;lcx_inferior_span_is_limited;lcx_is_more_lateral_than_lad;lcx_has_substantial_absolute_lateral_reach,True,True,True,0.0,0.0,0.0,0.0,assignment:unresolved_manual_review;anatomy:lad_has_minimum_inferior_reach;anatomy:lad_is_dominant_descending_branch;anatomy:lcx_is_not_apex_descending_branch;anatomy:lcx_has_horizontal_crown_course;anatomy:lcx_inferior_span_is_limited;anatomy:lcx_is_more_lateral_than_lad;anatomy:lcx_has_substantial_absolute_lateral_reach;scaffold_anatomy:lad_has_minimum_inferior_reach;scaffold_anatomy:lad_is_dominant_descending_branch;scaffold_anatomy:lcx_is_not_apex_descending_branch;scaffold_anatomy:lcx_has_horizontal_crown_course;scaffold_anatomy:lcx_inferior_span_is_limited;scaffold_anatomy:lcx_is_more_lateral_than_lad;scaffold_anatomy:lcx_has_substantial_absolute_lateral_reach;ellipsoid:c_axis_above_3x_observed_lad_z_extent,38.23510163268844,61.68801067139118,-23.452909038702742,22.222164614237368,46.41213627981993,-24.189971665582565,2.0885515468679614,0.5811980004059649,0.7523688278270954,1.0,0.7241301707759297,0.5351104613004317,0.6191608205409521,0.23168588299551834,23.67367690036207,14.292241222638225,0.6037186907125371,0.25786361911678013,0.5316366438448079
183.label,False,True,False,unresolved_manual_review,False,True,,True,,True,True,True,0.0,0.0,0.0,0.0,assignment:unresolved_manual_review;ellipsoid:c_axis_below_45pct_of_observed_lad_z_extent,131.60102440617618,131.4357173114485,0.16530709472766603,63.43127604264452,31.333870176094273,32.09740586655025,0.4939813942104629,0.48199682585196973,0.36880462896083394,0.8607594936708861,0.69998249327435,0.7140606367157948,0.487024926469297,0.5299240528788134,64.09297923470211,69.65094801071682,1.0867172792149664,0.9020691514440685,0.9976975612822806
184.label,False,True,True,absent_from_assignment_map,False,True,,True,,True,True,True,0.0,0.0,0.0,0.0,assignment:absent_from_assignment_map,114.68545525996998,72.8530819549381,41.83237330503188,75.51826723238467,-5.7959508374765205,81.3142180698612,-0.076748991335318,0.6584816449583708,0.12800652440927524,1.0,0.5890941069002663,0.9397267253367263,0.29273244286849287,0.6951161367500764,33.57215347973626,50.64135287885328,1.508433258814326,0.8561879352985724,0.9996571892836573
185.label,False,True,True,unresolved_manual_review,False,True,,True,,True,True,True,0.0,0.0,0.0,0.0,assignment:unresolved_manual_review,106.08478907658618,84.55969125952535,21.525097817060825,54.223616485177146,17.023739633303578,37.19987685187357,0.31395433829016695,0.5111346966626035,0.26509977679579994,0.9240506329113924,0.6820502583040827,0.8828851027587241,0.5642799077825789,0.6898291315361008,59.861514997270376,58.33173838451919,0.9744447394486935,0.9931764200890243,0.8960050857358947
186.label,False,True,False,unresolved_manual_review,False,False,lad_has_minimum_inferior_reach;lad_is_dominant_descending_branch;lcx_is_not_apex_descending_branch;lcx_inferior_span_is_limited;lcx_is_more_lateral_than_lad;lcx_has_substantial_absolute_lateral_reach,False,lad_has_minimum_inferior_reach;lad_is_dominant_descending_branch;lcx_is_not_apex_descending_branch;lcx_inferior_span_is_limited;lcx_is_more_lateral_than_lad;lcx_has_substantial_absolute_lateral_reach,True,True,True,0.0,0.0,0.0,0.0,assignment:unresolved_manual_review;anatomy:lad_has_minimum_inferior_reach;anatomy:lad_is_dominant_descending_branch;anatomy:lcx_is_not_apex_descending_branch;anatomy:lcx_inferior_span_is_limited;anatomy:lcx_is_more_lateral_than_lad;anatomy:lcx_has_substantial_absolute_lateral_reach;scaffold_anatomy:lad_has_minimum_inferior_reach;scaffold_anatomy:lad_is_dominant_descending_branch;scaffold_anatomy:lcx_is_not_apex_descending_branch;scaffold_anatomy:lcx_inferior_span_is_limited;scaffold_anatomy:lcx_is_more_lateral_than_lad;scaffold_anatomy:lcx_has_substantial_absolute_lateral_reach;ellipsoid:c_axis_above_3x_observed_lad_z_extent,25.816701033031013,60.261806611542454,-34.445105578511445,7.109128915065847,35.50028253264371,-28.391153617577864,4.993619184118409,0.2753693783713929,0.5891008671791801,0.810126582278481,0.8986234963584858,0.6901736957473915,0.8259453242974317,0.389949751853369,21.32318350701664,23.49907653440669,1.1020435352288764,-0.06628729110523544,0.8703320982382217
187.label,False,True,True,absent_from_assignment_map,False,False,lad_has_minimum_inferior_reach;lad_is_dominant_descending_branch;lad_has_longitudinal_course;lad_descent_is_sustained;lcx_is_more_lateral_than_lad,False,lad_has_minimum_inferior_reach;lad_is_dominant_descending_branch;lad_has_longitudinal_course;lad_descent_is_sustained;lcx_is_more_lateral_than_lad,True,True,True,0.0,0.0,0.0,0.0,assignment:absent_from_assignment_map;anatomy:lad_has_minimum_inferior_reach;anatomy:lad_is_dominant_descending_branch;anatomy:lad_has_longitudinal_course;anatomy:lad_descent_is_sustained;anatomy:lcx_is_more_lateral_than_lad;scaffold_anatomy:lad_has_minimum_inferior_reach;scaffold_anatomy:lad_is_dominant_descending_branch;scaffold_anatomy:lad_has_longitudinal_course;scaffold_anatomy:lad_descent_is_sustained;scaffold_anatomy:lcx_is_more_lateral_than_lad,195.23753805324432,210.13285880590547,-14.89532075266115,18.570560399234008,10.554235463558179,8.01632493567583,0.5683315547113762,0.09511777593799368,0.21388003644149045,0.5822784810126582,0.8030910463993509,0.7825906484279834,0.46154577093263305,0.39839347249975054,90.11106001577393,83.71555930598447,0.929026462360226,0.9456093106076014,0.9938154009161151
188.label,False,True,True,unresolved_manual_review,False,False,lad_descent_is_sustained,False,lad_descent_is_sustained,True,True,True,0.0,0.0,0.0,0.0,assignment:unresolved_manual_review;anatomy:lad_descent_is_sustained;scaffold_anatomy:lad_descent_is_sustained,127.92373223772013,126.13486018748509,1.7888720502350424,32.0887536869278,-36.42325647421648,68.51201016114427,-1.135078564583032,0.25084285085817704,0.2979158880617923,0.6962025316455697,0.8302335702529842,0.9039417549953468,0.6044072401692658,0.7016763384168996,77.31802995395256,88.5058468430821,1.144698680188729,0.8901517311740171,0.9968465782180264
189.label,True,True,True,resolved_existing_assignment,True,True,,True,,True,True,True,0.0,0.0,0.0,0.0,,176.0893174174206,93.86310567808955,82.22621173933105,59.49388629827818,-1.5704562014162007,61.064342499694376,-0.026396934191566697,0.3378619848769566,0.10673324761713794,0.7721518987341772,0.730559296574741,0.8896409194704588,0.3947264711329769,0.6503326970815817,69.50711486839307,61.042246672085504,0.8782158026220018,0.9681670006115782,0.8318341854668059
190.label,False,True,True,resolved_existing_assignment,True,False,lad_is_dominant_descending_branch;lcx_is_not_apex_descending_branch;lad_has_longitudinal_course;lad_descent_is_sustained;lcx_is_more_lateral_than_lad,False,lad_is_dominant_descending_branch;lcx_is_not_apex_descending_branch;lad_has_longitudinal_course;lad_descent_is_sustained;lcx_is_more_lateral_than_lad,True,True,True,0.0,0.0,0.0,0.0,anatomy:lad_is_dominant_descending_branch;anatomy:lcx_is_not_apex_descending_branch;anatomy:lad_has_longitudinal_course;anatomy:lad_descent_is_sustained;anatomy:lcx_is_more_lateral_than_lad;scaffold_anatomy:lad_is_dominant_descending_branch;scaffold_anatomy:lcx_is_not_apex_descending_branch;scaffold_anatomy:lad_has_longitudinal_course;scaffold_anatomy:lad_descent_is_sustained;scaffold_anatomy:lcx_is_more_lateral_than_lad,168.64650438484625,164.938370025578,3.708134359268257,33.3114812181157,24.807825039314668,8.503656178801034,0.7447229643400993,0.197522512189757,0.3078712556381972,0.6582278481012658,0.6821965252155079,0.7710037000414012,0.48409559606581,0.42046360741604494,81.64103006459739,69.35058206227698,0.8494574603897606,0.9691256180658518,0.8402363849237617
191.label,False,True,True,unresolved_manual_review,False,False,lcx_has_substantial_absolute_lateral_reach,False,lcx_has_substantial_absolute_lateral_reach,True,True,True,0.0,0.0,0.0,0.0,assignment:unresolved_manual_review;anatomy:lcx_has_substantial_absolute_lateral_reach;scaffold_anatomy:lcx_has_substantial_absolute_lateral_reach,141.757828896659,38.21995785683437,103.53787103982462,39.77311083858656,-8.267356298935443,48.040467137522,-0.20786295375504615,0.2805708238349293,0.24865451643579284,0.7848101265822784,0.8514314605162822,0.886210797194423,0.5583931542453331,0.6758572963787016,79.15660121657564,25.831237384827993,0.32633080485798893,0.6261081665098355,0.9895776116063917
192.label,False,True,False,resolved_existing_assignment,True,True,,True,,True,True,True,0.0,0.0,0.0,0.0,ellipsoid:c_axis_below_45pct_of_observed_lad_z_extent,162.44817326293432,93.90044474111635,68.54772852181797,69.59734821649808,22.3619741143207,47.235374102177374,0.32130497335557656,0.4284280138001284,0.27791058766455723,0.8607594936708861,0.7342932826576816,0.8264177276500261,0.4651073398728982,0.6544379921558655,75.55583773353504,61.45201851891898,0.8133325016611369,0.8558146312536955,0.9908477195571934
193.label,False,True,True,unresolved_manual_review,False,False,lcx_is_not_apex_descending_branch;lcx_has_horizontal_crown_course;lcx_inferior_span_is_limited;lcx_is_more_lateral_than_lad;lcx_has_substantial_absolute_lateral_reach,False,lcx_is_not_apex_descending_branch;lcx_has_horizontal_crown_course;lcx_inferior_span_is_limited;lcx_is_more_lateral_than_lad;lcx_has_substantial_absolute_lateral_reach,True,True,True,0.0,0.0,0.0,0.0,assignment:unresolved_manual_review;anatomy:lcx_is_not_apex_descending_branch;anatomy:lcx_has_horizontal_crown_course;anatomy:lcx_inferior_span_is_limited;anatomy:lcx_is_more_lateral_than_lad;anatomy:lcx_has_substantial_absolute_lateral_reach;scaffold_anatomy:lcx_is_not_apex_descending_branch;scaffold_anatomy:lcx_has_horizontal_crown_course;scaffold_anatomy:lcx_inferior_span_is_limited;scaffold_anatomy:lcx_is_more_lateral_than_lad;scaffold_anatomy:lcx_has_substantial_absolute_lateral_reach,123.90119173250355,70.22203765231856,53.679154080184986,72.97132537828759,48.39222808857936,24.57909728970823,0.6631677283879831,0.5889477280882739,0.6998177297054128,0.9367088607594937,0.568857718845682,0.5507486805081696,0.40548467552572554,0.377562482460793,50.24003452690491,26.51320685946467,0.5277306655763966,0.913374065574095,0.9983735208659349
194.label,False,True,True,unresolved_manual_review,False,True,,False,lcx_inferior_span_is_limited,True,True,True,0.0,0.0,0.0,0.0,assignment:unresolved_manual_review;scaffold_anatomy:lcx_inferior_span_is_limited,133.02181664134537,79.28480332937418,53.73701331197118,63.97531135821062,37.42005905166183,26.555252306548788,0.5849140591460259,0.4809384879376699,0.4719701314791317,0.7848101265822784,0.6432469536255419,0.7454507109169941,0.44183688430497287,0.5997970158989309,58.77394500939943,47.55478844309226,0.8091134334352927,0.8509741067848682,0.6713464746625764
195.label,False,True,True,absent_from_assignment_map,False,False,lad_has_minimum_inferior_reach;lad_is_dominant_descending_branch;lcx_is_not_apex_descending_branch;lad_has_longitudinal_course;lad_descent_is_sustained;lcx_inferior_span_is_limited;lcx_is_more_lateral_than_lad;lcx_has_substantial_absolute_lateral_reach,False,lad_has_minimum_inferior_reach;lad_is_dominant_descending_branch;lcx_is_not_apex_descending_branch;lad_has_longitudinal_course;lad_descent_is_sustained;lcx_inferior_span_is_limited;lcx_is_more_lateral_than_lad;lcx_has_substantial_absolute_lateral_reach,True,True,True,0.0,0.0,0.0,0.0,assignment:absent_from_assignment_map;anatomy:lad_has_minimum_inferior_reach;anatomy:lad_is_dominant_descending_branch;anatomy:lcx_is_not_apex_descending_branch;anatomy:lad_has_longitudinal_course;anatomy:lad_descent_is_sustained;anatomy:lcx_inferior_span_is_limited;anatomy:lcx_is_more_lateral_than_lad;anatomy:lcx_has_substantial_absolute_lateral_reach;scaffold_anatomy:lad_has_minimum_inferior_reach;scaffold_anatomy:lad_is_dominant_descending_branch;scaffold_anatomy:lcx_is_not_apex_descending_branch;scaffold_anatomy:lad_has_longitudinal_course;scaffold_anatomy:lad_descent_is_sustained;scaffold_anatomy:lcx_inferior_span_is_limited;scaffold_anatomy:lcx_is_more_lateral_than_lad;scaffold_anatomy:lcx_has_substantial_absolute_lateral_reach,125.30017987102622,80.95874514568479,44.34143472534143,10.025911328053848,50.285919515392074,-40.26000818733823,5.015595876524991,0.08001513915122631,0.6211301746945664,0.5443037974683544,0.7624539577932171,0.6728333306418134,0.5613174206574093,0.41901996693953986,70.33317377311387,33.92333071441147,0.4823233318582202,-0.6133638615815857,0.6930933069475229
196.label,False,True,False,unresolved_manual_review,False,False,lad_has_minimum_inferior_reach;lad_is_dominant_descending_branch;lcx_is_not_apex_descending_branch;lad_has_longitudinal_course;lad_descent_is_sustained;lcx_has_substantial_absolute_lateral_reach,False,lad_has_minimum_inferior_reach;lad_is_dominant_descending_branch;lcx_is_not_apex_descending_branch;lad_has_longitudinal_course;lad_descent_is_sustained;lcx_has_substantial_absolute_lateral_reach,True,True,True,0.0,0.0,0.0,0.0,assignment:unresolved_manual_review;anatomy:lad_has_minimum_inferior_reach;anatomy:lad_is_dominant_descending_branch;anatomy:lcx_is_not_apex_descending_branch;anatomy:lad_has_longitudinal_course;anatomy:lad_descent_is_sustained;anatomy:lcx_has_substantial_absolute_lateral_reach;scaffold_anatomy:lad_has_minimum_inferior_reach;scaffold_anatomy:lad_is_dominant_descending_branch;scaffold_anatomy:lcx_is_not_apex_descending_branch;scaffold_anatomy:lad_has_longitudinal_course;scaffold_anatomy:lad_descent_is_sustained;scaffold_anatomy:lcx_has_substantial_absolute_lateral_reach;ellipsoid:c_axis_above_3x_observed_lad_z_extent,109.13989747039,70.55762203110868,38.58227543928132,5.394741386021318,6.186212869522702,-0.7914714835013843,1.1467116636123134,0.049429599175543744,0.11568661790970483,0.46835443037974683,0.9408321936591834,0.9255862711824075,0.6298029898606857,0.6679364696134582,68.73663373994032,47.12800896377949,0.6856316115520674,-0.12273756884942678,0.9766104826759243
197.label,False,True,False,unresolved_manual_review,False,False,lad_has_minimum_inferior_reach;lad_has_longitudinal_course;lad_descent_is_sustained;lcx_has_substantial_absolute_lateral_reach,False,lad_has_minimum_inferior_reach;lad_has_longitudinal_course;lad_descent_is_sustained;lcx_has_substantial_absolute_lateral_reach,True,True,True,0.0,0.0,0.0,0.0,assignment:unresolved_manual_review;anatomy:lad_has_minimum_inferior_reach;anatomy:lad_has_longitudinal_course;anatomy:lad_descent_is_sustained;anatomy:lcx_has_substantial_absolute_lateral_reach;scaffold_anatomy:lad_has_minimum_inferior_reach;scaffold_anatomy:lad_has_longitudinal_course;scaffold_anatomy:lad_descent_is_sustained;scaffold_anatomy:lcx_has_substantial_absolute_lateral_reach;ellipsoid:c_axis_below_45pct_of_observed_lad_z_extent,208.24443077354522,86.32410346626716,121.92032730727806,24.021825708318616,-7.51473749293783,31.536563201256445,-0.3128295735796435,0.11535398867132768,0.25710095096016733,0.6329113924050633,0.8079611706463574,0.8091406418193884,0.4583841499705476,0.6141710675070114,95.45594638623207,53.01776677746301,0.5554160718594052,0.6083597505044731,0.9974808103712065
198.label,False,True,False,unresolved_manual_review,False,False,lcx_is_not_apex_descending_branch;lcx_inferior_span_is_limited;lcx_is_more_lateral_than_lad;lcx_has_substantial_absolute_lateral_reach,False,lcx_is_not_apex_descending_branch;lcx_inferior_span_is_limited;lcx_is_more_lateral_than_lad;lcx_has_substantial_absolute_lateral_reach,True,True,True,0.0,0.0,0.0,0.0,assignment:unresolved_manual_review;anatomy:lcx_is_not_apex_descending_branch;anatomy:lcx_inferior_span_is_limited;anatomy:lcx_is_more_lateral_than_lad;anatomy:lcx_has_substantial_absolute_lateral_reach;scaffold_anatomy:lcx_is_not_apex_descending_branch;scaffold_anatomy:lcx_inferior_span_is_limited;scaffold_anatomy:lcx_is_more_lateral_than_lad;scaffold_anatomy:lcx_has_substantial_absolute_lateral_reach;ellipsoid:c_axis_above_3x_observed_lad_z_extent,69.03535757698702,40.52749253011648,28.507865046870542,32.791035387479134,21.843575420766754,10.94745996671238,0.6661447301876738,0.47498899894754865,0.5389816654591824,0.8354430379746836,0.6968809863488097,0.7141592843070855,0.5479780997172157,0.39039040068524833,37.829864058335836,15.821544047600582,0.4182289426999486,-0.13841905560219253,0.8999864220418193
199.label,False,True,True,unresolved_manual_review,False,False,lad_has_minimum_inferior_reach;lad_has_longitudinal_course;lad_descent_is_sustained;lcx_has_substantial_absolute_lateral_reach,False,lad_has_minimum_inferior_reach;lad_has_longitudinal_course;lad_descent_is_sustained;lcx_has_substantial_absolute_lateral_reach,True,True,True,0.0,0.0,0.0,0.0,assignment:unresolved_manual_review;anatomy:lad_has_minimum_inferior_reach;anatomy:lad_has_longitudinal_course;anatomy:lad_descent_is_sustained;anatomy:lcx_has_substantial_absolute_lateral_reach;scaffold_anatomy:lad_has_minimum_inferior_reach;scaffold_anatomy:lad_has_longitudinal_course;scaffold_anatomy:lad_descent_is_sustained;scaffold_anatomy:lcx_has_substantial_absolute_lateral_reach,136.84003764152175,59.30925738793568,77.53078025358607,13.803298275916159,-0.3209392406120112,14.12423751652817,-0.02325090961570992,0.1008717807581762,0.09845646273108301,0.569620253164557,0.8159687905560516,0.9257631619576359,0.5540765596390199,0.7786199144927868,75.81985727728835,46.17936891602516,0.6090669459735065,-0.4730589780584172,0.8274728308641731
200.label,False,True,False,unresolved_manual_review,False,False,lcx_inferior_span_is_limited;lcx_has_substantial_absolute_lateral_reach,False,lcx_inferior_span_is_limited;lcx_has_substantial_absolute_lateral_reach,True,True,True,0.0,0.0,0.0,0.0,assignment:unresolved_manual_review;anatomy:lcx_inferior_span_is_limited;anatomy:lcx_has_substantial_absolute_lateral_reach;scaffold_anatomy:lcx_inferior_span_is_limited;scaffold_anatomy:lcx_has_substantial_absolute_lateral_reach;ellipsoid:c_axis_above_3x_observed_lad_z_extent,52.722616364545914,30.570272287733683,22.15234407681223,38.96350444479344,17.601481810234972,21.36202263455847,0.45174277984091843,0.7390282791617112,0.5915097149761601,1.0,0.4925936829005153,0.7074681909830044,0.23202447720966823,0.5019311271651818,12.232937499109665,15.344171227128689,1.2543325123867808,0.997131027124192,0.9729432754368925
